1100|1105|1110|1115|1120|1125|1130|1135|1140|1145|1150|1155|1160|1165|1170|1175|1180|1185|1190|1195|1200|1205|1210|1215|1220|1225|1230|1235|1240|1245|1250|1255|1260|1265|1270|1275|1280|1285|1290|1295|1301|1306|1311|1316|1321|1326|1331|1336|1341|1346|1351|1356|1361|1366|1371|1376|1381|1386|1391|1396|1401|1406|1411|1416|1421|1426|1431|1436|1441|1446|1451|1456|1461|1466|1471|1476|1481|1486|1491|1496|1502|1507|1512|1517|1522|1527|1532|1537|1542|1547|1552|1557|1562|1567|1572|1577|1582|1587|1592|1597|1602|1607|1612|1617|1622|1627|1632|1637|1642|1647|1652|1657|1662|1667|1672|1677|1682|1687|1692|1697|1703|1708|1713|1718|1723|1728|1733|1738|1743|1748|1753|1758|1763|1768|1773|1778|1783|1788|1793|1798|1803|1808|1813|1818|1823|1828|1833|1838|1843|1848|1853|1858|1863|1868|1873|1878|1883|1888|1893|1898|1904|1909|1914|1919|1924|1929|1934|1939|1944|1949|1954|1959|1964|1969|1974|1979|1984|1989|1994|1999|2004|2009|2014|2019|2024|2029|2034|2039|2044|2049|2054|2059|2064|2069|2074|2079|2084|2089|2094|2100
0.514582|0.514197|0.517640|0.518276|0.512056|0.513700|0.521396|0.522500|0.524763|0.521796|0.525702|0.528392|0.528984|0.532212|0.526316|0.528227|0.532639|0.536551|0.534260|0.535038|0.538123|0.535261|0.544743|0.543551|0.547456|0.543326|0.548939|0.544907|0.554177|0.551574|0.554186|0.558173|0.560682|0.561888|0.563225|0.560034|0.565037|0.564599|0.566113|0.570992|0.568736|0.571173|0.574045|0.573420|0.580555|0.582508|0.579276|0.584236|0.589987|0.585034|0.585000|0.588822|0.596786|0.597597|0.596263|0.592830|0.604410|0.603629|0.608470|0.610587|0.609072|0.611991|0.615785|0.617070|0.621372|0.621320|0.625697|0.627243|0.636796|0.634234|0.635768|0.637100|0.647495|0.652391|0.646092|0.650737|0.659053|0.666293|0.663409|0.670024|0.671453|0.678143|0.683710|0.690076|0.692940|0.698635|0.698450|0.704500|0.714641|0.712466|0.717951|0.727164|0.730118|0.738530|0.737220|0.747797|0.747445|0.758906|0.763120|0.767252|0.771637|0.776376|0.780547|0.788654|0.789935|0.796625|0.797323|0.800695|0.803845|0.805795|0.815255|0.814303|0.820256|0.821108|0.821329|0.824417|0.825857|0.825166|0.828462|0.830464|0.827049|0.826720|0.828421|0.824281|0.824621|0.824555|0.823067|0.822276|0.816597|0.817016|0.814413|0.808197|0.801068|0.803337|0.799755|0.790500|0.786727|0.789063|0.781539|0.774709|0.772419|0.768645|0.764529|0.758301|0.753677|0.745612|0.742141|0.729447|0.730526|0.725297|0.723565|0.711187|0.705540|0.702620|0.701056|0.695351|0.691163|0.683638|0.674708|0.677246|0.666215|0.664399|0.657308|0.656260|0.647621|0.639795|0.635819|0.632240|0.629315|0.622985|0.624796|0.615850|0.612189|0.607766|0.604872|0.600108|0.596265|0.588166|0.584120|0.583749|0.578649|0.573530|0.573353|0.570666|0.569187|0.564685|0.562358|0.557276|0.554163|0.551271|0.550003|0.547860|0.544214|0.542333|0.539195|0.534534|0.528912|0.536061|0.527599|0.523183
0.528855|0.531354|0.532416|0.534644|0.533134|0.538454|0.538427|0.540680|0.544379|0.545787|0.543270|0.550941|0.550266|0.552701|0.559822|0.559517|0.559998|0.565602|0.567091|0.568618|0.572263|0.568130|0.577390|0.582261|0.584208|0.581201|0.585340|0.585498|0.591515|0.594386|0.595124|0.600142|0.598528|0.604600|0.607711|0.605581|0.611346|0.614357|0.611522|0.615853|0.614657|0.617152|0.613739|0.619243|0.616614|0.621679|0.622197|0.622042|0.624159|0.628059|0.628985|0.625338|0.627153|0.628953|0.625903|0.628961|0.629530|0.631563|0.628882|0.631239|0.631547|0.629624|0.634285|0.634789|0.635243|0.637473|0.640969|0.640100|0.642486|0.642700|0.647589|0.646625|0.651039|0.655394|0.651190|0.660734|0.661726|0.658308|0.663292|0.665517|0.664827|0.673134|0.678935|0.685079|0.683179|0.692127|0.692950|0.702484|0.701515|0.711269|0.712655|0.716297|0.717768|0.729610|0.733425|0.737873|0.745218|0.751289|0.754005|0.756430|0.764101|0.763684|0.773832|0.777180|0.781766|0.787234|0.789408|0.794110|0.797948|0.799427|0.801355|0.803178|0.810218|0.809512|0.813196|0.815942|0.813074|0.811905|0.820820|0.815539|0.816724|0.814900|0.817552|0.816610|0.808612|0.805145|0.805749|0.799428|0.800786|0.797097|0.793794|0.790229|0.785273|0.784110|0.775420|0.772085|0.762042|0.758343|0.758231|0.755305|0.746380|0.737176|0.732779|0.728304|0.721443|0.716534|0.712049|0.704466|0.698233|0.692339|0.683982|0.681255|0.676005|0.668366|0.660708|0.656375|0.650629|0.646161|0.640336|0.632802|0.632594|0.627669|0.620749|0.614532|0.611444|0.608838|0.603586|0.601583|0.598708|0.590543|0.586659|0.580013|0.580924|0.573731|0.573477|0.569090|0.562190|0.560230|0.557370|0.556067|0.559910|0.550722|0.548897|0.541681|0.545477|0.540698|0.539954|0.538107|0.532295|0.529268|0.532449|0.528198|0.524278|0.525597|0.522270|0.522855|0.519860|0.518308|0.517451|0.517941
0.504561|0.502203|0.498511|0.499797|0.504270|0.501779|0.502398|0.499776|0.501701|0.506189|0.502156|0.504784|0.504677|0.503343|0.502937|0.504560|0.505036|0.504384|0.504094|0.505493|0.505222|0.504331|0.503776|0.502273|0.505038|0.504737|0.508391|0.507613|0.504965|0.506671|0.510550|0.511465|0.509665|0.504921|0.515303|0.511116|0.515414|0.508542|0.511460|0.510817|0.514571|0.514224|0.515150|0.513268|0.520042|0.516169|0.519617|0.519467|0.518826|0.522964|0.519743|0.523540|0.526521|0.527950|0.530236|0.535102|0.539733|0.532756|0.540274|0.539709|0.539403|0.542025|0.550945|0.549849|0.559735|0.564283|0.562688|0.565469|0.573174|0.576302|0.578524|0.588094|0.591455|0.597031|0.608087|0.610070|0.615693|0.621834|0.628318|0.639426|0.642601|0.649254|0.664539|0.672042|0.673605|0.683960|0.695322|0.702655|0.710676|0.723799|0.731580|0.741812|0.754081|0.760939|0.770576|0.784148|0.794842|0.802760|0.810543|0.819126|0.831839|0.846291|0.853809|0.862309|0.864960|0.877185|0.879118|0.895136|0.896976|0.908965|0.913828|0.916850|0.928813|0.928222|0.931853|0.933106|0.937282|0.943633|0.943415|0.941803|0.950751|0.949325|0.946635|0.937227|0.941498|0.939498|0.940041|0.935797|0.931654|0.923784|0.915132|0.914806|0.909011|0.900624|0.893148|0.887170|0.882650|0.872000|0.860393|0.853250|0.842505|0.839167|0.829151|0.817499|0.807074|0.803192|0.793214|0.782227|0.776000|0.765596|0.754790|0.746910|0.738336|0.726699|0.721485|0.708478|0.701223|0.699337|0.688597|0.680620|0.677073|0.664856|0.660885|0.653450|0.646656|0.639744|0.635066|0.633614|0.619477|0.618478|0.611686|0.606388|0.600399|0.598131|0.588089|0.588504|0.583270|0.580752|0.576447|0.572167|0.565856|0.567651|0.562183|0.560342|0.558908|0.553926|0.554056|0.545671|0.543290|0.547034|0.542383|0.543112|0.539240|0.539389|0.533380|0.531356|0.530666|0.524508|0.530972|0.524583
0.532374|0.536457|0.539817|0.549034|0.545050|0.551459|0.552869|0.558222|0.555259|0.563839|0.566370|0.570762|0.573180|0.574225|0.571587|0.580986|0.585152|0.588879|0.591031|0.596267|0.598887|0.602928|0.605399|0.610326|0.614158|0.616298|0.622312|0.623283|0.630899|0.631525|0.632656|0.635680|0.641509|0.645933|0.645533|0.653401|0.656448|0.654913|0.660164|0.658609|0.663317|0.664257|0.668609|0.669367|0.671622|0.676917|0.678357|0.681372|0.685612|0.684431|0.685525|0.680757|0.693017|0.691734|0.692059|0.694948|0.695001|0.695246|0.699855|0.704251|0.702790|0.700214|0.702849|0.704976|0.710202|0.715241|0.712326|0.717802|0.715447|0.715691|0.717262|0.719078|0.721182|0.725322|0.723138|0.724297|0.728750|0.730884|0.736449|0.736208|0.735981|0.743123|0.743148|0.745852|0.745944|0.745637|0.748643|0.748509|0.756094|0.760222|0.758911|0.765459|0.764235|0.766038|0.773218|0.772800|0.770540|0.772972|0.779006|0.776494|0.781998|0.781564|0.779875|0.786351|0.785674|0.789173|0.794401|0.786859|0.787250|0.786123|0.782494|0.784631|0.785412|0.784890|0.784897|0.785545|0.783299|0.788539|0.780631|0.780126|0.775375|0.772665|0.773237|0.765150|0.763050|0.760719|0.757440|0.755656|0.744873|0.740400|0.736352|0.729803|0.721226|0.722339|0.712697|0.706630|0.703470|0.695171|0.690885|0.685429|0.676905|0.664848|0.664375|0.661822|0.650939|0.642052|0.639128|0.634770|0.628749|0.624633|0.613729|0.608405|0.604778|0.597938|0.589939|0.589929|0.584668|0.577775|0.576471|0.571930|0.563385|0.556096|0.558641|0.552897|0.551139|0.544838|0.540257|0.540310|0.535680|0.532831|0.530833|0.527968|0.518693|0.521655|0.519783|0.520112|0.518544|0.514300|0.515117|0.509637|0.514635|0.511672|0.508849|0.508982|0.506002|0.510263|0.504213|0.504282|0.505190|0.503017|0.512238|0.499190|0.504917|0.501847|0.502707|0.498346|0.498670|0.499742|0.502348|0.501351
0.527283|0.522922|0.534907|0.529420|0.530984|0.535167|0.536174|0.542138|0.544006|0.540735|0.550003|0.549436|0.556220|0.550312|0.559210|0.558332|0.565373|0.565103|0.569954|0.571811|0.577881|0.579828|0.584223|0.584505|0.585842|0.590062|0.593229|0.594025|0.598863|0.604771|0.610152|0.612592|0.614308|0.618687|0.621873|0.623611|0.633874|0.630096|0.633684|0.635206|0.640745|0.647972|0.650398|0.651406|0.658743|0.660811|0.659833|0.668231|0.672392|0.675255|0.677646|0.677505|0.682345|0.685236|0.690833|0.696096|0.696504|0.698929|0.698163|0.706489|0.705893|0.705307|0.709143|0.714956|0.713374|0.714190|0.717346|0.715668|0.716656|0.720292|0.722281|0.721230|0.722927|0.721666|0.725468|0.722865|0.723933|0.726292|0.723171|0.720965|0.723500|0.722976|0.718711|0.713271|0.713504|0.711239|0.707876|0.704770|0.700369|0.703620|0.698924|0.695307|0.690137|0.683499|0.683366|0.679658|0.675250|0.669577|0.664511|0.663292|0.661048|0.662411|0.654250|0.652939|0.648890|0.643906|0.638340|0.636755|0.636080|0.632343|0.633058|0.626300|0.628885|0.621636|0.619136|0.621708|0.619920|0.616297|0.623138|0.620724|0.619931|0.616672|0.624417|0.623262|0.622256|0.626069|0.627563|0.630615|0.634151|0.633879|0.636732|0.639981|0.639669|0.641974|0.646222|0.652179|0.652448|0.661178|0.660746|0.661369|0.669151|0.673068|0.671396|0.676235|0.678314|0.684829|0.687107|0.690583|0.690853|0.695236|0.696781|0.696649|0.703348|0.698884|0.699465|0.705017|0.703515|0.707910|0.706288|0.703042|0.709042|0.703474|0.705639|0.700790|0.696852|0.697998|0.695287|0.694714|0.690749|0.687010|0.682536|0.676953|0.678258|0.674780|0.668363|0.665933|0.658770|0.653432|0.650309|0.647308|0.636696|0.637103|0.631506|0.626463|0.622174|0.614338|0.611749|0.604338|0.598356|0.596894|0.593067|0.589583|0.579302|0.580810|0.571197|0.563448|0.560608|0.557799|0.555223|0.553622
0.588304|0.592942|0.599300|0.604013|0.611303|0.618475|0.623463|0.636659|0.638806|0.645184|0.656348|0.657542|0.667115|0.675024|0.685274|0.695946|0.697578|0.709286|0.714903|0.724354|0.731069|0.744558|0.747929|0.756287|0.763301|0.770508|0.777812|0.789816|0.793098|0.799532|0.802160|0.811580|0.818692|0.820379|0.828487|0.834555|0.834584|0.842881|0.845274|0.851323|0.845999|0.849989|0.853190|0.860941|0.854743|0.852773|0.853731|0.857283|0.856283|0.852804|0.850786|0.852611|0.845938|0.844007|0.844483|0.839816|0.835356|0.831553|0.828712|0.826822|0.821217|0.819904|0.816156|0.809346|0.803454|0.802146|0.798077|0.789402|0.784865|0.779971|0.776743|0.768648|0.765359|0.760214|0.760569|0.756389|0.747490|0.743030|0.736703|0.736160|0.730068|0.721416|0.717086|0.716972|0.715670|0.701684|0.703515|0.697429|0.693575|0.691044|0.680661|0.683834|0.677928|0.672765|0.668739|0.664379|0.663525|0.657982|0.656244|0.651915|0.645685|0.638263|0.640840|0.638548|0.634589|0.623862|0.626214|0.621551|0.621505|0.620659|0.611727|0.616930|0.608902|0.605190|0.598520|0.601331|0.594805|0.589815|0.594258|0.587515|0.590228|0.583510|0.578552|0.581176|0.574286|0.574703|0.572158|0.572751|0.564225|0.565294|0.564779|0.562032|0.560287|0.555158|0.549986|0.550497|0.550585|0.549239|0.548968|0.538483|0.539904|0.540445|0.537387|0.533276|0.533255|0.528806|0.526949|0.531054|0.526056|0.527687|0.524740|0.522816|0.520312|0.519742|0.520638|0.515827|0.514301|0.519349|0.512773|0.514165|0.512250|0.506097|0.507916|0.511383|0.507156|0.508038|0.507088|0.503870|0.503798|0.504888|0.501677|0.503448|0.500239|0.503782|0.497141|0.499655|0.498955|0.502849|0.505068|0.500850|0.499355|0.497255|0.497352|0.495463|0.498045|0.497546|0.492711|0.498094|0.496365|0.494927|0.494762|0.494363|0.493482|0.495097|0.493822|0.496920|0.497797|0.496975|0.491770|0.495373
0.502706|0.508204|0.509894|0.506049|0.509905|0.504782|0.509762|0.509026|0.509550|0.513184|0.513073|0.514654|0.515535|0.513968|0.518306|0.517516|0.517292|0.522014|0.526376|0.528235|0.526805|0.527693|0.528129|0.531744|0.537630|0.537849|0.545166|0.542935|0.535696|0.545584|0.547216|0.552972|0.557561|0.559158|0.564667|0.567339|0.575117|0.576577|0.583193|0.584523|0.589517|0.593852|0.600957|0.604896|0.608545|0.611834|0.625603|0.629064|0.629977|0.634770|0.641606|0.652764|0.650886|0.655359|0.663030|0.675332|0.676721|0.682342|0.690548|0.698930|0.700467|0.714335|0.715880|0.720729|0.726920|0.736234|0.736046|0.741015|0.748054|0.752131|0.759800|0.757897|0.758967|0.767214|0.770631|0.771238|0.776785|0.775232|0.772235|0.776596|0.780864|0.774430|0.776571|0.777044|0.778252|0.771927|0.777135|0.778268|0.770663|0.767082|0.770897|0.761093|0.761855|0.761387|0.750278|0.749381|0.744649|0.747681|0.739870|0.735595|0.728193|0.732478|0.725818|0.716976|0.719664|0.709451|0.707999|0.703446|0.697949|0.699984|0.693471|0.683448|0.683670|0.687590|0.679644|0.674180|0.676840|0.670855|0.673134|0.668691|0.672771|0.667975|0.669412|0.663655|0.669674|0.667525|0.666340|0.668886|0.664635|0.665006|0.666091|0.670338|0.674963|0.672515|0.672577|0.680507|0.680594|0.678842|0.679280|0.675035|0.682606|0.682835|0.685441|0.687576|0.689521|0.693501|0.692589|0.692592|0.693035|0.697142|0.697095|0.697781|0.700479|0.698346|0.703083|0.700291|0.700016|0.701759|0.700469|0.699743|0.697858|0.693971|0.691129|0.691565|0.690745|0.687965|0.683107|0.682777|0.685138|0.679706|0.674537|0.670157|0.667016|0.661814|0.663119|0.655051|0.646049|0.648180|0.638849|0.642637|0.631454|0.628008|0.625518|0.618190|0.610326|0.613675|0.602697|0.602356|0.596669|0.593985|0.587921|0.583856|0.581686|0.574240|0.575118|0.569951|0.568336|0.565675|0.557119|0.553384
0.543882|0.547570|0.553556|0.556012|0.561932|0.563461|0.566754|0.569394|0.570861|0.575434|0.580683|0.591518|0.591356|0.599134|0.603376|0.613103|0.613911|0.616053|0.617910|0.628625|0.633327|0.646452|0.642716|0.648528|0.657481|0.657977|0.666674|0.671296|0.673375|0.682071|0.687152|0.694310|0.699071|0.705637|0.709065|0.712772|0.724264|0.727335|0.735555|0.739569|0.743084|0.752325|0.758102|0.760837|0.765733|0.775514|0.777456|0.783335|0.782932|0.789915|0.797503|0.798961|0.808476|0.812361|0.817503|0.820708|0.823372|0.827474|0.830435|0.837687|0.836918|0.839330|0.845717|0.846303|0.855204|0.849656|0.857271|0.856910|0.857138|0.861741|0.861636|0.862905|0.867102|0.864566|0.865059|0.862604|0.865003|0.861519|0.857552|0.856634|0.853442|0.851479|0.843369|0.842970|0.835050|0.838718|0.830244|0.822829|0.819117|0.818733|0.814739|0.803971|0.801226|0.789783|0.785791|0.779703|0.772207|0.763171|0.759498|0.747770|0.745577|0.734789|0.725447|0.720575|0.711234|0.703738|0.695826|0.695170|0.680103|0.676522|0.669765|0.663469|0.655364|0.647146|0.642251|0.639951|0.631180|0.627479|0.618895|0.609334|0.605978|0.604953|0.600551|0.594028|0.585018|0.582073|0.578041|0.576195|0.574798|0.571199|0.566579|0.557995|0.561455|0.556291|0.554463|0.555037|0.551282|0.549701|0.545423|0.548184|0.545636|0.543236|0.544482|0.540591|0.538254|0.534266|0.532971|0.536687|0.536757|0.528342|0.532941|0.530289|0.532734|0.527307|0.532983|0.526313|0.528170|0.525155|0.526448|0.519666|0.516152|0.521179|0.521380|0.524588|0.520158|0.523311|0.519649|0.519700|0.519142|0.518605|0.522812|0.514359|0.514067|0.521323|0.518001|0.519987|0.515233|0.520009|0.514686|0.515521|0.514786|0.509578|0.512841|0.519117|0.514864|0.508779|0.507608|0.514191|0.510059|0.505894|0.508708|0.509089|0.509166|0.510744|0.505844|0.507416|0.505626|0.512135|0.509838|0.507486
0.531693|0.538580|0.538667|0.542865|0.544858|0.551197|0.551071|0.550433|0.561729|0.562731|0.563441|0.565938|0.564522|0.569333|0.568643|0.577620|0.586941|0.583166|0.585897|0.587562|0.593420|0.593553|0.598857|0.607939|0.605194|0.615084|0.611086|0.616540|0.620691|0.623471|0.625002|0.631300|0.627843|0.633967|0.634303|0.637449|0.640349|0.644212|0.645678|0.644881|0.646703|0.649718|0.647152|0.650501|0.645284|0.651210|0.655644|0.650560|0.654007|0.653744|0.655050|0.658513|0.656259|0.654106|0.656664|0.654554|0.654069|0.657572|0.656842|0.653988|0.656541|0.651291|0.655311|0.649135|0.657109|0.657338|0.657442|0.657531|0.651876|0.653593|0.658078|0.662170|0.662878|0.663319|0.660071|0.664153|0.666311|0.670927|0.667301|0.668857|0.669858|0.674686|0.678057|0.673743|0.686317|0.679557|0.683936|0.687289|0.691388|0.693500|0.697668|0.704190|0.707884|0.708631|0.713177|0.718434|0.714286|0.721956|0.719799|0.731694|0.735671|0.737125|0.733841|0.738462|0.742467|0.747095|0.751269|0.755074|0.757030|0.760652|0.762439|0.762856|0.759472|0.762928|0.769008|0.769038|0.772471|0.770170|0.769713|0.767153|0.770250|0.767253|0.767944|0.768912|0.765475|0.765556|0.760525|0.761066|0.756359|0.758409|0.754392|0.752393|0.749707|0.748107|0.740290|0.735949|0.737567|0.731122|0.726854|0.717053|0.714037|0.713067|0.706666|0.701103|0.700215|0.690499|0.689156|0.684372|0.680216|0.675117|0.672926|0.664324|0.660482|0.659920|0.649765|0.651235|0.647029|0.638261|0.634533|0.630377|0.626535|0.625112|0.613695|0.616105|0.609419|0.605913|0.601737|0.600693|0.592619|0.593864|0.591896|0.582723|0.577429|0.572714|0.574641|0.574103|0.570721|0.562847|0.560295|0.560243|0.555456|0.550407|0.549711|0.545932|0.543244|0.542172|0.538301|0.538104|0.526596|0.535081|0.531098|0.530674|0.522823|0.524863|0.522480|0.520387|0.517771|0.518443|0.515120|0.513102
0.506277|0.507977|0.512816|0.513648|0.510349|0.511806|0.513412|0.517968|0.513595|0.518260|0.516067|0.514600|0.521219|0.523827|0.518854|0.525579|0.528166|0.529317|0.525092|0.528562|0.525528|0.532392|0.531583|0.530507|0.528168|0.531583|0.535525|0.539660|0.537268|0.539335|0.539291|0.541872|0.537600|0.542705|0.544829|0.542461|0.548648|0.546887|0.553795|0.557749|0.549189|0.550711|0.557346|0.552649|0.555984|0.556126|0.558068|0.555876|0.559670|0.560472|0.563614|0.564100|0.566351|0.567292|0.568197|0.566613|0.572953|0.575382|0.572342|0.570206|0.574149|0.573327|0.573467|0.582906|0.580196|0.579263|0.580067|0.585238|0.583254|0.593015|0.588865|0.589991|0.590532|0.598895|0.599813|0.606501|0.608593|0.608771|0.606786|0.615041|0.617402|0.615886|0.621193|0.619823|0.625725|0.628356|0.634217|0.635698|0.632543|0.641398|0.640957|0.649915|0.650953|0.653201|0.660041|0.660571|0.665166|0.666522|0.672838|0.675045|0.680082|0.685589|0.684989|0.691280|0.693813|0.699091|0.704902|0.703985|0.709678|0.714043|0.714418|0.722745|0.727300|0.730160|0.732068|0.735774|0.740819|0.739722|0.747236|0.751937|0.748918|0.753205|0.756991|0.764934|0.762397|0.768093|0.768515|0.773518|0.776586|0.780877|0.778317|0.784000|0.786208|0.790562|0.794522|0.793411|0.797749|0.801109|0.796177|0.801111|0.802969|0.799928|0.804225|0.803670|0.805367|0.805774|0.806404|0.804690|0.805419|0.802408|0.804278|0.806823|0.804239|0.802016|0.799376|0.791108|0.796823|0.791714|0.791350|0.785348|0.786203|0.780332|0.777022|0.775337|0.771017|0.766222|0.762058|0.756742|0.749147|0.745270|0.739149|0.731106|0.724668|0.723816|0.719791|0.712848|0.707246|0.698516|0.694855|0.682119|0.677559|0.670503|0.666717|0.658296|0.647716|0.642131|0.637808|0.633592|0.625646|0.620336|0.613765|0.605398|0.606353|0.597571|0.587719|0.584610|0.582988|0.574441|0.573111|0.566901
0.539595|0.543040|0.544726|0.549999|0.553854|0.556823|0.560433|0.563284|0.562821|0.567383|0.573793|0.577069|0.578276|0.588237|0.596389|0.593531|0.599640|0.605420|0.611681|0.614762|0.621151|0.619524|0.629135|0.640871|0.639274|0.641851|0.648961|0.655953|0.659987|0.663890|0.667472|0.675615|0.680133|0.683510|0.687299|0.698695|0.701543|0.709849|0.714544|0.712268|0.722795|0.726045|0.733979|0.739494|0.748733|0.752401|0.753590|0.761907|0.764044|0.769830|0.780320|0.777386|0.784051|0.791652|0.790520|0.796505|0.797352|0.805386|0.812495|0.812900|0.818302|0.820726|0.827516|0.826598|0.835003|0.834770|0.836715|0.841017|0.842416|0.842501|0.846011|0.842283|0.851633|0.845343|0.849488|0.847211|0.852264|0.846274|0.850032|0.845870|0.839898|0.841137|0.838729|0.835164|0.833619|0.830581|0.822969|0.820263|0.814029|0.812714|0.805380|0.805165|0.796344|0.792419|0.786168|0.780638|0.767733|0.768423|0.764323|0.756327|0.751595|0.744194|0.736827|0.728236|0.720748|0.716650|0.708143|0.703154|0.695991|0.692322|0.683508|0.678844|0.677777|0.667911|0.659690|0.651180|0.654296|0.645337|0.640763|0.639183|0.632809|0.624750|0.619394|0.616900|0.614605|0.610831|0.602499|0.604212|0.595085|0.598864|0.589112|0.585120|0.589637|0.586470|0.581217|0.577350|0.574340|0.575313|0.567100|0.567694|0.567710|0.564725|0.565782|0.563731|0.558998|0.560593|0.556622|0.558846|0.553842|0.557622|0.550166|0.550782|0.551288|0.552525|0.549435|0.548098|0.551491|0.542812|0.553855|0.543768|0.543824|0.542293|0.541702|0.540489|0.544204|0.537879|0.535093|0.539132|0.535150|0.532016|0.535912|0.534524|0.535011|0.531400|0.532264|0.533962|0.531103|0.531503|0.525282|0.527607|0.529749|0.522781|0.526131|0.525732|0.522802|0.525611|0.522110|0.518649|0.514138|0.518564|0.521548|0.514872|0.516090|0.521096|0.514045|0.514264|0.513765|0.514066|0.511725|0.516724
0.546099|0.547018|0.553849|0.558525|0.558401|0.563428|0.566637|0.573098|0.575199|0.583182|0.584809|0.586253|0.590233|0.598276|0.604592|0.605723|0.610655|0.613991|0.617557|0.626497|0.635033|0.636832|0.641307|0.644765|0.651528|0.654829|0.659852|0.664941|0.666614|0.676367|0.674987|0.684901|0.685568|0.689600|0.697375|0.694062|0.698289|0.705676|0.706828|0.709936|0.715905|0.719124|0.725604|0.722330|0.722675|0.729109|0.730976|0.728650|0.731376|0.733559|0.736245|0.736214|0.741425|0.742773|0.746935|0.745397|0.744383|0.745191|0.744470|0.747247|0.750605|0.746415|0.750811|0.747544|0.751802|0.751655|0.753260|0.753047|0.745412|0.745547|0.750831|0.745667|0.755137|0.750227|0.749915|0.751394|0.748063|0.746970|0.744443|0.744231|0.742833|0.739170|0.739904|0.745695|0.739567|0.739233|0.734047|0.734194|0.736517|0.735634|0.726549|0.734188|0.730642|0.723834|0.726406|0.727535|0.720749|0.723745|0.718426|0.721071|0.720626|0.716911|0.720229|0.712482|0.704615|0.706407|0.706893|0.699943|0.700197|0.700304|0.696240|0.691298|0.698907|0.689973|0.691607|0.687436|0.687770|0.682897|0.680945|0.678183|0.676082|0.675132|0.666085|0.670643|0.666142|0.668998|0.662597|0.660519|0.652980|0.654301|0.652667|0.646403|0.642816|0.642838|0.644967|0.642648|0.634946|0.630215|0.627209|0.629343|0.621728|0.617057|0.615999|0.613509|0.609960|0.612114|0.607659|0.603224|0.599751|0.597628|0.598087|0.593836|0.590891|0.587043|0.586218|0.581720|0.579538|0.576513|0.574169|0.570628|0.574802|0.568425|0.566790|0.566383|0.563858|0.560198|0.559107|0.556017|0.556524|0.550631|0.546241|0.545357|0.543891|0.542445|0.541184|0.536031|0.539653|0.534730|0.533182|0.528060|0.531552|0.534265|0.524514|0.527152|0.526884|0.525019|0.524943|0.517982|0.518387|0.514453|0.515244|0.513313|0.514392|0.513115|0.516430|0.509205|0.507900|0.506993|0.507045|0.507725
0.531065|0.536437|0.534665|0.540661|0.541619|0.540690|0.548005|0.547943|0.552884|0.551051|0.554063|0.558355|0.560924|0.565219|0.564644|0.569082|0.572505|0.576994|0.581366|0.583786|0.587215|0.586757|0.596952|0.593189|0.597309|0.599809|0.604881|0.605425|0.607080|0.607678|0.616462|0.616768|0.621538|0.620869|0.624977|0.623422|0.624826|0.629013|0.629866|0.633185|0.632273|0.629845|0.634139|0.634267|0.634445|0.637759|0.636216|0.636446|0.643504|0.645034|0.639539|0.635853|0.644994|0.647935|0.640687|0.641938|0.645142|0.646694|0.642002|0.642741|0.647008|0.641792|0.645598|0.644864|0.643102|0.641456|0.645306|0.641570|0.639077|0.640643|0.636857|0.638123|0.635885|0.637086|0.634251|0.636227|0.638722|0.634546|0.634808|0.636425|0.634077|0.633163|0.634305|0.630813|0.633781|0.636459|0.632682|0.640683|0.634454|0.639567|0.630044|0.634438|0.630805|0.631771|0.633820|0.637421|0.635176|0.635437|0.634615|0.638443|0.637255|0.636069|0.639532|0.641724|0.640947|0.640367|0.642893|0.638314|0.645119|0.646787|0.645225|0.651728|0.648462|0.652910|0.653786|0.658844|0.664000|0.658747|0.660740|0.668762|0.667268|0.672483|0.677056|0.672487|0.681517|0.681201|0.688699|0.689643|0.690371|0.695175|0.699714|0.704401|0.704413|0.708470|0.717458|0.715957|0.720698|0.723131|0.726022|0.727631|0.732775|0.736540|0.742647|0.738656|0.742994|0.742812|0.742867|0.744943|0.747935|0.751395|0.748959|0.752122|0.758038|0.753199|0.754987|0.754345|0.753953|0.752795|0.750063|0.749627|0.747481|0.749700|0.743626|0.739735|0.740277|0.733913|0.730523|0.726054|0.726745|0.720137|0.715896|0.715037|0.707525|0.704693|0.692443|0.694150|0.690272|0.676348|0.678699|0.676057|0.664027|0.663249|0.654014|0.645059|0.639599|0.638225|0.632711|0.624298|0.614400|0.611482|0.608431|0.602011|0.592514|0.594810|0.584156|0.581864|0.581273|0.573953|0.568578|0.557935
0.534214|0.538907|0.543433|0.537489|0.541098|0.545911|0.553794|0.556886|0.557949|0.559717|0.565706|0.560385|0.566563|0.570462|0.575721|0.579618|0.584453|0.590128|0.587168|0.590757|0.595658|0.602507|0.602441|0.601696|0.614306|0.616853|0.616279|0.622685|0.624437|0.629830|0.632641|0.635633|0.639291|0.643070|0.647580|0.652321|0.653117|0.651445|0.657224|0.658054|0.662515|0.663814|0.666315|0.668770|0.668747|0.681215|0.680832|0.683167|0.681747|0.687662|0.688349|0.689037|0.691836|0.693271|0.697137|0.695978|0.696380|0.696505|0.698638|0.704976|0.702337|0.708222|0.707507|0.708191|0.708374|0.713107|0.711583|0.711540|0.711731|0.714545|0.712272|0.706336|0.712455|0.712616|0.712135|0.714883|0.715320|0.721085|0.715333|0.711349|0.711526|0.713122|0.708162|0.710949|0.713765|0.706995|0.712278|0.705793|0.706544|0.706993|0.707013|0.706466|0.700928|0.698739|0.701673|0.700904|0.695481|0.700241|0.697441|0.692354|0.692548|0.694947|0.687528|0.688664|0.688331|0.683416|0.686481|0.684943|0.681059|0.682628|0.684610|0.681339|0.682411|0.678887|0.680482|0.676196|0.678288|0.677762|0.678925|0.679511|0.675421|0.675516|0.673231|0.670976|0.674102|0.674492|0.669333|0.672181|0.666224|0.668783|0.669426|0.665399|0.672622|0.672209|0.673368|0.668827|0.667803|0.669970|0.671447|0.670765|0.666782|0.673008|0.668458|0.667191|0.669549|0.667250|0.665365|0.670113|0.667544|0.665179|0.662891|0.663742|0.663336|0.662396|0.663630|0.656942|0.659151|0.654569|0.653304|0.651422|0.650217|0.651349|0.646025|0.645075|0.639297|0.637376|0.641954|0.632511|0.630733|0.627624|0.626393|0.624715|0.619271|0.616417|0.608994|0.612230|0.601534|0.604498|0.597803|0.591501|0.591171|0.592197|0.584729|0.577552|0.579985|0.580479|0.570811|0.566001|0.563260|0.557562|0.553498|0.554139|0.551680|0.547800|0.541656|0.538089|0.542425|0.536492|0.531686|0.531115
0.547872|0.554309|0.560249|0.561671|0.563159|0.567754|0.566986|0.576343|0.580717|0.587845|0.588658|0.592993|0.599275|0.602144|0.606354|0.612560|0.616876|0.621159|0.625838|0.630384|0.635680|0.637423|0.644026|0.648737|0.654133|0.655389|0.660325|0.663512|0.665975|0.671064|0.674692|0.676344|0.679053|0.684334|0.688401|0.689740|0.698886|0.696263|0.695234|0.694881|0.699174|0.706137|0.704017|0.700690|0.702159|0.702719|0.700880|0.702635|0.699945|0.703602|0.703381|0.700930|0.701038|0.696349|0.696673|0.694358|0.694997|0.694104|0.693343|0.687244|0.687507|0.687686|0.683604|0.682090|0.679855|0.681917|0.671456|0.672256|0.674510|0.672414|0.672258|0.667120|0.663833|0.662357|0.659608|0.661975|0.658678|0.655941|0.653999|0.653624|0.648097|0.655466|0.646241|0.652444|0.649171|0.650155|0.650351|0.644821|0.647788|0.649627|0.647909|0.646571|0.649049|0.648499|0.647136|0.649348|0.653090|0.654946|0.650134|0.650853|0.653227|0.648604|0.658566|0.657410|0.656939|0.657623|0.660225|0.661923|0.661542|0.659341|0.660788|0.661080|0.666369|0.663758|0.663379|0.670255|0.667338|0.668033|0.671603|0.673219|0.671674|0.672237|0.674115|0.675059|0.675806|0.676002|0.683822|0.681500|0.684533|0.679833|0.682435|0.678854|0.681540|0.683139|0.686348|0.683643|0.683116|0.682660|0.681683|0.686989|0.685684|0.688481|0.686323|0.684126|0.682682|0.684173|0.680617|0.685338|0.679788|0.681837|0.682791|0.678378|0.684363|0.675819|0.676907|0.674965|0.670481|0.674479|0.667242|0.666259|0.660861|0.665248|0.662424|0.661712|0.654711|0.653530|0.652375|0.646015|0.643217|0.641666|0.635788|0.634367|0.626934|0.630174|0.622005|0.618496|0.614825|0.617994|0.609576|0.607954|0.601685|0.596881|0.590408|0.590840|0.588255|0.582620|0.578741|0.570894|0.567878|0.570180|0.564216|0.561257|0.563539|0.554143|0.550681|0.550419|0.545151|0.540991|0.538750|0.537345
0.540692|0.541293|0.544215|0.553979|0.552472|0.553423|0.555860|0.566305|0.562113|0.567459|0.574232|0.582150|0.582138|0.585621|0.592337|0.590220|0.594119|0.603378|0.608188|0.613781|0.612956|0.616791|0.627048|0.629914|0.630091|0.638472|0.642019|0.647989|0.649231|0.654548|0.660702|0.665976|0.665493|0.673043|0.680698|0.677240|0.679793|0.688600|0.693037|0.695081|0.694900|0.700233|0.703235|0.710630|0.713102|0.709911|0.718335|0.724582|0.724344|0.724637|0.726195|0.732952|0.729208|0.736687|0.738682|0.737224|0.740161|0.747527|0.745614|0.747069|0.747751|0.751458|0.753854|0.754055|0.755640|0.754664|0.753888|0.758528|0.757362|0.758961|0.758884|0.760954|0.761358|0.760357|0.759595|0.763953|0.762025|0.758101|0.757969|0.753763|0.753292|0.757798|0.752633|0.753261|0.749865|0.740796|0.748388|0.745647|0.743007|0.737831|0.744132|0.734576|0.733545|0.729838|0.727914|0.727563|0.728702|0.719995|0.718222|0.715111|0.711280|0.706169|0.706971|0.708397|0.699923|0.698958|0.695181|0.693714|0.686029|0.689343|0.687160|0.683735|0.677274|0.678700|0.676570|0.672200|0.671808|0.664939|0.665784|0.660910|0.657793|0.652502|0.655932|0.654138|0.654444|0.649465|0.646696|0.646532|0.644759|0.639640|0.641051|0.636427|0.638395|0.639570|0.632451|0.631395|0.629219|0.628847|0.626247|0.625857|0.621959|0.625615|0.618263|0.619661|0.619217|0.614504|0.612120|0.611065|0.613926|0.611620|0.612465|0.607485|0.607802|0.607489|0.603148|0.604271|0.599866|0.597966|0.600654|0.596014|0.597008|0.586937|0.588641|0.588262|0.585131|0.584726|0.581774|0.571834|0.580403|0.578182|0.569638|0.570409|0.571776|0.568844|0.562241|0.558163|0.560367|0.558125|0.554757|0.554946|0.550965|0.551148|0.541414|0.540510|0.538260|0.542971|0.543725|0.540297|0.534891|0.529421|0.530351|0.530273|0.525395|0.524606|0.524065|0.522035|0.524901|0.518937|0.517818|0.520236
0.499602|0.504045|0.498656|0.503500|0.503500|0.503756|0.500240|0.506552|0.506023|0.506470|0.505245|0.506813|0.505821|0.502672|0.508827|0.507202|0.507101|0.506768|0.510326|0.507079|0.509401|0.513122|0.512406|0.510547|0.510303|0.512564|0.509761|0.513422|0.513963|0.512718|0.516452|0.520971|0.517160|0.521079|0.520086|0.521873|0.519308|0.519525|0.521696|0.523960|0.519316|0.525968|0.531108|0.530222|0.531998|0.527018|0.535212|0.533839|0.533641|0.539590|0.540621|0.548783|0.549387|0.553334|0.554277|0.552132|0.557475|0.560297|0.562486|0.568506|0.567341|0.572269|0.576858|0.585765|0.585362|0.589351|0.599190|0.596340|0.601584|0.605351|0.616716|0.619193|0.624193|0.629874|0.637458|0.642115|0.646059|0.655072|0.659525|0.668192|0.676779|0.684964|0.687083|0.695881|0.705192|0.711483|0.724710|0.730362|0.738002|0.748543|0.760672|0.768353|0.778473|0.789529|0.794669|0.803094|0.812161|0.822460|0.833047|0.842734|0.848242|0.857596|0.865372|0.872058|0.878097|0.892833|0.895496|0.900961|0.902899|0.910590|0.914388|0.919866|0.926402|0.931898|0.931303|0.934475|0.937360|0.934578|0.946542|0.938331|0.943101|0.932672|0.938729|0.932035|0.928752|0.926747|0.922996|0.918905|0.909337|0.906821|0.897143|0.890715|0.883510|0.876299|0.869421|0.856451|0.852013|0.843174|0.830241|0.827497|0.812809|0.805103|0.794177|0.787861|0.770801|0.761272|0.757140|0.743077|0.733205|0.721789|0.715361|0.702064|0.695250|0.686238|0.677352|0.667920|0.661676|0.652382|0.645661|0.634956|0.632786|0.621752|0.614450|0.612936|0.605797|0.593813|0.589025|0.587403|0.577614|0.578326|0.572448|0.565144|0.562097|0.558597|0.555146|0.548260|0.544633|0.542536|0.540909|0.537909|0.539990|0.540303|0.531019|0.526719|0.524402|0.524557|0.523366|0.519297|0.517349|0.517983|0.513292|0.517652|0.515845|0.510531|0.511115|0.508837|0.510509|0.506736|0.509690|0.506272
0.520736|0.519085|0.525460|0.518941|0.525523|0.528392|0.525008|0.529045|0.527650|0.529449|0.533795|0.533906|0.533557|0.541024|0.540719|0.540044|0.547061|0.552005|0.550577|0.547522|0.550199|0.553842|0.551007|0.558550|0.558782|0.559199|0.560115|0.563768|0.567794|0.562005|0.566890|0.566742|0.571383|0.565727|0.576781|0.577310|0.570619|0.580275|0.572976|0.575714|0.574712|0.577215|0.580957|0.575957|0.578145|0.579420|0.577857|0.578699|0.579171|0.576676|0.584183|0.576966|0.578879|0.583967|0.576332|0.577416|0.573796|0.576383|0.576409|0.575808|0.573564|0.573048|0.572233|0.570609|0.577212|0.572704|0.574418|0.569502|0.573306|0.571112|0.569155|0.574708|0.569917|0.572626|0.572247|0.571333|0.574522|0.573501|0.572769|0.572961|0.573445|0.579246|0.579670|0.573921|0.577126|0.575006|0.581536|0.580478|0.585291|0.587810|0.588202|0.586164|0.592212|0.592000|0.593350|0.598340|0.600772|0.602164|0.605589|0.610621|0.607358|0.617217|0.616933|0.626498|0.621182|0.627150|0.628619|0.628492|0.636629|0.637307|0.649896|0.653924|0.655124|0.658259|0.663935|0.667592|0.673743|0.676670|0.678109|0.685291|0.694805|0.693784|0.702012|0.705383|0.716897|0.719169|0.729345|0.733563|0.737367|0.743077|0.747781|0.753021|0.761551|0.767950|0.768937|0.776724|0.786670|0.789663|0.794927|0.794937|0.803269|0.806492|0.812971|0.818652|0.819487|0.824657|0.826642|0.839114|0.833589|0.835833|0.841819|0.840614|0.844245|0.843958|0.846539|0.847181|0.845279|0.844595|0.844923|0.844672|0.845481|0.842415|0.839506|0.834673|0.826349|0.826124|0.820054|0.817182|0.809978|0.809224|0.807685|0.798004|0.790940|0.782531|0.780475|0.772167|0.761708|0.752677|0.742763|0.740349|0.733378|0.724220|0.717091|0.711088|0.698654|0.692969|0.684465|0.672866|0.669668|0.660781|0.653019|0.644022|0.637459|0.631273|0.621684|0.618817|0.614159|0.605260|0.600562|0.591872
0.588971|0.585493|0.588519|0.601109|0.608920|0.612410|0.615630|0.625352|0.631122|0.635810|0.644533|0.656031|0.665348|0.669262|0.671533|0.685513|0.692802|0.702564|0.709744|0.711283|0.720081|0.730353|0.731208|0.740502|0.751029|0.759624|0.760924|0.766497|0.770659|0.781589|0.781207|0.788353|0.793356|0.797436|0.797299|0.800726|0.804944|0.801088|0.810818|0.813386|0.809680|0.809870|0.810857|0.813823|0.811611|0.814064|0.808599|0.803893|0.806596|0.799840|0.794207|0.791632|0.784427|0.785797|0.776543|0.775232|0.771771|0.763896|0.762041|0.755333|0.748194|0.744420|0.737768|0.730243|0.725418|0.720741|0.717420|0.712628|0.699656|0.698331|0.692686|0.685848|0.680876|0.676581|0.674467|0.665938|0.661732|0.660037|0.657952|0.653916|0.648302|0.647309|0.648490|0.642205|0.645929|0.641509|0.636696|0.631181|0.635847|0.632948|0.636002|0.637618|0.637755|0.634383|0.634382|0.633986|0.633084|0.634518|0.629794|0.637720|0.633153|0.634985|0.634994|0.638697|0.640017|0.635800|0.642873|0.641687|0.638208|0.641246|0.644910|0.649652|0.649178|0.649799|0.649381|0.648183|0.654480|0.650735|0.650402|0.654605|0.647503|0.649438|0.649344|0.654431|0.647875|0.648347|0.651111|0.648719|0.643189|0.645275|0.641423|0.638546|0.638147|0.638884|0.636697|0.636955|0.628359|0.630561|0.629919|0.624607|0.624644|0.621017|0.617131|0.618263|0.611505|0.608925|0.610199|0.603480|0.606491|0.603490|0.596942|0.592706|0.596254|0.588306|0.597443|0.588470|0.584376|0.580107|0.580870|0.575071|0.574777|0.574070|0.572411|0.569216|0.567474|0.569099|0.561742|0.566083|0.559351|0.559735|0.552285|0.552687|0.554679|0.553242|0.545171|0.544613|0.539885|0.548416|0.538309|0.538025|0.538898|0.531548|0.531998|0.534288|0.530399|0.528824|0.530361|0.530236|0.524961|0.525209|0.522881|0.519833|0.522094|0.517328|0.521617|0.520499|0.513207|0.512065|0.514150|0.516125
0.533550|0.538145|0.540496|0.541708|0.545653|0.549516|0.550638|0.555908|0.560879|0.560652|0.565917|0.570977|0.572092|0.579123|0.579160|0.584875|0.589131|0.597040|0.590773|0.593537|0.602066|0.607560|0.610843|0.613576|0.620404|0.625000|0.629091|0.633104|0.635088|0.639966|0.645248|0.651362|0.651448|0.654457|0.659254|0.661445|0.668977|0.666527|0.673558|0.678055|0.680893|0.690465|0.686377|0.690891|0.695288|0.697771|0.699318|0.702700|0.712221|0.708277|0.712054|0.715052|0.718796|0.720611|0.723735|0.725791|0.725090|0.728158|0.738987|0.736086|0.738056|0.746202|0.743667|0.748214|0.745158|0.747630|0.746977|0.754457|0.757300|0.755021|0.760484|0.755150|0.759252|0.763255|0.766215|0.759983|0.761066|0.765351|0.764848|0.764611|0.763850|0.767950|0.767776|0.765491|0.762417|0.763117|0.763743|0.764528|0.761915|0.764226|0.760649|0.760884|0.758732|0.759580|0.752864|0.758251|0.755916|0.754384|0.750189|0.746122|0.743915|0.743383|0.744503|0.742790|0.739569|0.738919|0.735329|0.728406|0.736015|0.730434|0.725745|0.724977|0.721721|0.721051|0.718100|0.715875|0.708268|0.712502|0.707805|0.705051|0.701853|0.703408|0.695803|0.694820|0.693969|0.692088|0.687284|0.684666|0.679974|0.673623|0.675163|0.673593|0.672917|0.662351|0.663720|0.662230|0.657974|0.653902|0.648777|0.644750|0.647282|0.642195|0.641685|0.633779|0.630918|0.632742|0.627162|0.622802|0.619389|0.616661|0.615375|0.610786|0.612385|0.607281|0.605706|0.603686|0.597877|0.598542|0.592303|0.592609|0.592063|0.587794|0.584456|0.582160|0.576706|0.576646|0.577785|0.576350|0.573191|0.566756|0.563216|0.558962|0.560063|0.553993|0.558390|0.552293|0.550617|0.552760|0.547477|0.551299|0.545593|0.543537|0.541351|0.540472|0.537535|0.539905|0.536120|0.533868|0.532464|0.532981|0.528491|0.523473|0.524753|0.522810|0.522843|0.522577|0.521322|0.519260|0.519370|0.520024
0.549282|0.553265|0.562517|0.560181|0.562574|0.569180|0.571013|0.574417|0.579223|0.588559|0.587929|0.594482|0.594859|0.600166|0.599687|0.608055|0.611271|0.618341|0.619422|0.624619|0.628730|0.635234|0.637159|0.644068|0.647392|0.655366|0.651948|0.658218|0.662193|0.670050|0.664629|0.671686|0.675826|0.673559|0.674725|0.680812|0.679460|0.683685|0.691303|0.684893|0.687108|0.687961|0.687221|0.689191|0.689175|0.690247|0.690162|0.690676|0.687691|0.686762|0.684018|0.680286|0.679843|0.681094|0.678410|0.673896|0.674064|0.667961|0.668966|0.664986|0.667711|0.665019|0.662067|0.660954|0.658988|0.654889|0.654747|0.654379|0.651144|0.650479|0.652298|0.646738|0.648843|0.650390|0.647622|0.640749|0.650330|0.645998|0.646448|0.640854|0.649963|0.652046|0.648359|0.650192|0.654836|0.655966|0.658760|0.663023|0.657791|0.663767|0.667722|0.675461|0.672578|0.678763|0.680943|0.681352|0.689926|0.692862|0.694672|0.697834|0.703541|0.707763|0.710048|0.715240|0.717062|0.720993|0.725315|0.730533|0.731191|0.735930|0.735419|0.740870|0.741438|0.743735|0.750259|0.748649|0.750350|0.749321|0.752537|0.751970|0.756972|0.748592|0.762158|0.753848|0.753187|0.754073|0.749194|0.746427|0.749733|0.747852|0.746279|0.745296|0.741174|0.734408|0.731961|0.729004|0.729550|0.727632|0.722831|0.716880|0.714205|0.712356|0.706655|0.703060|0.699530|0.691287|0.691436|0.688365|0.683689|0.676433|0.678106|0.664544|0.664744|0.664286|0.655694|0.657882|0.655358|0.650548|0.639772|0.638379|0.632147|0.625502|0.624436|0.622181|0.616686|0.615489|0.609529|0.614563|0.601864|0.598562|0.594135|0.591558|0.592713|0.590656|0.583598|0.578419|0.574903|0.579047|0.569882|0.569525|0.569091|0.563295|0.560283|0.559181|0.556348|0.553761|0.548947|0.549321|0.550610|0.541640|0.541653|0.541863|0.538020|0.534523|0.536236|0.529321|0.528711|0.530314|0.526233|0.524541
0.539548|0.543694|0.550251|0.549235|0.556216|0.556225|0.563130|0.564493|0.570260|0.570494|0.575841|0.578417|0.585436|0.584399|0.591892|0.596791|0.602088|0.602170|0.612393|0.620711|0.614944|0.621497|0.629912|0.631448|0.637669|0.644907|0.647697|0.650310|0.656870|0.660167|0.665308|0.669827|0.672946|0.685054|0.683902|0.689915|0.692310|0.696582|0.698197|0.700966|0.702813|0.707543|0.711712|0.713717|0.720434|0.723265|0.725578|0.732534|0.730223|0.733800|0.740747|0.748176|0.746205|0.752163|0.743477|0.756385|0.753846|0.758919|0.765819|0.759964|0.761922|0.768146|0.767908|0.768110|0.771247|0.773546|0.775871|0.778809|0.776801|0.774729|0.778457|0.778268|0.783526|0.779442|0.781015|0.777695|0.783198|0.777265|0.777094|0.777547|0.773884|0.779985|0.778237|0.778549|0.772874|0.771068|0.772311|0.771928|0.770620|0.764190|0.763392|0.766008|0.759598|0.755316|0.749118|0.750835|0.747287|0.745924|0.743750|0.739306|0.736249|0.730584|0.733293|0.730815|0.720137|0.723946|0.714533|0.712831|0.710146|0.706100|0.703802|0.698937|0.700748|0.697210|0.693141|0.692094|0.685447|0.679743|0.679005|0.676320|0.672848|0.669236|0.666699|0.663151|0.661940|0.657391|0.653021|0.651654|0.650097|0.641605|0.647246|0.642620|0.637376|0.635999|0.630915|0.629652|0.623398|0.622305|0.618326|0.622836|0.615647|0.610839|0.610862|0.602559|0.603166|0.601883|0.599773|0.602058|0.592842|0.594581|0.595103|0.597385|0.588672|0.584876|0.585634|0.579318|0.573703|0.576844|0.573571|0.570643|0.567063|0.573580|0.564619|0.559755|0.563937|0.562525|0.559700|0.558882|0.556815|0.548680|0.547382|0.554372|0.545692|0.545250|0.540651|0.542743|0.543476|0.538490|0.532130|0.535552|0.534340|0.537088|0.533532|0.529331|0.525054|0.528145|0.527698|0.524473|0.526952|0.519056|0.518044|0.518741|0.521366|0.519797|0.512996|0.516466|0.514028|0.515700|0.511761|0.518217
0.554513|0.558049|0.570006|0.569995|0.575405|0.583965|0.581687|0.591833|0.592016|0.600186|0.602917|0.610806|0.615085|0.620700|0.623884|0.633869|0.638531|0.642808|0.649900|0.653688|0.664708|0.664258|0.667998|0.673978|0.681650|0.686673|0.694998|0.694364|0.703957|0.704951|0.711170|0.714103|0.719227|0.721155|0.723195|0.726543|0.728949|0.737712|0.740363|0.745684|0.741363|0.745669|0.745657|0.750709|0.754873|0.750345|0.751632|0.749393|0.753774|0.754937|0.754006|0.754360|0.754022|0.754390|0.751792|0.746126|0.746823|0.746770|0.750086|0.744742|0.743278|0.739718|0.738794|0.734610|0.732559|0.731152|0.733429|0.730553|0.729167|0.728702|0.723451|0.723097|0.722800|0.716987|0.719396|0.713732|0.714696|0.705545|0.704329|0.701276|0.702854|0.701081|0.697668|0.696707|0.703287|0.692587|0.695970|0.691072|0.689683|0.693939|0.689768|0.685685|0.687461|0.681349|0.684482|0.683740|0.679086|0.677018|0.680063|0.682055|0.671558|0.674772|0.673716|0.670297|0.670643|0.666728|0.667167|0.669073|0.665479|0.668583|0.666217|0.665460|0.665840|0.668394|0.666752|0.659739|0.664245|0.662348|0.661628|0.657213|0.655486|0.655731|0.658742|0.657290|0.654898|0.655948|0.652692|0.653675|0.646974|0.650493|0.650311|0.650405|0.645612|0.646685|0.640948|0.641298|0.642539|0.640490|0.643711|0.641855|0.639200|0.640283|0.635741|0.635978|0.631563|0.628535|0.631205|0.629319|0.625355|0.632031|0.621041|0.625016|0.621831|0.620788|0.620794|0.619807|0.612598|0.611037|0.612688|0.607845|0.605675|0.605617|0.604014|0.600917|0.600171|0.601729|0.592606|0.593609|0.588256|0.589616|0.588399|0.579453|0.578467|0.580250|0.579173|0.572600|0.576562|0.571608|0.572469|0.562326|0.560390|0.559699|0.555945|0.555349|0.551868|0.552131|0.546777|0.543899|0.546438|0.547325|0.544964|0.539269|0.536707|0.537863|0.530824|0.535183|0.530063|0.530186|0.530791|0.528283
0.577758|0.578138|0.582150|0.588516|0.594769|0.600882|0.607860|0.614821|0.614554|0.623722|0.629786|0.636987|0.641759|0.649594|0.661430|0.663406|0.668537|0.672164|0.685636|0.691317|0.693859|0.706163|0.709846|0.714393|0.724131|0.724316|0.730223|0.742396|0.743415|0.746333|0.748967|0.755097|0.763674|0.764370|0.766795|0.774793|0.768206|0.770497|0.775000|0.781595|0.781787|0.781510|0.781105|0.784569|0.773956|0.775383|0.776512|0.781047|0.770212|0.772627|0.768548|0.763629|0.763014|0.756255|0.751693|0.744726|0.746245|0.739080|0.734186|0.731096|0.729281|0.721655|0.718170|0.715279|0.704666|0.698309|0.696843|0.687456|0.682582|0.682297|0.675303|0.673781|0.662038|0.658314|0.653272|0.651445|0.644301|0.640643|0.637732|0.632271|0.627311|0.621546|0.621713|0.618709|0.618001|0.607973|0.606658|0.604263|0.600945|0.596218|0.595567|0.594058|0.584978|0.588094|0.592493|0.586614|0.585150|0.581291|0.584669|0.586925|0.580860|0.578923|0.575456|0.576955|0.581916|0.577722|0.575377|0.578846|0.578493|0.582010|0.578488|0.575041|0.578567|0.575274|0.583842|0.580515|0.581180|0.592412|0.584463|0.586858|0.588590|0.593709|0.592840|0.595050|0.602589|0.601285|0.606552|0.605850|0.606744|0.611930|0.614435|0.618622|0.618586|0.622419|0.628205|0.625478|0.630350|0.631402|0.636470|0.632979|0.641612|0.645160|0.642494|0.650383|0.647369|0.647961|0.656726|0.655581|0.661256|0.666044|0.664179|0.662776|0.666210|0.662998|0.665445|0.669234|0.667319|0.666707|0.667547|0.668080|0.666090|0.664708|0.663808|0.660637|0.666244|0.658656|0.660536|0.654106|0.650057|0.649360|0.650323|0.645147|0.642253|0.638629|0.633648|0.631748|0.626308|0.621129|0.621465|0.616069|0.615801|0.613328|0.608620|0.596932|0.597661|0.590959|0.587022|0.583518|0.581512|0.578216|0.573730|0.570419|0.566249|0.565326|0.560082|0.557655|0.553959|0.552893|0.545085|0.543634
0.551921|0.551050|0.561072|0.558583|0.568678|0.571296|0.569532|0.570515|0.579704|0.583833|0.591149|0.593455|0.597249|0.602187|0.604579|0.607289|0.611499|0.617626|0.621275|0.624940|0.634422|0.639956|0.639871|0.644354|0.653762|0.655790|0.656434|0.662497|0.665429|0.665973|0.673684|0.669953|0.682277|0.683737|0.682630|0.687047|0.692057|0.692848|0.695235|0.698640|0.696272|0.696785|0.697289|0.705779|0.702849|0.704755|0.704101|0.705639|0.706180|0.701263|0.702813|0.702634|0.698628|0.702287|0.700088|0.701615|0.698236|0.698109|0.695156|0.696371|0.689652|0.692912|0.691341|0.688789|0.691028|0.690007|0.685282|0.689219|0.683688|0.681652|0.683692|0.682730|0.680955|0.682852|0.675324|0.676840|0.684937|0.678410|0.676074|0.683697|0.680631|0.682179|0.682932|0.683493|0.683781|0.687800|0.690625|0.688165|0.686190|0.686381|0.691601|0.694609|0.692873|0.697972|0.699216|0.705018|0.707629|0.708643|0.704678|0.708224|0.711212|0.716404|0.715854|0.720151|0.723142|0.717888|0.723405|0.727917|0.730820|0.732276|0.730748|0.729403|0.731066|0.730291|0.735027|0.737249|0.731302|0.730827|0.727810|0.730943|0.729668|0.722703|0.732727|0.725034|0.723557|0.720261|0.720682|0.717238|0.716412|0.710988|0.711332|0.707229|0.702976|0.699090|0.692695|0.687361|0.683267|0.688017|0.678039|0.677460|0.671903|0.670737|0.663486|0.663111|0.652940|0.649851|0.643977|0.644902|0.635027|0.636712|0.631025|0.627651|0.619967|0.615230|0.611343|0.606033|0.607790|0.598435|0.596751|0.590178|0.585184|0.586536|0.581555|0.580390|0.573953|0.570809|0.570538|0.565895|0.567939|0.558510|0.554928|0.552676|0.551416|0.547256|0.547366|0.543056|0.539728|0.538605|0.533828|0.532512|0.532725|0.529670|0.530677|0.527671|0.528322|0.522658|0.522250|0.519862|0.517667|0.516927|0.511810|0.513992|0.510418|0.509944|0.506632|0.509696|0.508739|0.508282|0.506495|0.506748
0.513855|0.512467|0.512049|0.520241|0.516432|0.515229|0.515632|0.515796|0.518084|0.520510|0.515982|0.519663|0.522079|0.523648|0.525273|0.526252|0.529347|0.529535|0.529931|0.532785|0.535586|0.536929|0.537519|0.533969|0.545670|0.546386|0.544130|0.547589|0.552868|0.556462|0.560749|0.556247|0.566335|0.569203|0.566686|0.571993|0.575069|0.577597|0.575371|0.583219|0.586386|0.590742|0.592194|0.592408|0.599134|0.595500|0.607797|0.606376|0.610977|0.621203|0.624039|0.624203|0.629707|0.633463|0.636536|0.633635|0.646742|0.647173|0.653896|0.652986|0.652849|0.662525|0.662134|0.671966|0.670715|0.680427|0.682769|0.682894|0.683375|0.689313|0.693251|0.695906|0.703346|0.697066|0.703849|0.704726|0.706845|0.710160|0.715036|0.715353|0.718799|0.717332|0.722297|0.717122|0.720839|0.719050|0.723271|0.728461|0.730529|0.726277|0.732867|0.729885|0.729968|0.725165|0.728928|0.731797|0.724795|0.729036|0.724801|0.726827|0.729450|0.729186|0.728394|0.728742|0.727062|0.725412|0.726643|0.727556|0.729680|0.729115|0.725632|0.727263|0.724887|0.723151|0.724165|0.725801|0.725460|0.729167|0.723599|0.724639|0.722603|0.724353|0.729747|0.724537|0.726793|0.726513|0.726735|0.728571|0.726609|0.724146|0.723633|0.725476|0.727513|0.727338|0.726964|0.730733|0.723311|0.728960|0.726732|0.734299|0.728791|0.731357|0.729757|0.729532|0.726041|0.726490|0.729225|0.728300|0.724224|0.722480|0.726837|0.724554|0.719486|0.725606|0.720369|0.719640|0.715867|0.717081|0.710002|0.709578|0.707264|0.705427|0.702556|0.696263|0.693969|0.693072|0.690848|0.689510|0.681157|0.677898|0.673793|0.668971|0.663696|0.658634|0.657643|0.650218|0.642529|0.643543|0.640510|0.637391|0.627823|0.625696|0.623961|0.616355|0.612311|0.607456|0.602128|0.596607|0.599518|0.588758|0.586985|0.583849|0.575457|0.576130|0.572281|0.566954|0.566473|0.558087|0.556738|0.555727
0.523366|0.525364|0.523090|0.525608|0.529080|0.528097|0.533051|0.526050|0.537581|0.539463|0.538400|0.541593|0.542136|0.547029|0.550711|0.550938|0.552986|0.555116|0.561497|0.560324|0.564896|0.568957|0.566133|0.572219|0.573218|0.579558|0.577313|0.586926|0.591969|0.591654|0.595949|0.595495|0.601522|0.602444|0.608792|0.608799|0.610618|0.615733|0.619623|0.621733|0.625347|0.626717|0.632951|0.638114|0.640918|0.641301|0.648103|0.652040|0.653374|0.656080|0.662301|0.662864|0.670822|0.670321|0.672603|0.678247|0.678765|0.691161|0.688271|0.693022|0.695347|0.700625|0.701381|0.704809|0.707564|0.712716|0.715583|0.715486|0.716555|0.719987|0.727733|0.727647|0.730407|0.727097|0.734704|0.742610|0.741621|0.738240|0.740815|0.743377|0.741091|0.738753|0.742321|0.744425|0.741745|0.745671|0.749166|0.744351|0.746103|0.750780|0.749434|0.748273|0.745503|0.745075|0.745731|0.745955|0.745233|0.742978|0.746638|0.740822|0.737150|0.735191|0.738013|0.737391|0.734055|0.730092|0.725005|0.728866|0.729742|0.725013|0.724614|0.726248|0.723037|0.717369|0.722248|0.718348|0.719497|0.711461|0.713360|0.711428|0.709131|0.704789|0.708867|0.704417|0.704013|0.703978|0.698400|0.702284|0.699611|0.695441|0.693311|0.694157|0.694396|0.694690|0.692140|0.686011|0.682963|0.685961|0.686487|0.683248|0.676922|0.677836|0.678394|0.675117|0.667226|0.673459|0.669144|0.668324|0.663431|0.659629|0.659121|0.657401|0.654171|0.653815|0.655044|0.649724|0.651327|0.644078|0.646956|0.636948|0.633662|0.629167|0.634656|0.633510|0.627371|0.630047|0.622215|0.615997|0.614861|0.616325|0.603860|0.606985|0.603264|0.602592|0.592732|0.590130|0.587005|0.589316|0.581005|0.577856|0.577077|0.572490|0.571083|0.568072|0.563563|0.559417|0.554817|0.556547|0.550305|0.546850|0.545631|0.544381|0.541070|0.539431|0.529744|0.531483|0.534490|0.529525|0.528175|0.520825
0.508588|0.501920|0.506285|0.505420|0.505030|0.503027|0.503746|0.507451|0.505316|0.509754|0.507808|0.512499|0.504651|0.511105|0.514243|0.510465|0.512504|0.509131|0.509166|0.515148|0.515602|0.514608|0.508452|0.516063|0.515150|0.515828|0.517178|0.519710|0.516511|0.520942|0.519988|0.519588|0.519594|0.523605|0.519165|0.519331|0.522682|0.524077|0.522986|0.519096|0.522003|0.524418|0.523846|0.530999|0.524313|0.531126|0.528079|0.537931|0.529827|0.533839|0.531236|0.531611|0.535705|0.536729|0.537781|0.543816|0.542377|0.547682|0.545175|0.551205|0.547430|0.554884|0.557282|0.559015|0.560169|0.562788|0.565718|0.573336|0.578498|0.577126|0.586280|0.588349|0.596673|0.598018|0.602606|0.607397|0.613287|0.619686|0.629819|0.635592|0.638688|0.654365|0.659281|0.667172|0.677362|0.682509|0.691812|0.699861|0.711357|0.722105|0.726223|0.736580|0.745240|0.752404|0.766945|0.780081|0.788085|0.798122|0.805677|0.820936|0.820125|0.832612|0.843549|0.856880|0.865152|0.868517|0.876734|0.884761|0.891651|0.895493|0.902343|0.912313|0.912890|0.919355|0.921792|0.929870|0.922271|0.928104|0.937652|0.932335|0.938339|0.935079|0.931584|0.935556|0.932121|0.930870|0.923217|0.916399|0.917151|0.912500|0.905996|0.901404|0.892180|0.888612|0.882152|0.875005|0.866529|0.856789|0.850172|0.840954|0.830421|0.826226|0.813718|0.804167|0.798580|0.783194|0.776002|0.767808|0.756219|0.747148|0.738727|0.731099|0.721702|0.709367|0.702474|0.698846|0.687467|0.680465|0.678045|0.667235|0.657073|0.648079|0.642880|0.635710|0.624493|0.621049|0.614471|0.610835|0.606404|0.598195|0.595870|0.591137|0.581806|0.577743|0.576934|0.569566|0.566654|0.561035|0.561124|0.556600|0.552639|0.548803|0.544397|0.548048|0.539652|0.537762|0.540546|0.533800|0.532993|0.531163|0.527202|0.526462|0.525601|0.527377|0.520869|0.518949|0.520319|0.519015|0.515504|0.516392
0.554294|0.548111|0.558674|0.558625|0.562930|0.569082|0.573442|0.577136|0.578281|0.583452|0.586764|0.597032|0.595365|0.598297|0.610674|0.613743|0.619911|0.623486|0.624086|0.631921|0.637799|0.640860|0.643225|0.647782|0.652772|0.655303|0.667252|0.669123|0.671060|0.674882|0.681325|0.677057|0.686179|0.691615|0.690834|0.694469|0.697467|0.699245|0.702909|0.702184|0.704710|0.703173|0.707460|0.711449|0.708268|0.708889|0.704373|0.711233|0.711137|0.711817|0.708918|0.706108|0.710416|0.710509|0.702901|0.707936|0.708964|0.697846|0.702645|0.700106|0.692905|0.694099|0.692680|0.691245|0.689112|0.688883|0.690260|0.688562|0.678799|0.678888|0.677867|0.678232|0.669028|0.673170|0.667478|0.666962|0.662916|0.662076|0.661141|0.656724|0.659338|0.652362|0.652602|0.650820|0.647983|0.650686|0.646303|0.646410|0.642018|0.637959|0.636791|0.636859|0.637684|0.641366|0.635868|0.636327|0.633544|0.630322|0.633088|0.629779|0.631013|0.637427|0.633087|0.637615|0.631327|0.629928|0.631181|0.629480|0.628764|0.632057|0.636368|0.633440|0.636595|0.632171|0.634548|0.636179|0.634160|0.637259|0.634829|0.643337|0.638254|0.642871|0.643353|0.645092|0.645600|0.645113|0.649097|0.656243|0.654555|0.658515|0.658774|0.657365|0.660615|0.658584|0.662298|0.664715|0.671385|0.669923|0.679687|0.673540|0.680181|0.681678|0.679698|0.682304|0.683271|0.687618|0.685175|0.687471|0.682388|0.688603|0.691894|0.687341|0.687585|0.689912|0.689655|0.688189|0.690478|0.686091|0.691732|0.682726|0.686065|0.682616|0.683489|0.682177|0.676314|0.672942|0.671360|0.670696|0.668698|0.667154|0.662962|0.656030|0.648857|0.649030|0.644780|0.642544|0.639419|0.633016|0.629375|0.627096|0.626633|0.614307|0.610484|0.608316|0.601394|0.595269|0.595077|0.590948|0.586904|0.581114|0.576513|0.579573|0.570866|0.571415|0.567271|0.555568|0.556526|0.551434|0.551661|0.544765
0.511297|0.510111|0.511881|0.510032|0.513889|0.515531|0.519111|0.519952|0.515604|0.517233|0.518125|0.518010|0.521518|0.524891|0.523059|0.525143|0.526038|0.524801|0.525640|0.532282|0.534523|0.531863|0.533623|0.535726|0.535268|0.535275|0.539363|0.535095|0.543075|0.542945|0.542265|0.547351|0.550070|0.550549|0.554969|0.550017|0.551559|0.552989|0.556282|0.556168|0.559187|0.557608|0.559262|0.564988|0.562217|0.565011|0.566832|0.565929|0.570181|0.568872|0.568269|0.568664|0.571715|0.574454|0.574071|0.578238|0.574676|0.579555|0.575232|0.581388|0.582445|0.583676|0.579144|0.582959|0.584467|0.583184|0.583061|0.590687|0.587995|0.590948|0.593372|0.589326|0.592429|0.591044|0.588914|0.592244|0.591703|0.596344|0.591935|0.595395|0.593303|0.597134|0.598468|0.593468|0.595273|0.592779|0.600319|0.593817|0.595557|0.601215|0.594807|0.598055|0.597721|0.601057|0.596473|0.600277|0.601984|0.596330|0.606467|0.604297|0.603171|0.603424|0.608711|0.609883|0.605753|0.608824|0.614261|0.617235|0.618751|0.620244|0.625795|0.626347|0.630955|0.630714|0.635831|0.643459|0.649604|0.649863|0.654590|0.656663|0.661032|0.669717|0.677484|0.679349|0.691326|0.695225|0.696352|0.701234|0.708551|0.717920|0.724200|0.734610|0.739571|0.742676|0.757373|0.761543|0.769906|0.773071|0.785430|0.796432|0.797733|0.801074|0.809278|0.813391|0.819472|0.828138|0.828834|0.836027|0.839956|0.849447|0.849836|0.854086|0.857553|0.862950|0.865936|0.862450|0.868418|0.868135|0.866037|0.868505|0.867860|0.861148|0.862095|0.857633|0.856214|0.851848|0.844885|0.843866|0.844472|0.833531|0.823004|0.819706|0.816219|0.808401|0.800965|0.794724|0.789536|0.780035|0.772419|0.763314|0.756117|0.744493|0.735659|0.727054|0.716389|0.707170|0.699984|0.693964|0.676905|0.671752|0.667258|0.658256|0.653522|0.645125|0.632585|0.627874|0.617626|0.611161|0.605024|0.599945
0.543944|0.545633|0.550780|0.554212|0.553027|0.561292|0.563807|0.565721|0.570528|0.576124|0.580111|0.587584|0.591741|0.593626|0.595815|0.600706|0.606430|0.612432|0.620335|0.616990|0.626046|0.630889|0.638895|0.642375|0.644194|0.648031|0.651203|0.663482|0.663260|0.674230|0.675948|0.682535|0.688825|0.688840|0.687515|0.699651|0.708000|0.709734|0.714516|0.717341|0.719253|0.728202|0.730178|0.735329|0.737452|0.741937|0.749943|0.749894|0.751943|0.748782|0.764045|0.761697|0.763129|0.768682|0.776050|0.776930|0.781055|0.777407|0.780488|0.786412|0.784628|0.785108|0.789585|0.789514|0.792353|0.794473|0.795163|0.796159|0.800982|0.796008|0.799333|0.798010|0.793196|0.796151|0.795936|0.792632|0.790085|0.791957|0.790895|0.792271|0.786774|0.783612|0.778799|0.778883|0.773091|0.767504|0.770614|0.762176|0.755360|0.752917|0.747660|0.747160|0.746657|0.737674|0.732794|0.727292|0.722206|0.721209|0.713867|0.707515|0.705093|0.695403|0.691970|0.680000|0.679324|0.678296|0.670213|0.664845|0.662427|0.656797|0.651083|0.647737|0.643516|0.633779|0.632714|0.626656|0.627922|0.620101|0.619460|0.616827|0.616874|0.612390|0.608857|0.600209|0.607856|0.599900|0.599961|0.599955|0.600381|0.598157|0.594348|0.595060|0.591620|0.592016|0.593974|0.594425|0.591511|0.584603|0.589586|0.586353|0.589251|0.593917|0.587642|0.588671|0.589645|0.587751|0.586313|0.590472|0.585810|0.588350|0.584576|0.582510|0.585902|0.587405|0.587449|0.585168|0.588829|0.587441|0.588132|0.585824|0.582712|0.585190|0.581225|0.584775|0.581960|0.573879|0.568074|0.573811|0.572614|0.567607|0.573008|0.569336|0.566806|0.568092|0.563222|0.561169|0.556530|0.562303|0.558317|0.555201|0.548747|0.555646|0.552534|0.552831|0.541673|0.539763|0.541999|0.541447|0.529848|0.535075|0.529303|0.531497|0.527578|0.524769|0.526231|0.523601|0.524681|0.522148|0.518166|0.511286
0.559486|0.566844|0.567705|0.573532|0.577715|0.582208|0.585513|0.591944|0.594186|0.604522|0.608322|0.613368|0.621545|0.625521|0.627472|0.631030|0.642246|0.644551|0.653345|0.658233|0.662817|0.665739|0.674912|0.679979|0.688373|0.691700|0.689900|0.705058|0.705068|0.708293|0.713396|0.720475|0.721541|0.730573|0.732321|0.738936|0.740980|0.747467|0.748037|0.747844|0.754034|0.755244|0.759117|0.754504|0.760645|0.761045|0.760555|0.765978|0.767091|0.770005|0.766901|0.769414|0.773359|0.768317|0.766116|0.768088|0.768161|0.761550|0.763365|0.761850|0.764780|0.760448|0.761781|0.756773|0.755055|0.748256|0.751990|0.747956|0.746926|0.742638|0.742242|0.738429|0.739806|0.734253|0.733359|0.727000|0.725754|0.726839|0.720191|0.712366|0.714258|0.714116|0.706420|0.704109|0.701212|0.694625|0.691146|0.687667|0.685302|0.685388|0.682573|0.672854|0.671671|0.670381|0.664342|0.662311|0.655153|0.654048|0.648682|0.649633|0.642407|0.636946|0.638695|0.635717|0.628861|0.625902|0.624577|0.623222|0.619953|0.615008|0.613469|0.614781|0.607838|0.612391|0.609739|0.607678|0.601189|0.604527|0.606261|0.598009|0.599507|0.601361|0.598564|0.599023|0.600687|0.596090|0.602318|0.597027|0.595769|0.599778|0.601663|0.594715|0.600931|0.600450|0.603289|0.609767|0.602015|0.604987|0.608870|0.605374|0.608730|0.610989|0.608223|0.608771|0.608620|0.612568|0.612646|0.614317|0.609564|0.614998|0.611506|0.620063|0.616483|0.621176|0.615056|0.616323|0.613831|0.615187|0.614501|0.612546|0.608339|0.617541|0.612554|0.610430|0.606012|0.605842|0.601728|0.604000|0.604150|0.598131|0.598558|0.597861|0.593953|0.588767|0.590508|0.587033|0.584703|0.586848|0.579077|0.574158|0.574151|0.569231|0.568056|0.563676|0.563191|0.556450|0.555092|0.551102|0.551222|0.552169|0.546794|0.541996|0.541482|0.538383|0.536873|0.535966|0.531057|0.527638|0.531318|0.524562
0.565831|0.564949|0.573404|0.575674|0.580617|0.586066|0.592427|0.600187|0.605422|0.609057|0.613211|0.621191|0.629477|0.631626|0.639209|0.647341|0.650487|0.653702|0.667032|0.668384|0.674122|0.678279|0.686016|0.690492|0.696015|0.703796|0.708606|0.716857|0.722075|0.723078|0.727243|0.733282|0.736121|0.737325|0.747654|0.748402|0.752135|0.756895|0.758896|0.761669|0.763303|0.764781|0.766518|0.768641|0.770359|0.772842|0.772735|0.773053|0.769456|0.772287|0.772982|0.767646|0.767557|0.772754|0.765965|0.763731|0.763284|0.760844|0.762194|0.758207|0.753765|0.756774|0.749999|0.752096|0.744863|0.741158|0.741156|0.739763|0.737965|0.731019|0.734203|0.732404|0.728501|0.726165|0.720541|0.721771|0.715544|0.714760|0.716306|0.714969|0.712324|0.709514|0.712557|0.704782|0.703075|0.701176|0.701986|0.697750|0.700394|0.698611|0.696809|0.695421|0.691055|0.693676|0.690122|0.690746|0.696633|0.691189|0.689607|0.687130|0.685231|0.684285|0.687584|0.686604|0.684204|0.682327|0.684378|0.679025|0.682200|0.681007|0.683743|0.679886|0.674336|0.677640|0.672321|0.673533|0.674726|0.672831|0.669512|0.667774|0.663938|0.665403|0.666292|0.660071|0.655646|0.656351|0.656603|0.654770|0.651047|0.648713|0.644497|0.640575|0.639450|0.636609|0.635721|0.634163|0.631242|0.624176|0.627065|0.623556|0.624250|0.613840|0.610535|0.614494|0.606725|0.607125|0.606859|0.600063|0.596410|0.593830|0.590236|0.588365|0.584259|0.582473|0.582070|0.575277|0.574222|0.567551|0.572055|0.565681|0.567356|0.564056|0.564037|0.560989|0.557008|0.556012|0.551277|0.545494|0.551813|0.543284|0.544244|0.544266|0.538389|0.537428|0.539579|0.531919|0.533320|0.533043|0.524933|0.528238|0.527105|0.523865|0.526316|0.523683|0.521855|0.519590|0.524937|0.518910|0.516307|0.517417|0.517056|0.517579|0.514186|0.511515|0.513307|0.510641|0.512160|0.511775|0.509101|0.508198
0.559938|0.573878|0.575288|0.577381|0.575269|0.582155|0.592371|0.596526|0.603215|0.605378|0.615576|0.618207|0.621589|0.624880|0.638903|0.641690|0.647716|0.649726|0.660321|0.660343|0.665412|0.675807|0.678502|0.687528|0.688232|0.692864|0.697742|0.701656|0.705393|0.709049|0.716493|0.715394|0.721085|0.723233|0.722685|0.724718|0.726307|0.729020|0.733344|0.733860|0.733508|0.733449|0.730026|0.730018|0.727416|0.728933|0.723177|0.728592|0.724325|0.718424|0.716686|0.710760|0.705230|0.703147|0.700693|0.698120|0.693288|0.687082|0.681918|0.677170|0.672185|0.669827|0.662059|0.654884|0.655935|0.647221|0.647432|0.637248|0.636620|0.629857|0.625877|0.620713|0.616811|0.607852|0.602068|0.601847|0.599426|0.595397|0.590365|0.584924|0.584394|0.582683|0.578361|0.576766|0.573362|0.568851|0.564032|0.567290|0.560500|0.563792|0.559965|0.565127|0.559136|0.562780|0.559516|0.558532|0.561226|0.553084|0.557592|0.558577|0.560936|0.554050|0.560245|0.565557|0.560743|0.562472|0.567574|0.570280|0.571161|0.572609|0.575940|0.574047|0.573783|0.579336|0.584594|0.587893|0.591236|0.593568|0.602681|0.603450|0.603113|0.614658|0.613170|0.618171|0.622081|0.622849|0.629266|0.633797|0.643547|0.646681|0.649835|0.655248|0.661270|0.664667|0.668797|0.672913|0.676474|0.684313|0.689222|0.692982|0.692765|0.705398|0.709471|0.711723|0.714622|0.716318|0.721315|0.723081|0.729353|0.731095|0.732816|0.735402|0.740302|0.738300|0.738476|0.737888|0.742952|0.742587|0.747429|0.741587|0.739428|0.741968|0.739813|0.735496|0.735677|0.728019|0.730605|0.724856|0.718651|0.724254|0.716635|0.712430|0.707150|0.705727|0.698751|0.694499|0.689938|0.681121|0.679569|0.668228|0.664822|0.662793|0.656025|0.649814|0.644656|0.642247|0.632584|0.630688|0.628216|0.619253|0.613960|0.605435|0.599337|0.598240|0.590204|0.582104|0.586917|0.582090|0.572743|0.568853
0.516627|0.520031|0.522944|0.518882|0.526518|0.525845|0.522856|0.530426|0.529005|0.531785|0.533021|0.532797|0.533740|0.541348|0.541088|0.549006|0.544102|0.553387|0.555584|0.557648|0.557294|0.565151|0.569808|0.569648|0.569527|0.575609|0.579950|0.582463|0.587612|0.594080|0.597401|0.596705|0.605498|0.614339|0.614035|0.622952|0.625031|0.634114|0.640061|0.635884|0.649808|0.656072|0.655860|0.667265|0.672085|0.680709|0.686606|0.688565|0.701880|0.705326|0.712979|0.722788|0.728488|0.737836|0.744855|0.750581|0.756862|0.766715|0.769177|0.778461|0.783732|0.786414|0.793541|0.802415|0.809418|0.816940|0.819630|0.820719|0.827897|0.833432|0.839707|0.836868|0.839818|0.844448|0.852758|0.858479|0.858617|0.853872|0.855524|0.864432|0.858094|0.856444|0.862605|0.848992|0.858355|0.853089|0.847795|0.847382|0.846997|0.841451|0.832095|0.833211|0.831227|0.820171|0.816800|0.818784|0.806371|0.805879|0.798700|0.789183|0.785763|0.774942|0.774274|0.766291|0.756731|0.754358|0.743915|0.739218|0.733817|0.724727|0.720796|0.717168|0.711821|0.696612|0.697017|0.690632|0.683954|0.681975|0.670169|0.671144|0.664892|0.660426|0.648739|0.645459|0.644739|0.643449|0.634223|0.635908|0.634328|0.631877|0.621850|0.624060|0.618765|0.618017|0.611721|0.608714|0.607918|0.606737|0.602782|0.603279|0.600002|0.597055|0.596040|0.594588|0.597977|0.592347|0.593245|0.591671|0.589743|0.586814|0.587797|0.581612|0.582690|0.581810|0.579739|0.582451|0.574576|0.582151|0.577570|0.576425|0.575201|0.571966|0.569312|0.568725|0.569031|0.562979|0.565571|0.562009|0.563371|0.561922|0.559152|0.554421|0.557195|0.551057|0.549503|0.545094|0.547534|0.546990|0.548880|0.543686|0.541546|0.537499|0.536774|0.539543|0.529627|0.535669|0.534489|0.526170|0.525895|0.527800|0.525975|0.525439|0.524312|0.520972|0.520185|0.517790|0.518879|0.517838|0.520310|0.518903
0.504760|0.502167|0.504809|0.501551|0.502281|0.503379|0.503145|0.511449|0.507645|0.511910|0.510177|0.507152|0.509140|0.503360|0.513257|0.508728|0.510038|0.515274|0.514786|0.510109|0.512635|0.514751|0.515179|0.513535|0.515329|0.516192|0.515737|0.520014|0.512426|0.516830|0.513991|0.515846|0.523636|0.513629|0.518337|0.515619|0.522430|0.519542|0.523356|0.517156|0.520805|0.520519|0.523240|0.522605|0.523948|0.522210|0.523268|0.525605|0.524917|0.525586|0.526278|0.526784|0.527913|0.530340|0.533204|0.530890|0.533951|0.530919|0.533506|0.534882|0.537878|0.539712|0.541184|0.537367|0.543620|0.553698|0.551175|0.559283|0.557071|0.567900|0.567168|0.565723|0.569193|0.575006|0.580933|0.582779|0.588450|0.596421|0.600771|0.605564|0.607341|0.620660|0.631202|0.635105|0.640489|0.647576|0.656889|0.660584|0.670747|0.680466|0.688192|0.699348|0.709575|0.716619|0.724001|0.736955|0.736254|0.748049|0.758250|0.770937|0.775392|0.786737|0.795838|0.799226|0.813040|0.820008|0.827204|0.831849|0.839672|0.848342|0.855683|0.861158|0.861906|0.875110|0.879630|0.880471|0.889444|0.891547|0.891421|0.894603|0.895872|0.899056|0.893945|0.896560|0.898435|0.899978|0.900640|0.897187|0.896002|0.897272|0.886848|0.893518|0.886734|0.883205|0.879331|0.871909|0.868389|0.868245|0.863046|0.851882|0.850026|0.843456|0.842128|0.834096|0.826238|0.819741|0.814093|0.807546|0.800833|0.796465|0.791263|0.784207|0.782429|0.773313|0.764837|0.759557|0.748604|0.742575|0.740737|0.728362|0.723960|0.717949|0.711819|0.704594|0.703044|0.691906|0.685757|0.679575|0.677642|0.670564|0.664680|0.659998|0.651665|0.649828|0.642325|0.636074|0.632962|0.629348|0.623663|0.618059|0.611695|0.605453|0.607075|0.603060|0.592257|0.595974|0.592391|0.584532|0.578855|0.576262|0.573921|0.570669|0.564875|0.564247|0.554410|0.554538|0.553213|0.547117|0.547976|0.543465
0.568136|0.569041|0.576935|0.580002|0.585893|0.588110|0.591188|0.600737|0.610577|0.612590|0.616292|0.624651|0.633463|0.631696|0.641084|0.646879|0.657257|0.662440|0.665567|0.666305|0.677449|0.683387|0.689143|0.701491|0.704783|0.709357|0.714641|0.719891|0.723075|0.727808|0.733379|0.732282|0.739631|0.740258|0.748068|0.745564|0.750567|0.749039|0.756073|0.759163|0.755105|0.757890|0.756132|0.759668|0.760466|0.755197|0.757563|0.754562|0.755813|0.754643|0.750065|0.744529|0.744211|0.745993|0.739091|0.735533|0.735009|0.727616|0.727633|0.722567|0.719924|0.710245|0.708724|0.706089|0.698848|0.695073|0.686770|0.683617|0.682570|0.679046|0.678762|0.670861|0.664700|0.663535|0.660768|0.659356|0.647070|0.648345|0.642115|0.640862|0.637349|0.633828|0.630159|0.629727|0.627416|0.624254|0.622009|0.622278|0.618010|0.610821|0.611047|0.611773|0.608822|0.611888|0.606858|0.606922|0.608531|0.608154|0.602213|0.602188|0.607799|0.606623|0.601901|0.599218|0.604080|0.601510|0.601937|0.604893|0.604758|0.605701|0.601996|0.604683|0.605055|0.608031|0.603291|0.612375|0.614567|0.610861|0.610652|0.615897|0.616924|0.621656|0.617593|0.618469|0.626555|0.626019|0.625349|0.632665|0.632316|0.632116|0.640111|0.637999|0.638452|0.641523|0.642573|0.645156|0.649645|0.655429|0.651559|0.658642|0.651881|0.656764|0.658569|0.661579|0.659597|0.662562|0.658957|0.663787|0.665662|0.665969|0.669730|0.671048|0.667164|0.668837|0.670314|0.670741|0.668405|0.670790|0.668665|0.669697|0.669904|0.663144|0.663751|0.660901|0.661560|0.656019|0.657039|0.651530|0.651674|0.652000|0.644255|0.644772|0.641886|0.641644|0.634915|0.634130|0.626151|0.623845|0.615399|0.617746|0.611974|0.607380|0.604550|0.595110|0.596061|0.590638|0.586048|0.586186|0.581229|0.578864|0.572073|0.572245|0.568464|0.564870|0.561337|0.555291|0.553733|0.554312|0.548374|0.546492
0.503784|0.505251|0.504081|0.505691|0.507228|0.507254|0.510456|0.510697|0.508520|0.506095|0.510642|0.512351|0.509522|0.509745|0.511984|0.515499|0.516087|0.517122|0.512722|0.516834|0.517002|0.518922|0.522010|0.519466|0.519622|0.523111|0.523674|0.520829|0.520068|0.522481|0.530102|0.526007|0.528430|0.526254|0.530098|0.531115|0.532892|0.534378|0.532270|0.537183|0.539336|0.533884|0.532471|0.540363|0.543188|0.541095|0.545209|0.540427|0.548305|0.543570|0.550158|0.551728|0.553232|0.554314|0.557749|0.554281|0.559995|0.560271|0.561978|0.564654|0.567851|0.567082|0.568343|0.572039|0.568073|0.579833|0.575354|0.578636|0.580334|0.587342|0.589757|0.584077|0.591934|0.595847|0.594739|0.594681|0.599898|0.601246|0.606369|0.608931|0.614296|0.614267|0.615063|0.624739|0.628676|0.627388|0.632042|0.632633|0.636417|0.643741|0.647561|0.650575|0.654153|0.660068|0.658508|0.672319|0.668000|0.673326|0.678572|0.678945|0.684655|0.689832|0.692439|0.698019|0.697672|0.708374|0.709289|0.715796|0.719169|0.720857|0.724474|0.733159|0.731286|0.735252|0.736785|0.745719|0.747453|0.751654|0.757364|0.758430|0.764158|0.760737|0.765966|0.771616|0.775820|0.777931|0.782370|0.784109|0.788078|0.787587|0.793676|0.794059|0.801197|0.797158|0.802573|0.805997|0.806163|0.806904|0.808371|0.808483|0.810444|0.817544|0.814734|0.818268|0.820982|0.819451|0.816078|0.815412|0.817931|0.816561|0.820406|0.818223|0.816718|0.812759|0.815504|0.808672|0.808685|0.803517|0.801002|0.798452|0.793694|0.791948|0.789596|0.783766|0.776593|0.774962|0.769404|0.763933|0.762818|0.754856|0.749482|0.741511|0.737936|0.735705|0.726198|0.722512|0.710511|0.708591|0.697838|0.694477|0.686067|0.676590|0.675222|0.669924|0.661094|0.649664|0.645356|0.638230|0.629753|0.630628|0.615104|0.611814|0.607491|0.599662|0.598843|0.591946|0.584841|0.577382|0.580552|0.568058
0.537159|0.539086|0.542665|0.544738|0.548967|0.549798|0.554723|0.559748|0.561123|0.562345|0.562610|0.562053|0.570710|0.576586|0.580187|0.581111|0.583938|0.592802|0.593571|0.596218|0.599464|0.609068|0.607456|0.609575|0.611249|0.618044|0.621606|0.623593|0.625869|0.629335|0.632126|0.636944|0.640011|0.641126|0.644116|0.645457|0.643618|0.648560|0.645952|0.650323|0.651660|0.654751|0.650160|0.655707|0.655202|0.651416|0.653107|0.655932|0.649419|0.654403|0.650094|0.650812|0.652332|0.653482|0.650337|0.646303|0.648937|0.651149|0.649588|0.647212|0.644232|0.643083|0.648984|0.644838|0.639899|0.640694|0.638572|0.637391|0.640801|0.634825|0.638305|0.638301|0.638003|0.641021|0.635165|0.637930|0.633729|0.637771|0.636959|0.639924|0.640287|0.640386|0.635373|0.642687|0.646200|0.645150|0.647368|0.642197|0.649701|0.653163|0.653866|0.651708|0.652584|0.657061|0.658141|0.662471|0.665733|0.671055|0.673123|0.675217|0.677917|0.681585|0.685670|0.683412|0.683212|0.685031|0.691299|0.696845|0.700596|0.700291|0.704975|0.703450|0.711755|0.710837|0.712884|0.713193|0.721383|0.719664|0.722212|0.724053|0.725099|0.731450|0.729461|0.735412|0.729582|0.736794|0.734408|0.733918|0.738706|0.742479|0.736156|0.737047|0.741101|0.740173|0.737312|0.739691|0.739942|0.742950|0.743071|0.737443|0.739677|0.740613|0.739795|0.735636|0.736801|0.734720|0.734408|0.731558|0.730495|0.733529|0.729175|0.726283|0.724021|0.722436|0.722219|0.719677|0.717734|0.714543|0.713742|0.708671|0.711104|0.702590|0.700864|0.701663|0.693039|0.692664|0.688670|0.686807|0.681489|0.675608|0.672367|0.667946|0.666578|0.663774|0.653360|0.654072|0.646594|0.636541|0.638566|0.630032|0.627653|0.621834|0.619135|0.616462|0.614795|0.604857|0.599203|0.593960|0.594654|0.585395|0.587041|0.580556|0.578917|0.580070|0.568113|0.565251|0.565546|0.559936|0.554464|0.551937
0.556587|0.563653|0.565433|0.566916|0.570276|0.581512|0.577769|0.581733|0.592038|0.594428|0.593982|0.607790|0.606883|0.610780|0.613963|0.623848|0.626342|0.630546|0.633524|0.642287|0.647824|0.650143|0.653661|0.655801|0.664356|0.667991|0.671110|0.676488|0.678104|0.686105|0.685580|0.688287|0.690963|0.693197|0.695035|0.701011|0.701217|0.703269|0.704790|0.701957|0.704882|0.711306|0.703162|0.704560|0.705369|0.707355|0.707420|0.707208|0.704085|0.697342|0.698762|0.698554|0.696357|0.691405|0.691869|0.685340|0.682112|0.680678|0.675085|0.678290|0.671201|0.668282|0.669939|0.669241|0.666021|0.657411|0.660403|0.654240|0.654144|0.651640|0.656596|0.644418|0.648489|0.649052|0.645200|0.646056|0.643184|0.639828|0.641719|0.648857|0.640814|0.640535|0.645664|0.645483|0.648421|0.649491|0.652745|0.653967|0.654508|0.658481|0.660888|0.663320|0.663732|0.672209|0.674333|0.677983|0.679811|0.685616|0.687833|0.695341|0.697807|0.695553|0.703187|0.709742|0.715123|0.713439|0.722422|0.722141|0.723742|0.735035|0.733762|0.735396|0.734868|0.737350|0.742576|0.741551|0.747586|0.750444|0.744971|0.742864|0.747331|0.744696|0.747775|0.746584|0.744353|0.744551|0.748230|0.739263|0.742064|0.738982|0.731259|0.735322|0.729551|0.726399|0.725753|0.720476|0.718527|0.710102|0.712351|0.706490|0.700267|0.700278|0.696945|0.686390|0.684931|0.682386|0.678791|0.677002|0.666660|0.658975|0.655453|0.651246|0.648773|0.645592|0.645600|0.638078|0.632328|0.631232|0.623507|0.617274|0.616463|0.617914|0.608953|0.605010|0.602800|0.601442|0.596019|0.595823|0.582332|0.583872|0.585206|0.574870|0.576759|0.572145|0.570687|0.569645|0.561824|0.562267|0.559216|0.558664|0.550910|0.551833|0.550523|0.544700|0.541347|0.540551|0.541519|0.540998|0.534648|0.534530|0.535266|0.532446|0.528831|0.527993|0.528540|0.524970|0.528077|0.519785|0.518323|0.519773
0.556070|0.557085|0.561908|0.563479|0.571942|0.576283|0.579848|0.582740|0.588629|0.589900|0.599089|0.600296|0.607860|0.615727|0.616723|0.627294|0.626692|0.629612|0.638325|0.640203|0.643863|0.654872|0.657324|0.659135|0.666264|0.672538|0.673887|0.672630|0.678679|0.682338|0.686469|0.692444|0.693210|0.694802|0.695081|0.703020|0.702084|0.697572|0.709291|0.706802|0.708522|0.703813|0.706684|0.704922|0.706498|0.703683|0.703172|0.702251|0.694568|0.696137|0.694294|0.696153|0.691761|0.687480|0.681715|0.681118|0.679985|0.673891|0.671708|0.667396|0.666511|0.658051|0.658929|0.655123|0.648928|0.644357|0.640573|0.643971|0.639507|0.635138|0.632211|0.633020|0.632105|0.629830|0.623998|0.621043|0.622218|0.620490|0.620957|0.616131|0.617206|0.620350|0.616386|0.617487|0.620106|0.623510|0.619983|0.624778|0.628866|0.621110|0.624071|0.631096|0.633094|0.634058|0.640819|0.640469|0.642251|0.643836|0.650681|0.650913|0.655091|0.661297|0.660258|0.663891|0.670759|0.677859|0.678277|0.676720|0.684154|0.680671|0.688537|0.693214|0.691949|0.699849|0.701007|0.698524|0.706343|0.707017|0.709702|0.711683|0.712585|0.714375|0.713740|0.707716|0.712924|0.717463|0.723108|0.721510|0.719250|0.722828|0.722930|0.721700|0.719891|0.718604|0.720952|0.713260|0.720324|0.716225|0.714391|0.717680|0.716585|0.708177|0.706926|0.705689|0.704663|0.698330|0.699407|0.699217|0.694434|0.699396|0.698135|0.688275|0.688631|0.684001|0.678507|0.682533|0.677040|0.671328|0.672284|0.671367|0.663027|0.661800|0.656822|0.658237|0.652483|0.647648|0.643921|0.642910|0.639333|0.631587|0.633444|0.625726|0.626877|0.619743|0.612738|0.613564|0.611655|0.604863|0.604800|0.600860|0.594398|0.589475|0.588399|0.582372|0.584017|0.574493|0.572960|0.571268|0.563813|0.565364|0.564774|0.557909|0.557163|0.550485|0.550434|0.551398|0.546594|0.540100|0.545830|0.536229
0.561029|0.563548|0.572570|0.570113|0.578871|0.579559|0.591368|0.592748|0.596995|0.604274|0.609511|0.614448|0.620031|0.628118|0.632709|0.633904|0.642166|0.653698|0.655596|0.657933|0.666927|0.673502|0.675342|0.686018|0.688488|0.696636|0.704570|0.709561|0.713862|0.717282|0.725373|0.728843|0.733680|0.738478|0.738542|0.745859|0.749964|0.752450|0.755261|0.764362|0.768519|0.769344|0.775031|0.776891|0.775666|0.777731|0.773507|0.784266|0.784556|0.783909|0.788404|0.787380|0.790580|0.790328|0.785216|0.787550|0.790634|0.786324|0.789106|0.789661|0.783835|0.786349|0.783454|0.782592|0.782997|0.784481|0.783819|0.780266|0.776214|0.780333|0.775743|0.771366|0.771468|0.771790|0.767871|0.767048|0.758802|0.758374|0.758258|0.754348|0.748550|0.746153|0.742712|0.738345|0.736798|0.732378|0.732119|0.728111|0.723496|0.718014|0.711592|0.708258|0.709267|0.699359|0.700029|0.695106|0.696001|0.692142|0.683942|0.683657|0.677383|0.672242|0.668876|0.666012|0.664273|0.659515|0.658629|0.647680|0.654572|0.650177|0.635472|0.639352|0.633958|0.631904|0.629257|0.626311|0.624671|0.621712|0.619481|0.618081|0.617151|0.616070|0.610743|0.612089|0.606194|0.605388|0.595410|0.602776|0.600871|0.597291|0.594070|0.604793|0.594541|0.594406|0.592697|0.595176|0.588209|0.585391|0.590822|0.589296|0.584527|0.585440|0.583409|0.588757|0.585542|0.585353|0.583341|0.584739|0.582823|0.579531|0.578852|0.576604|0.577932|0.575906|0.578650|0.574979|0.578592|0.573298|0.571269|0.574519|0.572191|0.572728|0.572236|0.568811|0.568990|0.563552|0.561484|0.564460|0.561578|0.561812|0.561084|0.556163|0.557224|0.556518|0.551388|0.550009|0.548258|0.547908|0.548260|0.548707|0.542423|0.542277|0.540721|0.538821|0.533868|0.536882|0.534939|0.533282|0.528897|0.530946|0.524029|0.526031|0.525043|0.523528|0.522731|0.525385|0.518933|0.518075|0.519230|0.519012
0.504371|0.504946|0.506914|0.505011|0.503441|0.508464|0.510431|0.507515|0.512502|0.509736|0.506458|0.511429|0.512755|0.511544|0.513736|0.517287|0.514501|0.516363|0.516736|0.518707|0.518358|0.517487|0.516230|0.520282|0.522529|0.520260|0.525985|0.522595|0.524492|0.519662|0.529128|0.528941|0.527468|0.525319|0.528870|0.529133|0.527886|0.533019|0.526356|0.530597|0.532702|0.532383|0.532455|0.532532|0.533198|0.534576|0.536001|0.531017|0.539904|0.533024|0.536131|0.538651|0.538645|0.541814|0.544320|0.547330|0.544597|0.542707|0.544072|0.543397|0.551182|0.548476|0.545734|0.549894|0.549159|0.550390|0.551459|0.555129|0.556951|0.558071|0.560083|0.558662|0.563276|0.566395|0.565046|0.568966|0.572441|0.575390|0.577098|0.579820|0.578787|0.584986|0.582784|0.594966|0.594954|0.592951|0.598192|0.599159|0.607143|0.607198|0.613590|0.619057|0.625897|0.621579|0.636153|0.633486|0.644859|0.643466|0.647217|0.651005|0.656496|0.660600|0.665135|0.670199|0.672986|0.680269|0.686066|0.691332|0.692661|0.704660|0.704550|0.710394|0.712471|0.716316|0.718458|0.722901|0.725053|0.733756|0.738082|0.745874|0.748544|0.754012|0.754149|0.760752|0.764008|0.774159|0.778465|0.779642|0.782657|0.782452|0.793670|0.792811|0.793259|0.801539|0.806937|0.807514|0.808755|0.811887|0.817240|0.820650|0.822510|0.821243|0.827359|0.828481|0.829600|0.832353|0.838476|0.832410|0.837227|0.838031|0.833713|0.836748|0.831946|0.831442|0.835892|0.832235|0.828631|0.830614|0.825066|0.821828|0.820029|0.815480|0.816378|0.813398|0.803893|0.797993|0.797207|0.787388|0.784261|0.779844|0.772414|0.769536|0.758455|0.755144|0.744166|0.737216|0.734956|0.722113|0.713117|0.708445|0.701094|0.698679|0.691830|0.675712|0.675339|0.663366|0.657382|0.656289|0.639159|0.635004|0.630605|0.621915|0.611499|0.607448|0.598420|0.595953|0.589263|0.585493|0.577791|0.574005
0.582179|0.588765|0.599065|0.599723|0.610624|0.615297|0.621166|0.629272|0.636585|0.645054|0.652687|0.653940|0.662982|0.673141|0.677984|0.688337|0.694757|0.704806|0.708136|0.716236|0.726427|0.732886|0.738383|0.747382|0.755105|0.756896|0.767286|0.771635|0.778024|0.786728|0.793503|0.794541|0.793947|0.802460|0.802271|0.806439|0.810876|0.814588|0.814316|0.821700|0.821926|0.816381|0.816508|0.819705|0.822273|0.813160|0.816063|0.816626|0.815732|0.808897|0.809475|0.807228|0.798422|0.789952|0.794909|0.787212|0.778598|0.778872|0.772716|0.763620|0.759644|0.752903|0.749783|0.746645|0.739673|0.730809|0.723819|0.717125|0.717058|0.716235|0.707598|0.697504|0.694207|0.689404|0.688884|0.678458|0.679226|0.678940|0.668108|0.668426|0.662780|0.661291|0.656741|0.653619|0.650334|0.648350|0.647753|0.640109|0.635315|0.640357|0.641782|0.635772|0.628351|0.633480|0.636493|0.638840|0.631823|0.635870|0.633677|0.633883|0.633189|0.633339|0.639053|0.633291|0.634439|0.633834|0.637064|0.635326|0.630055|0.637276|0.632722|0.635336|0.635856|0.637426|0.634780|0.634454|0.633365|0.634286|0.638331|0.637588|0.636673|0.637125|0.635267|0.635660|0.629990|0.628481|0.634093|0.630431|0.631183|0.629314|0.626808|0.628564|0.624842|0.622912|0.624066|0.618995|0.615194|0.615737|0.618128|0.613386|0.612258|0.603398|0.608395|0.606653|0.599020|0.601519|0.598157|0.596457|0.593569|0.594710|0.592964|0.589402|0.587791|0.581540|0.583265|0.579862|0.579855|0.576486|0.572338|0.572730|0.572091|0.572162|0.564639|0.564916|0.560552|0.559382|0.558295|0.557124|0.553887|0.554240|0.557162|0.553087|0.552083|0.543766|0.541610|0.539622|0.541545|0.533988|0.543130|0.538425|0.530957|0.535986|0.534341|0.530085|0.530560|0.530310|0.527118|0.525602|0.519896|0.524220|0.524094|0.523847|0.523068|0.524454|0.518588|0.519460|0.522649|0.516191|0.518781|0.517567
0.501526|0.507861|0.504465|0.505187|0.505708|0.505768|0.508031|0.507496|0.506251|0.511532|0.509881|0.509649|0.512720|0.508610|0.511191|0.512509|0.509924|0.506722|0.517156|0.515828|0.519158|0.521530|0.518539|0.520803|0.521166|0.519347|0.520307|0.524325|0.523204|0.526005|0.526181|0.531842|0.528931|0.536072|0.536254|0.535791|0.543301|0.545181|0.543321|0.544823|0.551676|0.552662|0.548954|0.557641|0.557424|0.558181|0.561865|0.567155|0.570947|0.571434|0.573705|0.576185|0.581427|0.588706|0.584239|0.590623|0.595105|0.594911|0.601079|0.605071|0.608907|0.607845|0.614810|0.615124|0.622236|0.627116|0.633000|0.633315|0.639470|0.643148|0.648114|0.653510|0.654163|0.658808|0.664544|0.665803|0.671838|0.677839|0.681041|0.685009|0.691618|0.686545|0.695552|0.701992|0.702724|0.712256|0.713982|0.717972|0.722399|0.722254|0.726182|0.731341|0.737479|0.744695|0.743524|0.748796|0.752742|0.752776|0.763000|0.762709|0.764567|0.765325|0.771094|0.775487|0.775416|0.781941|0.782729|0.783668|0.786061|0.788205|0.794371|0.795234|0.798466|0.797116|0.797760|0.804275|0.802227|0.806327|0.803264|0.804667|0.802130|0.804945|0.803925|0.799051|0.802466|0.799822|0.796788|0.797826|0.796897|0.795333|0.788042|0.787479|0.791493|0.784032|0.783088|0.780354|0.778924|0.773501|0.770883|0.767759|0.768329|0.761797|0.755433|0.751096|0.746774|0.748565|0.744901|0.736521|0.735659|0.728928|0.723733|0.722751|0.716451|0.711410|0.707700|0.701404|0.701509|0.691736|0.692722|0.690219|0.686257|0.678764|0.673320|0.664806|0.667011|0.655682|0.657204|0.651388|0.650487|0.636376|0.633164|0.629185|0.631499|0.621949|0.618083|0.612313|0.604559|0.604291|0.600540|0.594027|0.591774|0.588193|0.585529|0.580319|0.577441|0.570031|0.562943|0.565357|0.558060|0.558126|0.551119|0.546775|0.546558|0.542932|0.539383|0.536097|0.539345|0.530818|0.526861|0.529282
0.516458|0.518615|0.520550|0.519653|0.523665|0.526070|0.526144|0.527951|0.523873|0.532396|0.527392|0.531117|0.538777|0.534771|0.538915|0.540476|0.540856|0.539026|0.549172|0.551213|0.545511|0.545543|0.551172|0.556490|0.556356|0.555956|0.557563|0.560334|0.561883|0.564937|0.564376|0.565666|0.567002|0.567944|0.570209|0.574804|0.572301|0.577303|0.581641|0.578713|0.580556|0.586338|0.582317|0.586994|0.587309|0.586434|0.592231|0.589325|0.592281|0.591505|0.591960|0.597324|0.596594|0.599385|0.599234|0.602691|0.599869|0.605182|0.608809|0.610054|0.605956|0.608796|0.613986|0.615879|0.616633|0.618234|0.623639|0.626987|0.625628|0.627229|0.627931|0.637895|0.636815|0.640170|0.645655|0.649088|0.649275|0.654422|0.658904|0.661229|0.667274|0.672595|0.676029|0.677900|0.684246|0.690939|0.699086|0.700135|0.705707|0.712618|0.718211|0.724992|0.731766|0.738918|0.739809|0.746476|0.753594|0.757806|0.763592|0.770146|0.778028|0.785728|0.788198|0.789966|0.800209|0.800460|0.807660|0.814484|0.817110|0.817699|0.820589|0.826026|0.828620|0.832475|0.834531|0.836011|0.837353|0.838854|0.838871|0.841319|0.839086|0.836156|0.839617|0.839502|0.839361|0.834323|0.830240|0.829797|0.826382|0.827118|0.819499|0.818192|0.812614|0.811696|0.806598|0.801298|0.791390|0.788133|0.784836|0.780562|0.775315|0.765308|0.761028|0.754361|0.745733|0.745349|0.734913|0.735193|0.720957|0.719083|0.710506|0.704597|0.697253|0.691577|0.684658|0.680665|0.672943|0.671341|0.661138|0.658027|0.654252|0.651675|0.645709|0.635948|0.629896|0.630985|0.626106|0.621386|0.613664|0.606367|0.603405|0.602226|0.595336|0.589154|0.588254|0.585305|0.583185|0.577728|0.573169|0.570023|0.563526|0.565104|0.563248|0.557073|0.547470|0.551863|0.548110|0.546905|0.544030|0.542791|0.539715|0.541303|0.538352|0.536409|0.531824|0.526932|0.525740|0.526163|0.525454|0.522743
0.515070|0.520911|0.515868|0.518598|0.520348|0.518694|0.520093|0.521508|0.522113|0.525314|0.522402|0.524007|0.527242|0.529389|0.533904|0.531297|0.534602|0.530561|0.534259|0.540316|0.538879|0.544052|0.537670|0.543339|0.540854|0.541043|0.544388|0.548094|0.551282|0.550352|0.550555|0.546162|0.551692|0.555412|0.551658|0.553039|0.557751|0.552684|0.554292|0.555729|0.556842|0.555657|0.555145|0.559857|0.556649|0.555247|0.558370|0.555245|0.553891|0.559533|0.552384|0.550833|0.551206|0.553110|0.550944|0.552673|0.551456|0.551379|0.550823|0.551645|0.546384|0.548091|0.554682|0.541126|0.543179|0.543777|0.541411|0.548255|0.549280|0.542747|0.547136|0.544897|0.540908|0.543687|0.542157|0.545131|0.544048|0.541229|0.538745|0.544084|0.541418|0.546229|0.544365|0.545445|0.541506|0.545090|0.547723|0.548052|0.539097|0.542260|0.545310|0.546394|0.547262|0.550988|0.549771|0.556311|0.558284|0.559480|0.562573|0.564157|0.568316|0.566204|0.571870|0.572876|0.574398|0.579484|0.582032|0.583081|0.593594|0.594809|0.599981|0.606538|0.610735|0.614868|0.621442|0.627680|0.629921|0.631341|0.640438|0.650056|0.653224|0.662048|0.671261|0.675743|0.684803|0.687888|0.700428|0.709605|0.718479|0.723380|0.732178|0.743128|0.751955|0.753019|0.768499|0.776881|0.785884|0.794414|0.804651|0.814686|0.818754|0.825772|0.827600|0.837526|0.849941|0.852211|0.862117|0.867164|0.876026|0.880966|0.886812|0.889128|0.891964|0.896627|0.898735|0.899421|0.899348|0.908327|0.896127|0.901640|0.898159|0.901169|0.897354|0.892130|0.893003|0.892656|0.879928|0.877845|0.873126|0.868353|0.864317|0.853841|0.842531|0.841307|0.827851|0.825466|0.809341|0.804221|0.796323|0.786000|0.776374|0.763404|0.756124|0.745643|0.735626|0.725965|0.717333|0.708769|0.700805|0.689126|0.678071|0.675299|0.663392|0.655003|0.642382|0.635966|0.630426|0.620683|0.613983|0.605713
0.517641|0.518585|0.520366|0.519831|0.525523|0.526200|0.524730|0.528000|0.530157|0.536001|0.538533|0.533536|0.542561|0.542786|0.542737|0.542333|0.544666|0.548176|0.552484|0.551107|0.553198|0.558720|0.564256|0.563004|0.565636|0.566344|0.569857|0.574695|0.575637|0.581231|0.576294|0.582149|0.591029|0.586225|0.587858|0.590981|0.595061|0.601451|0.599822|0.603390|0.609474|0.610350|0.616529|0.618219|0.621880|0.625708|0.628710|0.628856|0.630746|0.637035|0.634491|0.644934|0.646556|0.650651|0.650973|0.653070|0.651322|0.654117|0.663659|0.668411|0.673349|0.671285|0.679745|0.684712|0.684404|0.688619|0.693148|0.692676|0.699133|0.703355|0.706674|0.707406|0.712877|0.716913|0.722016|0.723558|0.733404|0.732632|0.731159|0.736678|0.740704|0.747829|0.747575|0.752847|0.754730|0.756682|0.765248|0.768862|0.763506|0.770708|0.775176|0.778581|0.781263|0.783526|0.785607|0.789929|0.795058|0.793914|0.793832|0.797463|0.803237|0.803048|0.805572|0.807052|0.808904|0.808242|0.812844|0.812665|0.812577|0.813690|0.812328|0.816096|0.814525|0.813704|0.819927|0.812398|0.808728|0.812713|0.805065|0.809896|0.804689|0.804042|0.799203|0.797773|0.792575|0.793341|0.791663|0.785825|0.780670|0.777657|0.774500|0.771856|0.761544|0.752584|0.755376|0.748268|0.741720|0.738212|0.729072|0.720265|0.716943|0.707368|0.705978|0.696752|0.693364|0.689356|0.680912|0.676078|0.668317|0.664602|0.660814|0.654635|0.644122|0.640095|0.639600|0.628831|0.626415|0.617480|0.619820|0.613635|0.604650|0.605321|0.595151|0.594852|0.589937|0.586157|0.582201|0.579636|0.575472|0.573296|0.566635|0.563288|0.563720|0.564028|0.557302|0.554351|0.554108|0.549953|0.547885|0.540569|0.544246|0.542398|0.533756|0.536737|0.535777|0.533145|0.532783|0.529781|0.528266|0.525483|0.526082|0.522259|0.525578|0.521918|0.524204|0.521470|0.522220|0.519025|0.519862|0.516982
