1100;1105;1110;1115;1120;1125;1130;1135;1140;1145;1150;1155;1160;1165;1170;1175;1180;1185;1190;1195;1200;1205;1210;1215;1220;1225;1230;1235;1240;1245;1250;1255;1260;1265;1270;1275;1280;1285;1290;1295;1301;1306;1311;1316;1321;1326;1331;1336;1341;1346;1351;1356;1361;1366;1371;1376;1381;1386;1391;1396;1401;1406;1411;1416;1421;1426;1431;1436;1441;1446;1451;1456;1461;1466;1471;1476;1481;1486;1491;1496;1502;1507;1512;1517;1522;1527;1532;1537;1542;1547;1552;1557;1562;1567;1572;1577;1582;1587;1592;1597;1602;1607;1612;1617;1622;1627;1632;1637;1642;1647;1652;1657;1662;1667;1672;1677;1682;1687;1692;1697;1703;1708;1713;1718;1723;1728;1733;1738;1743;1748;1753;1758;1763;1768;1773;1778;1783;1788;1793;1798;1803;1808;1813;1818;1823;1828;1833;1838;1843;1848;1853;1858;1863;1868;1873;1878;1883;1888;1893;1898;1904;1909;1914;1919;1924;1929;1934;1939;1944;1949;1954;1959;1964;1969;1974;1979;1984;1989;1994;1999;2004;2009;2014;2019;2024;2029;2034;2039;2044;2049;2054;2059;2064;2069;2074;2079;2084;2089;2094;2100
0.549141;0.555263;0.558087;0.561778;0.565160;0.568517;0.570940;0.575310;0.580614;0.580249;0.585418;0.595699;0.595130;0.599628;0.603749;0.610098;0.617298;0.620140;0.627955;0.629939;0.635329;0.638409;0.641478;0.651291;0.650621;0.654074;0.665077;0.663513;0.672820;0.678103;0.681630;0.683270;0.689769;0.691943;0.696703;0.696772;0.702488;0.703745;0.709156;0.710124;0.706950;0.712773;0.717047;0.720143;0.722594;0.721487;0.722229;0.724714;0.723227;0.724015;0.725067;0.724723;0.724420;0.722667;0.723472;0.729471;0.724933;0.722340;0.725603;0.722007;0.726016;0.723575;0.722635;0.722146;0.719417;0.718041;0.714641;0.715159;0.708323;0.706693;0.706879;0.705769;0.705427;0.705019;0.699747;0.697008;0.694536;0.693386;0.686774;0.689193;0.687193;0.683228;0.679878;0.676403;0.669119;0.667581;0.662322;0.663026;0.660685;0.660889;0.656040;0.654479;0.646056;0.647951;0.643707;0.641850;0.642258;0.633420;0.631392;0.623164;0.624892;0.620884;0.619557;0.617474;0.618783;0.616219;0.610215;0.608698;0.607332;0.609006;0.604022;0.605669;0.605769;0.604556;0.604480;0.603744;0.605603;0.602461;0.606105;0.606899;0.603016;0.608669;0.607176;0.608075;0.615040;0.613498;0.619827;0.616622;0.622409;0.619307;0.622479;0.622914;0.631829;0.631319;0.632763;0.633371;0.645852;0.644327;0.648548;0.649468;0.652793;0.657718;0.658593;0.661030;0.663932;0.665106;0.668445;0.671867;0.675838;0.675233;0.676019;0.679923;0.684895;0.682591;0.682705;0.686493;0.689112;0.686507;0.682958;0.680806;0.685267;0.684741;0.686617;0.682711;0.682886;0.681813;0.677557;0.676569;0.676759;0.673531;0.667497;0.666212;0.661540;0.660929;0.653681;0.652458;0.646313;0.640453;0.640615;0.633434;0.627158;0.623904;0.622016;0.616631;0.616926;0.608236;0.603313;0.603710;0.599845;0.589347;0.585578;0.580505;0.577265;0.581010;0.570816;0.567678;0.565989;0.558321;0.558695;0.552765
0.555561;0.561125;0.565166;0.567073;0.573800;0.578061;0.582857;0.587178;0.592191;0.599170;0.603304;0.604633;0.608995;0.618016;0.621141;0.628873;0.636515;0.634782;0.641484;0.650784;0.654039;0.657346;0.663366;0.667086;0.674633;0.680740;0.687047;0.686302;0.693514;0.693326;0.699971;0.697860;0.701971;0.707181;0.706723;0.716740;0.715956;0.717686;0.721718;0.723361;0.721901;0.726787;0.726373;0.724285;0.726600;0.726414;0.728948;0.725112;0.724212;0.722655;0.718926;0.720032;0.717293;0.714653;0.710832;0.715896;0.705197;0.704031;0.701396;0.698328;0.693014;0.696358;0.695555;0.683846;0.680470;0.683681;0.677664;0.673220;0.667593;0.665369;0.663893;0.660089;0.655670;0.654803;0.648474;0.646876;0.638599;0.635897;0.636284;0.633557;0.635726;0.629815;0.621849;0.624168;0.620651;0.617976;0.617395;0.613081;0.614426;0.610801;0.608935;0.606716;0.601624;0.598737;0.599499;0.603503;0.593084;0.596259;0.599073;0.592754;0.596642;0.591282;0.598166;0.594992;0.595326;0.592747;0.592628;0.595546;0.592258;0.599901;0.597274;0.601910;0.599992;0.602539;0.602122;0.604068;0.605195;0.604361;0.608977;0.610440;0.613252;0.617482;0.620187;0.622782;0.622799;0.626143;0.630127;0.635746;0.633472;0.643359;0.639646;0.647718;0.645959;0.658017;0.660392;0.663729;0.663008;0.667081;0.671577;0.674596;0.679536;0.687243;0.688741;0.694250;0.693467;0.702053;0.698132;0.706558;0.704860;0.708145;0.711921;0.712816;0.713794;0.709718;0.714378;0.716919;0.720783;0.713014;0.718503;0.716109;0.720854;0.718848;0.713285;0.714458;0.712224;0.707126;0.709604;0.701228;0.700580;0.701509;0.694994;0.693697;0.687528;0.680590;0.683886;0.676308;0.669490;0.667106;0.666552;0.656970;0.653464;0.643538;0.639810;0.636109;0.634499;0.624496;0.622590;0.613482;0.609977;0.604492;0.602929;0.599879;0.594048;0.586269;0.584505;0.578139;0.575001;0.569879;0.568812;0.563233
0.515118;0.512109;0.519014;0.511039;0.516356;0.518298;0.520406;0.518253;0.520376;0.524836;0.524422;0.523130;0.524483;0.531838;0.528896;0.533613;0.535447;0.534847;0.536249;0.536830;0.540506;0.540158;0.548223;0.544054;0.549677;0.546655;0.552229;0.555559;0.554717;0.564038;0.563335;0.565792;0.566935;0.568243;0.570416;0.571453;0.581884;0.582441;0.581982;0.584255;0.592250;0.591029;0.600424;0.600958;0.600203;0.608510;0.602789;0.611182;0.617389;0.621366;0.619700;0.619661;0.627630;0.633873;0.639336;0.639239;0.645287;0.646334;0.651964;0.656957;0.663345;0.664080;0.666059;0.669634;0.676418;0.676523;0.682314;0.682671;0.689103;0.697953;0.700455;0.702409;0.708678;0.711527;0.707716;0.717570;0.717309;0.717285;0.724578;0.727179;0.728450;0.729527;0.735686;0.738654;0.743683;0.744848;0.746748;0.750035;0.756408;0.752865;0.753594;0.759757;0.758892;0.761249;0.764825;0.764526;0.767004;0.771698;0.768086;0.771890;0.771941;0.777435;0.777768;0.777955;0.774980;0.781058;0.783195;0.777883;0.781088;0.783073;0.781527;0.781066;0.785027;0.780046;0.783818;0.783773;0.784958;0.781761;0.778848;0.777175;0.781224;0.774670;0.776382;0.773844;0.771320;0.770957;0.764971;0.767368;0.759426;0.762122;0.761098;0.755786;0.749876;0.749554;0.738233;0.738470;0.738603;0.732399;0.731864;0.727212;0.725888;0.722168;0.718686;0.708866;0.710616;0.702727;0.699111;0.696465;0.694017;0.689786;0.682336;0.679422;0.678160;0.679132;0.669535;0.663347;0.657370;0.655289;0.651402;0.645625;0.641307;0.638159;0.640770;0.628893;0.630936;0.628272;0.622346;0.616158;0.614200;0.612783;0.606894;0.605878;0.599043;0.597803;0.594225;0.586127;0.586093;0.583369;0.581722;0.579587;0.569752;0.569826;0.565986;0.564026;0.565429;0.557881;0.552326;0.555983;0.548010;0.549273;0.542113;0.543745;0.543378;0.537294;0.535033;0.532092;0.531651;0.528408;0.530181;0.525472
0.515497;0.514298;0.518324;0.515673;0.519676;0.518149;0.521402;0.520201;0.525955;0.523123;0.526938;0.528963;0.531737;0.531013;0.530502;0.535368;0.531088;0.535826;0.534406;0.537557;0.541685;0.545481;0.540545;0.541996;0.544125;0.550438;0.547858;0.547281;0.549735;0.551207;0.551927;0.557536;0.557617;0.561325;0.563275;0.561621;0.561828;0.561492;0.564600;0.568863;0.565379;0.569045;0.570289;0.566098;0.574184;0.569877;0.579615;0.573654;0.577416;0.573568;0.577576;0.578838;0.579550;0.579606;0.585613;0.582414;0.583702;0.590372;0.588187;0.585657;0.587572;0.592769;0.594889;0.596109;0.597656;0.597994;0.602309;0.604394;0.604812;0.604945;0.614133;0.612243;0.612676;0.620045;0.621028;0.625120;0.625661;0.629948;0.626448;0.638622;0.638634;0.644594;0.647129;0.653514;0.657621;0.664656;0.662831;0.671085;0.670340;0.676476;0.680076;0.685325;0.693783;0.695435;0.706010;0.712677;0.708184;0.716540;0.722136;0.730830;0.731278;0.741507;0.744765;0.750670;0.757860;0.757972;0.762762;0.764382;0.771658;0.775389;0.780533;0.784376;0.787445;0.790652;0.794095;0.796918;0.793291;0.801372;0.800196;0.802754;0.806243;0.813686;0.807602;0.808135;0.811316;0.810836;0.806959;0.806807;0.806358;0.810585;0.806834;0.807632;0.802686;0.806969;0.798622;0.796388;0.797563;0.798608;0.790349;0.787509;0.786357;0.783484;0.777138;0.777930;0.777035;0.767530;0.766637;0.761101;0.756390;0.755898;0.748889;0.746992;0.742017;0.738944;0.732688;0.726027;0.724658;0.715947;0.717680;0.717565;0.711269;0.698938;0.701914;0.695807;0.686521;0.683570;0.679683;0.672172;0.668584;0.662751;0.660295;0.657700;0.650219;0.643417;0.634516;0.638011;0.632763;0.624996;0.623560;0.616061;0.607445;0.603328;0.601732;0.593434;0.595597;0.589412;0.584027;0.584026;0.577550;0.567314;0.570205;0.561490;0.562143;0.558030;0.552884;0.551481;0.548759;0.542027;0.542010;0.537051
0.563245;0.565863;0.574662;0.573196;0.579502;0.587901;0.592936;0.599049;0.603141;0.604283;0.608250;0.614896;0.624531;0.629225;0.635786;0.637480;0.645668;0.647260;0.656789;0.662523;0.663290;0.668861;0.675861;0.683695;0.686385;0.691846;0.702549;0.701972;0.706721;0.707257;0.712034;0.711281;0.716950;0.718527;0.726263;0.725491;0.726811;0.730240;0.730184;0.735739;0.730941;0.730590;0.730899;0.731752;0.732081;0.729062;0.734370;0.728890;0.730958;0.723163;0.719472;0.723536;0.713561;0.716978;0.711493;0.710403;0.703285;0.701066;0.697181;0.695518;0.689930;0.688502;0.682276;0.673106;0.674219;0.671830;0.667890;0.661044;0.662792;0.661706;0.662118;0.653525;0.652879;0.651221;0.650775;0.647672;0.651135;0.653400;0.647036;0.651988;0.646716;0.650017;0.646860;0.652038;0.656714;0.657533;0.661995;0.662575;0.668301;0.664926;0.670815;0.680115;0.678335;0.681634;0.685194;0.693139;0.692533;0.700360;0.705227;0.707926;0.710036;0.714386;0.718449;0.719816;0.728737;0.733736;0.738910;0.741590;0.743985;0.750590;0.752803;0.751390;0.759645;0.755517;0.757506;0.761059;0.766644;0.763186;0.757082;0.762161;0.763799;0.763042;0.763896;0.757548;0.754229;0.757750;0.749956;0.748188;0.746929;0.743968;0.735852;0.731672;0.725307;0.720838;0.719675;0.714021;0.711409;0.706552;0.695522;0.693243;0.684600;0.678895;0.675602;0.668037;0.658445;0.655160;0.647748;0.643342;0.632504;0.629689;0.624901;0.617967;0.614324;0.610655;0.601604;0.594303;0.591199;0.590685;0.579496;0.579407;0.572344;0.569174;0.561599;0.560540;0.560781;0.553963;0.547865;0.543792;0.547912;0.540874;0.538806;0.535382;0.534574;0.525295;0.525921;0.521925;0.521899;0.520045;0.515700;0.517919;0.512636;0.516719;0.514852;0.510746;0.508325;0.509412;0.511155;0.506758;0.507274;0.506504;0.505499;0.505733;0.503509;0.505773;0.506279;0.504910;0.509449;0.508260;0.501959;0.502389
0.511212;0.508168;0.504842;0.510738;0.506736;0.511131;0.515242;0.513132;0.515461;0.513717;0.518715;0.512048;0.516015;0.520210;0.518853;0.517547;0.520325;0.524888;0.523244;0.531809;0.525950;0.526080;0.527923;0.527710;0.529374;0.530167;0.528571;0.535101;0.534085;0.537860;0.540323;0.541603;0.539054;0.541887;0.545599;0.543606;0.544681;0.546316;0.552249;0.552873;0.553371;0.556746;0.557528;0.556066;0.555214;0.561112;0.561096;0.566783;0.569741;0.570344;0.573174;0.577597;0.573826;0.578405;0.577742;0.583302;0.585462;0.587894;0.591239;0.590122;0.595952;0.595936;0.602327;0.607544;0.609523;0.610303;0.615651;0.621092;0.623540;0.627026;0.630009;0.635267;0.635074;0.642951;0.645979;0.649003;0.654349;0.664348;0.662064;0.669827;0.675485;0.676127;0.682970;0.690197;0.695945;0.702940;0.703418;0.710870;0.721960;0.729148;0.730836;0.738601;0.741444;0.749058;0.758805;0.762978;0.768774;0.776093;0.776671;0.790224;0.795222;0.793274;0.802442;0.807672;0.815424;0.816923;0.819358;0.828241;0.829853;0.833330;0.839703;0.842106;0.844754;0.849351;0.844405;0.849935;0.856788;0.850320;0.855236;0.857149;0.855990;0.861079;0.855904;0.856508;0.849660;0.850673;0.847862;0.841566;0.847634;0.840932;0.836375;0.836099;0.827520;0.825420;0.821141;0.813563;0.807897;0.802039;0.800547;0.787860;0.786952;0.778676;0.770319;0.770517;0.763417;0.754768;0.748521;0.737715;0.734291;0.729165;0.728902;0.712964;0.710769;0.707985;0.697269;0.692126;0.691113;0.682354;0.678069;0.668661;0.665298;0.660485;0.652966;0.651629;0.647313;0.639878;0.637568;0.628813;0.625956;0.621090;0.614765;0.610223;0.602729;0.599730;0.596085;0.590853;0.589273;0.582945;0.584194;0.581178;0.571391;0.571855;0.571203;0.561535;0.560065;0.554651;0.555544;0.549262;0.549367;0.549015;0.548502;0.539812;0.536610;0.535416;0.533133;0.528869;0.533026;0.526486;0.532543;0.529983
0.541386;0.543661;0.548384;0.548678;0.551809;0.554459;0.553752;0.564001;0.561856;0.566666;0.568309;0.573660;0.577894;0.582066;0.587273;0.595937;0.593110;0.597051;0.602511;0.600784;0.605899;0.607816;0.615296;0.614697;0.617974;0.622342;0.627763;0.631270;0.636115;0.640037;0.638209;0.642630;0.641842;0.644189;0.648305;0.645820;0.649508;0.653584;0.645405;0.653992;0.648808;0.645363;0.654381;0.650347;0.654371;0.657237;0.654970;0.651966;0.651030;0.645751;0.647068;0.648887;0.639690;0.635181;0.640208;0.639648;0.633620;0.636325;0.633760;0.625529;0.621910;0.624862;0.620754;0.614639;0.613400;0.610830;0.606323;0.611451;0.601564;0.604305;0.597974;0.600030;0.598530;0.593680;0.592167;0.587450;0.587074;0.582268;0.584191;0.580759;0.583437;0.580295;0.579728;0.577971;0.569859;0.578789;0.573358;0.571703;0.572077;0.571376;0.572427;0.568568;0.570164;0.568579;0.570227;0.571516;0.567355;0.576832;0.573381;0.571982;0.573222;0.578441;0.576566;0.580713;0.578117;0.577753;0.588585;0.588734;0.589488;0.593281;0.593787;0.596971;0.599354;0.603521;0.606776;0.608866;0.615261;0.618437;0.619003;0.630364;0.627912;0.631523;0.636899;0.644962;0.647659;0.653559;0.658152;0.661168;0.670744;0.677453;0.679767;0.685396;0.690117;0.703402;0.707095;0.711331;0.713271;0.725154;0.726766;0.730054;0.737417;0.740593;0.750866;0.751103;0.757218;0.760765;0.766474;0.768446;0.771462;0.777699;0.775406;0.784450;0.784131;0.785517;0.785127;0.786330;0.789466;0.787086;0.793096;0.788075;0.787746;0.783885;0.786644;0.781543;0.781021;0.779769;0.769389;0.768414;0.763613;0.762306;0.758418;0.749244;0.743717;0.736400;0.734955;0.727497;0.716284;0.711243;0.706082;0.698164;0.694100;0.688448;0.680062;0.677023;0.662762;0.658054;0.655331;0.642459;0.632798;0.630101;0.622480;0.615793;0.611823;0.605989;0.596253;0.590877;0.582889;0.580771;0.573204;0.571098
0.504343;0.504852;0.506496;0.506707;0.504877;0.502908;0.503971;0.504141;0.503830;0.505127;0.500466;0.509386;0.505197;0.503965;0.507661;0.510711;0.504973;0.508727;0.505021;0.510334;0.511772;0.509462;0.509025;0.511111;0.510082;0.515085;0.511849;0.513639;0.516519;0.516169;0.516120;0.517232;0.512713;0.515468;0.513953;0.521363;0.521181;0.521838;0.520785;0.520762;0.526505;0.524872;0.524834;0.525791;0.525492;0.527395;0.530270;0.532447;0.530850;0.535925;0.532635;0.534690;0.540885;0.540469;0.537768;0.546831;0.546028;0.550365;0.552519;0.552047;0.553967;0.553499;0.564998;0.564823;0.564300;0.571051;0.571057;0.577996;0.576660;0.582287;0.583315;0.586238;0.588843;0.598031;0.597983;0.609220;0.613078;0.621230;0.621146;0.625877;0.635910;0.638659;0.645609;0.647569;0.663082;0.665482;0.674488;0.677247;0.686868;0.694427;0.699899;0.710004;0.711179;0.722491;0.731373;0.736835;0.742328;0.754190;0.760764;0.765104;0.774658;0.785259;0.790146;0.798939;0.804913;0.812706;0.822261;0.825298;0.833957;0.838839;0.841298;0.844398;0.857929;0.860027;0.861161;0.865619;0.871267;0.872527;0.868297;0.874483;0.874451;0.878997;0.876863;0.875964;0.877380;0.880518;0.876359;0.872934;0.871688;0.874302;0.865710;0.865631;0.860780;0.861789;0.861792;0.855423;0.847776;0.846737;0.842511;0.833196;0.828797;0.821586;0.817633;0.810281;0.805593;0.801833;0.796415;0.787829;0.781383;0.778188;0.769859;0.771205;0.760411;0.755470;0.750808;0.736738;0.735520;0.729029;0.720994;0.716972;0.710129;0.708056;0.704028;0.700537;0.687112;0.682009;0.679932;0.670071;0.663158;0.660277;0.656344;0.650503;0.648369;0.637667;0.634721;0.629576;0.623745;0.619730;0.611844;0.612948;0.604483;0.600234;0.592141;0.595415;0.583718;0.582846;0.579592;0.579914;0.569649;0.567960;0.561377;0.559085;0.560902;0.556063;0.553600;0.543707;0.548169;0.540698;0.540074;0.538900
0.522492;0.523563;0.524806;0.523160;0.529920;0.533653;0.528748;0.535226;0.534663;0.531761;0.537825;0.544689;0.542345;0.544195;0.546619;0.548563;0.550399;0.556315;0.553681;0.554992;0.555448;0.560714;0.561774;0.564130;0.569969;0.571621;0.571238;0.577607;0.574383;0.581603;0.576818;0.575330;0.579308;0.579434;0.579988;0.584607;0.583207;0.583978;0.583987;0.581535;0.586264;0.586287;0.583489;0.584277;0.585641;0.586877;0.584059;0.585518;0.582620;0.585762;0.581928;0.585821;0.583140;0.585924;0.585779;0.577923;0.583296;0.578857;0.579528;0.575309;0.583493;0.575757;0.581519;0.576866;0.580701;0.576199;0.581170;0.579134;0.582422;0.579822;0.585700;0.585006;0.582622;0.587798;0.590644;0.591487;0.594575;0.601632;0.603403;0.605168;0.606584;0.610639;0.613342;0.621459;0.627519;0.629147;0.633865;0.639956;0.641778;0.646883;0.655394;0.659583;0.663907;0.675546;0.674243;0.685696;0.695285;0.692396;0.703576;0.708473;0.718558;0.722476;0.726281;0.737668;0.741268;0.747944;0.754760;0.761173;0.768284;0.772595;0.769483;0.777545;0.783697;0.790936;0.793933;0.795093;0.799603;0.804226;0.810124;0.809199;0.811122;0.814437;0.820458;0.820939;0.818695;0.819386;0.816882;0.821917;0.820550;0.823324;0.819358;0.819609;0.817727;0.819991;0.814331;0.811751;0.812321;0.809083;0.800406;0.800103;0.799968;0.796405;0.794809;0.790376;0.787196;0.783660;0.780975;0.779250;0.767167;0.767928;0.762830;0.760059;0.751677;0.751108;0.748977;0.742082;0.733687;0.731952;0.724443;0.722765;0.719582;0.718401;0.716040;0.702604;0.698207;0.694293;0.686057;0.683230;0.683122;0.676749;0.668902;0.662910;0.662818;0.649758;0.650218;0.645888;0.638507;0.628792;0.627081;0.626495;0.620110;0.611614;0.607431;0.611349;0.600808;0.589960;0.591711;0.583627;0.585017;0.582510;0.575295;0.568035;0.566707;0.568000;0.563953;0.559003;0.554786;0.552030;0.547125;0.545472
0.513468;0.514479;0.512901;0.518739;0.519585;0.517140;0.517928;0.521747;0.522274;0.521463;0.521946;0.525671;0.525959;0.525119;0.527466;0.530201;0.531417;0.535096;0.535695;0.538183;0.539286;0.544342;0.540529;0.547551;0.549312;0.550897;0.548257;0.553239;0.555713;0.562109;0.564898;0.562964;0.570762;0.571424;0.576106;0.578662;0.579922;0.585905;0.585470;0.592273;0.596253;0.603087;0.602940;0.609456;0.613839;0.617623;0.618660;0.618736;0.632052;0.633396;0.641758;0.638541;0.645001;0.651555;0.656730;0.660498;0.662246;0.673889;0.671275;0.678661;0.685328;0.692525;0.696322;0.699582;0.707246;0.704950;0.716066;0.722524;0.723671;0.727018;0.733646;0.736418;0.741318;0.744863;0.749067;0.757596;0.751160;0.759143;0.764783;0.765121;0.770159;0.773035;0.778074;0.781777;0.781520;0.786407;0.785520;0.792397;0.796471;0.796051;0.800759;0.795719;0.797411;0.806759;0.805519;0.804743;0.808580;0.808006;0.808730;0.808150;0.813857;0.813857;0.808354;0.811954;0.811720;0.812254;0.810332;0.808681;0.807183;0.808171;0.802990;0.810404;0.803367;0.801082;0.799759;0.803552;0.799660;0.797465;0.795434;0.789733;0.786832;0.781928;0.777256;0.776979;0.773094;0.771491;0.765311;0.758309;0.754342;0.750450;0.748636;0.743551;0.734195;0.726627;0.718784;0.718276;0.712291;0.708068;0.700369;0.697370;0.688132;0.680676;0.678379;0.670818;0.667585;0.658475;0.657720;0.649895;0.645489;0.634342;0.633511;0.628393;0.620144;0.614984;0.610564;0.606278;0.603220;0.598987;0.592099;0.588771;0.588432;0.577945;0.578729;0.569537;0.566491;0.559055;0.560748;0.559471;0.555887;0.553574;0.546768;0.547627;0.544638;0.544793;0.538079;0.532012;0.535695;0.531766;0.525341;0.529500;0.527224;0.523317;0.516523;0.517198;0.515042;0.515992;0.516140;0.513828;0.510786;0.509990;0.507172;0.506669;0.505184;0.505495;0.506958;0.506459;0.499732;0.499751;0.499363;0.504456
0.504014;0.506212;0.504287;0.503467;0.507404;0.507081;0.509404;0.504169;0.509429;0.508434;0.505796;0.505135;0.513705;0.513962;0.511085;0.507761;0.514060;0.513120;0.515786;0.518497;0.514266;0.518746;0.517568;0.518243;0.517206;0.518705;0.523037;0.525564;0.524647;0.526093;0.530060;0.532758;0.528255;0.532567;0.534275;0.538095;0.542604;0.542102;0.548003;0.548064;0.549528;0.550696;0.549364;0.562756;0.561593;0.568235;0.565364;0.575565;0.576304;0.578997;0.579189;0.584422;0.591680;0.594918;0.599436;0.601329;0.605116;0.608289;0.618211;0.620858;0.623829;0.627385;0.628579;0.643879;0.643042;0.644612;0.653857;0.658273;0.664689;0.668210;0.677089;0.679918;0.682909;0.688771;0.693308;0.700898;0.705578;0.712438;0.709982;0.718706;0.724268;0.732299;0.738515;0.742918;0.749543;0.754221;0.755919;0.762035;0.767171;0.777433;0.772588;0.786630;0.784601;0.795543;0.798091;0.801040;0.808568;0.814386;0.815441;0.821333;0.824563;0.822208;0.831848;0.834672;0.838945;0.842436;0.844384;0.845853;0.849229;0.850427;0.853572;0.850431;0.853605;0.851880;0.853401;0.853734;0.856853;0.853829;0.855791;0.854556;0.853433;0.849924;0.847971;0.846910;0.841747;0.838853;0.831976;0.830000;0.821567;0.826355;0.814934;0.814630;0.811282;0.798709;0.791658;0.787117;0.781340;0.768128;0.768879;0.762645;0.752870;0.743728;0.746461;0.733431;0.725808;0.723995;0.710348;0.710785;0.701397;0.691615;0.687236;0.681350;0.669854;0.666612;0.659796;0.654114;0.646178;0.644059;0.635660;0.629657;0.620529;0.622324;0.608690;0.606233;0.604519;0.598059;0.593326;0.586076;0.586622;0.580621;0.577223;0.570424;0.567971;0.566272;0.558015;0.559268;0.560315;0.551158;0.548004;0.546361;0.540806;0.542615;0.544509;0.541825;0.533661;0.532837;0.527250;0.528373;0.526210;0.522088;0.524195;0.520271;0.516838;0.511933;0.517921;0.514632;0.512977;0.513476;0.510854;0.505611
0.584311;0.591296;0.593455;0.601851;0.605292;0.616253;0.617940;0.624511;0.639764;0.640848;0.649201;0.656308;0.667375;0.672723;0.675732;0.684199;0.690881;0.698052;0.705554;0.714096;0.717850;0.732283;0.738352;0.743854;0.754806;0.756792;0.764440;0.770193;0.776252;0.783063;0.786369;0.793330;0.794458;0.799286;0.801843;0.805525;0.809879;0.812534;0.813655;0.812749;0.814778;0.816284;0.814516;0.820115;0.819474;0.817447;0.807949;0.814840;0.802778;0.807447;0.805521;0.801375;0.799752;0.791916;0.787133;0.789028;0.784475;0.778073;0.770580;0.765675;0.757053;0.757115;0.746439;0.749132;0.734757;0.730414;0.731055;0.727712;0.713957;0.714179;0.710134;0.702313;0.699378;0.697068;0.694295;0.687172;0.679845;0.682685;0.678550;0.675508;0.671422;0.669593;0.664883;0.661008;0.658705;0.660902;0.659750;0.656959;0.654238;0.653669;0.650118;0.653357;0.651268;0.655892;0.649215;0.652894;0.651782;0.655410;0.648172;0.657143;0.652696;0.653059;0.657259;0.653259;0.655651;0.656579;0.658063;0.661606;0.660336;0.656619;0.660138;0.657230;0.658302;0.656455;0.657319;0.658890;0.659049;0.657930;0.654579;0.658524;0.660801;0.655783;0.654271;0.653225;0.648844;0.642599;0.643127;0.638706;0.642251;0.635976;0.638054;0.631371;0.633380;0.633901;0.627031;0.619998;0.614776;0.611745;0.611311;0.608359;0.606098;0.604729;0.601663;0.593237;0.586780;0.594019;0.584231;0.578670;0.574247;0.572347;0.569391;0.565369;0.560441;0.561516;0.557328;0.556633;0.552825;0.554803;0.544448;0.546615;0.541460;0.539492;0.536645;0.533364;0.533147;0.531366;0.530285;0.528662;0.523581;0.522557;0.520763;0.520394;0.518502;0.518509;0.513676;0.514839;0.514003;0.511147;0.512419;0.511107;0.506065;0.507587;0.507767;0.506480;0.509492;0.509259;0.506142;0.506251;0.502550;0.499181;0.503276;0.501784;0.502582;0.500877;0.501377;0.499263;0.503302;0.499294;0.499434;0.496244
0.562204;0.568914;0.577097;0.578436;0.582550;0.588053;0.598430;0.598938;0.606689;0.608635;0.616701;0.625374;0.628430;0.632800;0.642604;0.643047;0.659482;0.657333;0.668697;0.669574;0.672427;0.682751;0.689918;0.692420;0.695247;0.701385;0.709937;0.712917;0.716824;0.725416;0.728314;0.732232;0.732186;0.739767;0.742468;0.746412;0.745881;0.743237;0.752095;0.752918;0.750215;0.754773;0.751895;0.752695;0.753208;0.751088;0.750855;0.750069;0.748018;0.751693;0.745449;0.739164;0.740226;0.734886;0.731606;0.728902;0.724312;0.726204;0.722430;0.716536;0.706893;0.702520;0.700225;0.694985;0.691217;0.689191;0.682840;0.677760;0.673618;0.669987;0.663995;0.664371;0.660039;0.651565;0.642941;0.635802;0.640019;0.639576;0.633831;0.626289;0.625080;0.624929;0.616986;0.616755;0.608341;0.608817;0.608732;0.603015;0.600483;0.601571;0.591345;0.591676;0.592404;0.586170;0.585547;0.591104;0.586872;0.589153;0.581877;0.583649;0.581207;0.579693;0.585168;0.579842;0.580904;0.581307;0.582912;0.580725;0.582984;0.582860;0.582120;0.582601;0.586769;0.582776;0.584996;0.590331;0.587593;0.593028;0.592630;0.597550;0.596729;0.600244;0.599242;0.606514;0.608031;0.609743;0.616949;0.615652;0.622343;0.619235;0.623633;0.630253;0.629996;0.640297;0.637576;0.643629;0.641982;0.647953;0.651407;0.654008;0.658428;0.664592;0.663168;0.667708;0.673115;0.672137;0.679626;0.679480;0.684704;0.674482;0.682908;0.686208;0.692698;0.686099;0.689892;0.692015;0.693611;0.696439;0.687892;0.693344;0.692618;0.688490;0.691350;0.681743;0.688730;0.683522;0.680531;0.678658;0.672790;0.673620;0.671002;0.671343;0.662146;0.658504;0.651723;0.650909;0.647111;0.645418;0.631318;0.634069;0.629279;0.618454;0.618734;0.617017;0.614884;0.603535;0.605299;0.597165;0.596988;0.585507;0.586988;0.584033;0.572822;0.573426;0.566198;0.562875;0.561777;0.559633;0.554861;0.549222
0.551303;0.560955;0.560673;0.569068;0.572595;0.576469;0.580324;0.586155;0.588142;0.595147;0.598279;0.601629;0.608916;0.616589;0.612921;0.626594;0.628685;0.631873;0.637746;0.642263;0.647465;0.653066;0.653842;0.658801;0.665469;0.667183;0.673842;0.679424;0.681592;0.682057;0.689459;0.691502;0.693531;0.697236;0.699045;0.703644;0.705173;0.706627;0.708200;0.708944;0.711670;0.716447;0.715344;0.714114;0.714341;0.712747;0.715142;0.714660;0.713019;0.708295;0.708109;0.704008;0.704646;0.705909;0.702155;0.703584;0.695240;0.693869;0.694041;0.687991;0.689782;0.686827;0.682594;0.682152;0.678402;0.673682;0.675155;0.670683;0.671860;0.666367;0.660241;0.663242;0.662558;0.661110;0.657451;0.652950;0.654413;0.650530;0.653924;0.650048;0.653987;0.648259;0.653666;0.650073;0.657944;0.652272;0.657935;0.653046;0.655458;0.654029;0.658628;0.655467;0.658311;0.660988;0.665466;0.661849;0.666190;0.668189;0.669295;0.673418;0.671944;0.672908;0.680562;0.679084;0.678958;0.685326;0.689081;0.687087;0.688478;0.689360;0.692682;0.697144;0.693786;0.705593;0.700903;0.700814;0.704904;0.700595;0.702692;0.703034;0.707590;0.707495;0.710016;0.709103;0.704700;0.706712;0.703307;0.700307;0.708227;0.699926;0.703395;0.700648;0.704913;0.700065;0.702996;0.696999;0.697549;0.692593;0.693010;0.690479;0.690776;0.681913;0.686335;0.685262;0.681588;0.678442;0.674617;0.675590;0.670105;0.673932;0.662887;0.662798;0.656722;0.656968;0.654816;0.651022;0.651595;0.647421;0.642102;0.641576;0.637383;0.639666;0.634080;0.628242;0.625569;0.622110;0.619264;0.610462;0.609533;0.606426;0.605639;0.608716;0.600153;0.596342;0.596848;0.590524;0.584824;0.589278;0.579787;0.573857;0.572068;0.573709;0.570627;0.566629;0.564197;0.564026;0.555272;0.559065;0.557147;0.547308;0.551254;0.543691;0.549505;0.541618;0.536839;0.535578;0.532782;0.536038;0.532926;0.532820
0.529469;0.533144;0.538381;0.539255;0.546625;0.548165;0.545633;0.551361;0.555016;0.560466;0.560241;0.565257;0.571191;0.571194;0.574920;0.574842;0.582530;0.588299;0.587163;0.591563;0.598197;0.604372;0.600239;0.606769;0.611561;0.615006;0.616687;0.620090;0.621067;0.629751;0.635466;0.633472;0.636766;0.643879;0.644524;0.649265;0.650013;0.656245;0.654431;0.660024;0.660162;0.661976;0.664551;0.673118;0.672948;0.680187;0.677012;0.684368;0.683653;0.681634;0.685446;0.687723;0.690161;0.685641;0.696806;0.693703;0.693092;0.701449;0.703619;0.702702;0.702401;0.700042;0.705967;0.706367;0.710179;0.702273;0.706013;0.705678;0.703324;0.702316;0.707540;0.710379;0.706585;0.706865;0.708991;0.706600;0.705439;0.702442;0.702122;0.701296;0.696935;0.701223;0.693271;0.692579;0.693093;0.689439;0.691866;0.686679;0.687194;0.678510;0.677681;0.680001;0.675928;0.671712;0.672492;0.667591;0.670227;0.665885;0.659790;0.658191;0.657304;0.655070;0.658900;0.647615;0.648547;0.644660;0.643054;0.644911;0.641703;0.641113;0.640803;0.636026;0.639072;0.633421;0.635030;0.636329;0.630205;0.638504;0.632650;0.636522;0.631096;0.636311;0.638074;0.640442;0.633721;0.640542;0.646932;0.644810;0.647140;0.645696;0.652274;0.654893;0.656374;0.656617;0.659221;0.663252;0.666516;0.672671;0.672039;0.674720;0.678689;0.676663;0.683597;0.682710;0.683979;0.687403;0.692604;0.693182;0.692573;0.693954;0.694915;0.697782;0.699735;0.704644;0.705831;0.701105;0.706451;0.700239;0.699331;0.701252;0.704083;0.700307;0.693960;0.697097;0.693309;0.694216;0.689823;0.688840;0.679281;0.679659;0.677921;0.678210;0.671324;0.665766;0.655574;0.658335;0.651823;0.646089;0.641054;0.640496;0.632813;0.630393;0.625193;0.620401;0.617441;0.613007;0.600562;0.599817;0.594425;0.592691;0.590044;0.583657;0.583386;0.576401;0.573809;0.568428;0.565658;0.563097;0.559722;0.552127
0.506035;0.506411;0.509202;0.503557;0.509737;0.508484;0.513675;0.516966;0.510457;0.510350;0.519825;0.510930;0.514435;0.511481;0.518130;0.520861;0.515229;0.519809;0.522583;0.521489;0.526506;0.521479;0.519369;0.524869;0.528558;0.531441;0.529408;0.531575;0.534216;0.530178;0.536094;0.535827;0.535558;0.537879;0.540738;0.537084;0.541465;0.541816;0.545536;0.548011;0.550457;0.548072;0.553632;0.552961;0.558125;0.558366;0.561309;0.564874;0.564944;0.565957;0.571959;0.571641;0.574997;0.579083;0.572646;0.580712;0.586620;0.585042;0.589953;0.596786;0.595197;0.600637;0.602316;0.605323;0.606726;0.609376;0.617012;0.621690;0.622907;0.630682;0.634883;0.638603;0.642894;0.646244;0.650759;0.656302;0.666097;0.665853;0.669166;0.673092;0.683965;0.688613;0.697172;0.699454;0.706252;0.711425;0.716602;0.722411;0.727740;0.739070;0.743026;0.757084;0.759258;0.765454;0.773006;0.773511;0.781033;0.785234;0.789071;0.804121;0.803893;0.810072;0.818118;0.828545;0.826842;0.832974;0.838753;0.840874;0.848861;0.849058;0.855094;0.860881;0.856814;0.861701;0.862663;0.873758;0.868376;0.868042;0.869345;0.871955;0.869184;0.868673;0.867256;0.866820;0.862259;0.861956;0.854637;0.854709;0.849342;0.839601;0.848496;0.840610;0.834324;0.825205;0.825413;0.815229;0.813724;0.806051;0.802494;0.788647;0.788347;0.774439;0.768274;0.765499;0.756000;0.749915;0.744744;0.736266;0.726451;0.721898;0.719980;0.706405;0.700795;0.693743;0.689597;0.682945;0.674992;0.667934;0.664141;0.655166;0.650482;0.645564;0.641096;0.634191;0.633176;0.624589;0.618527;0.610552;0.607716;0.602287;0.602247;0.595378;0.592549;0.590711;0.582543;0.579673;0.576551;0.570731;0.565146;0.568669;0.556233;0.560759;0.554776;0.552149;0.549330;0.550258;0.543922;0.542843;0.540106;0.538830;0.539224;0.532088;0.528828;0.532767;0.527199;0.523797;0.525074;0.522857;0.518569;0.518571
0.541438;0.543904;0.547510;0.554028;0.553823;0.552302;0.559578;0.560911;0.564759;0.569188;0.573775;0.582872;0.582951;0.584062;0.588634;0.596424;0.601044;0.601663;0.605750;0.608534;0.611485;0.613277;0.616486;0.622252;0.630060;0.628422;0.635689;0.634892;0.632999;0.640319;0.639428;0.640775;0.646348;0.650128;0.653672;0.650173;0.651488;0.657234;0.659651;0.655195;0.658750;0.657148;0.659707;0.657960;0.653705;0.658978;0.657060;0.660134;0.654320;0.653844;0.648842;0.648029;0.646808;0.648796;0.647771;0.638874;0.640416;0.639101;0.634712;0.636816;0.638368;0.624976;0.625128;0.626094;0.626164;0.623470;0.619959;0.619498;0.619113;0.616541;0.617074;0.614867;0.618887;0.617449;0.614192;0.619359;0.617724;0.614471;0.619994;0.623798;0.620307;0.625663;0.620910;0.622467;0.629354;0.630345;0.632927;0.636607;0.637410;0.643938;0.650804;0.649704;0.658379;0.661146;0.660391;0.670647;0.672228;0.676789;0.686524;0.684307;0.696811;0.696704;0.706312;0.708634;0.713292;0.714806;0.726804;0.730812;0.728826;0.734410;0.736322;0.744286;0.746323;0.746454;0.751243;0.752125;0.753262;0.760151;0.764221;0.762468;0.764757;0.765864;0.766462;0.767839;0.770037;0.771867;0.770425;0.766370;0.769634;0.769410;0.764197;0.759735;0.763286;0.754785;0.763466;0.758028;0.753684;0.752313;0.747962;0.741100;0.739084;0.735785;0.734853;0.730524;0.725415;0.722738;0.720308;0.718809;0.717585;0.707971;0.701134;0.700824;0.700935;0.696851;0.690363;0.690559;0.682733;0.679981;0.673260;0.669115;0.669514;0.661916;0.658864;0.653389;0.648395;0.644955;0.642796;0.634894;0.633559;0.624227;0.625169;0.623048;0.618740;0.615262;0.607371;0.603586;0.599565;0.595625;0.591705;0.588139;0.584166;0.582452;0.576375;0.571215;0.576107;0.569852;0.565699;0.564187;0.554920;0.556711;0.550692;0.546851;0.547341;0.544184;0.542494;0.539832;0.542086;0.536763;0.535413;0.529986
0.512370;0.512547;0.519077;0.514657;0.514821;0.519506;0.520853;0.522278;0.526721;0.526874;0.521648;0.530540;0.525815;0.529509;0.531765;0.533934;0.537940;0.534018;0.539826;0.545143;0.545352;0.543388;0.551686;0.552703;0.554119;0.558512;0.558694;0.567939;0.565470;0.573501;0.570004;0.572059;0.576073;0.577400;0.586166;0.584923;0.586671;0.590236;0.592622;0.599175;0.601832;0.605717;0.605474;0.614355;0.617380;0.619237;0.629041;0.629427;0.631766;0.638316;0.640122;0.648707;0.649521;0.652194;0.657855;0.662016;0.666643;0.672679;0.673742;0.678032;0.680005;0.687526;0.687940;0.694602;0.693749;0.696725;0.706130;0.707898;0.706368;0.704074;0.712491;0.715178;0.712881;0.713841;0.713781;0.717027;0.721139;0.720227;0.717220;0.721790;0.722020;0.719844;0.715693;0.719387;0.716034;0.719541;0.709332;0.716539;0.708953;0.708474;0.703599;0.701229;0.701930;0.696232;0.695312;0.686822;0.684752;0.685915;0.681559;0.679964;0.670253;0.671040;0.671957;0.669179;0.663747;0.655522;0.654965;0.653351;0.656172;0.653243;0.649366;0.650887;0.646739;0.643504;0.644357;0.642879;0.640654;0.642038;0.643768;0.645310;0.644846;0.648801;0.645680;0.648044;0.646647;0.650272;0.649516;0.656530;0.660397;0.658574;0.666838;0.669070;0.667261;0.672960;0.677130;0.685263;0.685640;0.690062;0.691656;0.698829;0.707186;0.705929;0.708754;0.713275;0.715341;0.722487;0.717909;0.727790;0.732303;0.734980;0.734083;0.739246;0.740360;0.742886;0.746567;0.746903;0.744848;0.743794;0.743790;0.749648;0.740823;0.741125;0.743248;0.735661;0.735953;0.739288;0.734159;0.731263;0.725834;0.720042;0.722296;0.717999;0.709884;0.702218;0.704166;0.698025;0.687732;0.687134;0.680871;0.672479;0.671342;0.663101;0.658116;0.651783;0.643513;0.644388;0.633008;0.631340;0.626349;0.619413;0.615623;0.606260;0.603759;0.597127;0.591583;0.592063;0.584122;0.581239;0.572300;0.569850
0.545327;0.547884;0.550634;0.554638;0.556025;0.559641;0.565352;0.571934;0.572241;0.575261;0.578170;0.585764;0.591082;0.594498;0.600085;0.600418;0.608152;0.613432;0.616563;0.621446;0.627235;0.631902;0.637810;0.640498;0.643966;0.653409;0.658754;0.665670;0.671772;0.673960;0.676309;0.677816;0.688066;0.691386;0.697360;0.696496;0.704897;0.705997;0.711615;0.720837;0.721277;0.728060;0.732846;0.735018;0.739314;0.743866;0.743067;0.747493;0.752399;0.757924;0.757547;0.761644;0.759900;0.764682;0.772440;0.772637;0.771953;0.778559;0.777139;0.778877;0.784008;0.782074;0.786306;0.790024;0.787251;0.792597;0.790572;0.787719;0.792108;0.791346;0.799002;0.795403;0.789914;0.786249;0.788155;0.791358;0.786495;0.786013;0.785838;0.783006;0.774009;0.774967;0.766956;0.767526;0.761045;0.762155;0.757186;0.749112;0.752683;0.741640;0.741101;0.736523;0.729642;0.729338;0.718970;0.719940;0.707511;0.706720;0.702367;0.695104;0.684956;0.685545;0.678970;0.666279;0.665331;0.661260;0.652749;0.653925;0.648365;0.642532;0.634973;0.632331;0.627828;0.626078;0.622120;0.617312;0.611969;0.610698;0.604731;0.605625;0.602545;0.601998;0.600800;0.597433;0.596839;0.592631;0.593452;0.587712;0.597699;0.589697;0.589842;0.594410;0.591883;0.592506;0.592747;0.592385;0.588062;0.590007;0.593447;0.597291;0.595088;0.597163;0.600956;0.599131;0.598451;0.601465;0.603555;0.605374;0.603230;0.601163;0.606968;0.605017;0.606316;0.603317;0.607429;0.609569;0.606112;0.606309;0.604409;0.606547;0.605561;0.603795;0.603687;0.601869;0.600676;0.599667;0.598860;0.601227;0.592131;0.595506;0.596642;0.588382;0.589408;0.586762;0.585247;0.581383;0.578101;0.576586;0.575653;0.576833;0.572606;0.568968;0.564633;0.561949;0.560846;0.562427;0.555912;0.554766;0.550999;0.547252;0.547804;0.544449;0.542867;0.540039;0.538868;0.534952;0.537167;0.531408;0.530966;0.534934
0.524753;0.529586;0.531140;0.534268;0.534722;0.536510;0.537739;0.538356;0.547186;0.552149;0.551627;0.551496;0.554427;0.557613;0.557390;0.561228;0.570722;0.568397;0.575121;0.575430;0.578311;0.585278;0.583593;0.588307;0.595730;0.599613;0.594215;0.602784;0.604685;0.609644;0.614577;0.613117;0.616867;0.619302;0.621845;0.628450;0.630621;0.633867;0.642207;0.637974;0.643570;0.643861;0.648623;0.651813;0.654443;0.658536;0.661082;0.663604;0.663222;0.667130;0.668996;0.671651;0.674405;0.676677;0.677814;0.684044;0.687735;0.685884;0.688374;0.694315;0.691143;0.695841;0.701431;0.705931;0.704109;0.706408;0.708392;0.715664;0.705238;0.711468;0.715847;0.718580;0.721113;0.722744;0.719908;0.721099;0.727390;0.727057;0.728244;0.735234;0.733264;0.737016;0.737446;0.737524;0.738968;0.739722;0.742197;0.737689;0.742779;0.739295;0.741445;0.742164;0.747005;0.749186;0.749095;0.746462;0.752712;0.754547;0.746480;0.750107;0.753928;0.748036;0.751899;0.756253;0.756834;0.753763;0.749037;0.750131;0.753150;0.754832;0.751511;0.750505;0.745420;0.749542;0.752612;0.744623;0.742733;0.743666;0.745039;0.745638;0.743158;0.736738;0.741631;0.731576;0.732532;0.736005;0.732745;0.728192;0.722796;0.716720;0.722050;0.710616;0.716442;0.713570;0.709773;0.706601;0.699521;0.696411;0.691929;0.693599;0.693572;0.682926;0.684847;0.677815;0.674411;0.668958;0.669115;0.664787;0.658773;0.657683;0.651641;0.652699;0.647495;0.645260;0.641725;0.643556;0.642991;0.631782;0.632659;0.628216;0.626486;0.623043;0.618060;0.613798;0.611759;0.605180;0.604254;0.602438;0.597022;0.593782;0.592093;0.586595;0.582746;0.585622;0.574923;0.575852;0.574941;0.575477;0.569174;0.565488;0.557772;0.559051;0.560205;0.552197;0.554881;0.551910;0.549340;0.548998;0.545860;0.543757;0.541208;0.537050;0.538432;0.533146;0.531692;0.529750;0.527354;0.532923;0.522671;0.522377
0.498585;0.503096;0.500390;0.502219;0.504761;0.502004;0.506322;0.508004;0.502510;0.506404;0.503207;0.506461;0.506680;0.504757;0.511343;0.505552;0.509772;0.510644;0.509174;0.511414;0.510583;0.513132;0.511698;0.516017;0.517423;0.514574;0.516092;0.520584;0.520962;0.520311;0.520540;0.525259;0.524826;0.527079;0.529869;0.530401;0.529993;0.535548;0.535642;0.539849;0.542980;0.544024;0.547991;0.545469;0.551528;0.553260;0.563035;0.563719;0.561583;0.567326;0.568358;0.573281;0.577668;0.580527;0.582847;0.588396;0.594516;0.594478;0.597496;0.604221;0.605775;0.610932;0.617021;0.626057;0.622600;0.625981;0.631573;0.639940;0.643980;0.649707;0.648804;0.654571;0.660858;0.666843;0.670223;0.676370;0.676382;0.682663;0.692266;0.695129;0.699656;0.707749;0.713151;0.715184;0.722011;0.724477;0.731438;0.739353;0.744009;0.748782;0.750333;0.758045;0.760132;0.769390;0.773486;0.779344;0.784656;0.789840;0.796289;0.798775;0.799640;0.804622;0.814061;0.818395;0.819393;0.821245;0.828677;0.833651;0.837874;0.842362;0.842054;0.844182;0.845266;0.843945;0.847477;0.851258;0.849822;0.849605;0.849004;0.853707;0.847321;0.848167;0.842667;0.846960;0.840892;0.836561;0.838598;0.835077;0.832291;0.831608;0.827363;0.823667;0.814254;0.809004;0.808499;0.798265;0.801782;0.794952;0.793189;0.784880;0.782661;0.773705;0.766126;0.759558;0.761266;0.748758;0.745220;0.736183;0.726669;0.728889;0.721199;0.714549;0.706528;0.705247;0.698104;0.690742;0.686342;0.678687;0.675256;0.667625;0.661283;0.661063;0.658155;0.646607;0.641309;0.640103;0.633549;0.629315;0.625232;0.621003;0.617048;0.608144;0.609801;0.602548;0.600680;0.594467;0.589619;0.590837;0.586703;0.579127;0.577444;0.573147;0.568738;0.568688;0.565774;0.561409;0.556320;0.554780;0.551551;0.547709;0.545456;0.542772;0.541489;0.539815;0.535913;0.530944;0.528886;0.534209;0.528342;0.530997
0.550820;0.552451;0.549288;0.555753;0.563021;0.562906;0.567457;0.576286;0.576618;0.584825;0.588892;0.590928;0.593643;0.599402;0.604121;0.609536;0.615356;0.618894;0.623648;0.625512;0.629106;0.635253;0.645168;0.644428;0.648420;0.654799;0.663153;0.661752;0.669604;0.670290;0.671541;0.676922;0.680006;0.688439;0.689987;0.690309;0.690961;0.696777;0.700693;0.702636;0.701780;0.707548;0.706056;0.710156;0.712989;0.711292;0.712136;0.711280;0.712092;0.709482;0.714376;0.712971;0.709260;0.714315;0.710766;0.708782;0.712252;0.711844;0.708442;0.710073;0.709480;0.704499;0.707316;0.708216;0.705444;0.708096;0.704413;0.700601;0.699190;0.702191;0.701012;0.695738;0.696009;0.697452;0.696288;0.697157;0.693577;0.692526;0.695113;0.698352;0.694655;0.694471;0.695622;0.698092;0.694772;0.694881;0.692626;0.693736;0.698162;0.694048;0.695499;0.695640;0.698328;0.696833;0.696545;0.696618;0.703515;0.699570;0.697817;0.701035;0.703471;0.702022;0.705375;0.701622;0.706921;0.704020;0.705854;0.707618;0.709036;0.703403;0.707580;0.705767;0.711543;0.711549;0.707756;0.711650;0.710369;0.711751;0.706222;0.703046;0.713718;0.708303;0.702516;0.702209;0.706142;0.698668;0.707500;0.703543;0.701624;0.694451;0.695792;0.697446;0.691233;0.691678;0.688140;0.685528;0.685524;0.687256;0.679796;0.678857;0.676089;0.673376;0.673541;0.668918;0.665864;0.663091;0.659350;0.656750;0.654619;0.651250;0.651317;0.648696;0.644738;0.644247;0.638390;0.637789;0.634963;0.626356;0.627011;0.629388;0.624630;0.620014;0.616228;0.616626;0.613075;0.605402;0.604261;0.603292;0.599631;0.597701;0.592665;0.588809;0.588295;0.587297;0.584138;0.577456;0.576324;0.577742;0.575161;0.574550;0.569516;0.566247;0.563878;0.564686;0.558053;0.555163;0.556668;0.552599;0.547428;0.544791;0.548402;0.540088;0.546421;0.539456;0.540582;0.538014;0.538651;0.530638;0.534571;0.530421
0.524598;0.528816;0.526038;0.528689;0.537226;0.535815;0.540125;0.541366;0.545319;0.548225;0.548847;0.553767;0.557195;0.554665;0.561139;0.564581;0.568035;0.568849;0.574262;0.574720;0.585020;0.592464;0.590585;0.590808;0.597660;0.601543;0.610324;0.615250;0.613688;0.618890;0.631521;0.631757;0.638965;0.638076;0.648490;0.649557;0.662558;0.665498;0.670396;0.674951;0.685168;0.689753;0.693539;0.704898;0.709869;0.713047;0.720716;0.726925;0.734460;0.739906;0.749146;0.752489;0.765699;0.767914;0.772326;0.781029;0.790746;0.798295;0.797497;0.809573;0.816052;0.817424;0.829470;0.831657;0.834795;0.836380;0.845438;0.849998;0.853992;0.860662;0.862798;0.867774;0.869757;0.865188;0.871334;0.874961;0.872882;0.874670;0.876824;0.871710;0.872928;0.872467;0.869629;0.865010;0.862319;0.863081;0.855536;0.856629;0.850924;0.842997;0.838027;0.836379;0.827998;0.827784;0.820059;0.815040;0.805205;0.801299;0.787760;0.780524;0.776261;0.767883;0.757348;0.750671;0.746035;0.739263;0.730335;0.723441;0.716718;0.711252;0.692897;0.694077;0.684964;0.680857;0.673475;0.671676;0.665210;0.652722;0.649396;0.642265;0.637412;0.633557;0.632543;0.623515;0.617546;0.621254;0.609354;0.603242;0.605622;0.602243;0.595882;0.596265;0.593134;0.596103;0.593585;0.588396;0.583945;0.583023;0.576373;0.581811;0.580918;0.575497;0.577485;0.573209;0.574350;0.573729;0.573302;0.570423;0.571289;0.568162;0.572127;0.567525;0.567456;0.563885;0.565891;0.566850;0.561526;0.559773;0.558590;0.559613;0.562163;0.559777;0.561198;0.558880;0.558482;0.558456;0.552304;0.551771;0.554626;0.550758;0.552271;0.551653;0.557337;0.548296;0.547429;0.545627;0.544752;0.548140;0.543321;0.541737;0.543570;0.532616;0.542151;0.535386;0.535112;0.534634;0.535958;0.532879;0.528327;0.527111;0.525639;0.525324;0.524918;0.523560;0.520409;0.527396;0.525711;0.521928;0.521368;0.518324
0.559433;0.565064;0.567256;0.573735;0.579178;0.587533;0.588397;0.598717;0.597771;0.608814;0.611622;0.617493;0.624229;0.627673;0.635394;0.640208;0.644566;0.653168;0.656500;0.664323;0.668607;0.680285;0.686698;0.686374;0.695430;0.705284;0.709509;0.718618;0.722125;0.725684;0.726939;0.738168;0.739610;0.748741;0.753923;0.753584;0.758100;0.762949;0.766784;0.768026;0.777947;0.778519;0.780542;0.789225;0.788168;0.789272;0.793312;0.794949;0.795588;0.799449;0.805551;0.803443;0.801667;0.807364;0.806850;0.807360;0.804340;0.805027;0.810081;0.807875;0.800094;0.807905;0.807102;0.806075;0.804364;0.803215;0.801944;0.796000;0.799209;0.797954;0.797183;0.791689;0.790601;0.790980;0.790951;0.789343;0.784724;0.777623;0.780177;0.775805;0.778470;0.770620;0.767672;0.768228;0.763263;0.759148;0.752811;0.750688;0.743960;0.742563;0.735525;0.734574;0.734009;0.725180;0.721085;0.712185;0.714846;0.705991;0.699506;0.698118;0.689755;0.694543;0.685904;0.683348;0.673077;0.675757;0.672358;0.664012;0.660801;0.653581;0.650391;0.647627;0.643979;0.630908;0.640183;0.629043;0.629011;0.627398;0.622235;0.614967;0.612349;0.607669;0.612401;0.603003;0.602258;0.596977;0.599410;0.593668;0.593421;0.587979;0.586872;0.588652;0.581282;0.582019;0.580580;0.579846;0.573159;0.578294;0.567840;0.571870;0.570342;0.572544;0.568205;0.566724;0.564605;0.564763;0.563195;0.558002;0.557616;0.561861;0.554749;0.553599;0.555183;0.549654;0.553708;0.552603;0.544828;0.549426;0.544002;0.547286;0.544314;0.542401;0.541462;0.536795;0.541378;0.538057;0.538933;0.538264;0.530519;0.541103;0.535037;0.539212;0.531849;0.532457;0.527804;0.527200;0.527394;0.524040;0.523920;0.527034;0.526003;0.523300;0.524634;0.523304;0.524631;0.513867;0.519026;0.516484;0.519441;0.518909;0.512707;0.516705;0.514181;0.516007;0.508245;0.516141;0.510901;0.511041;0.509651;0.511261
0.513440;0.518564;0.514190;0.516837;0.519465;0.524630;0.525489;0.525642;0.525887;0.527926;0.527248;0.534676;0.537036;0.538474;0.539034;0.538240;0.540719;0.541360;0.542321;0.547705;0.553553;0.555904;0.559792;0.559954;0.562368;0.563672;0.570713;0.570072;0.578046;0.574781;0.584759;0.580229;0.587524;0.587076;0.591678;0.604626;0.606877;0.606767;0.615054;0.616736;0.622013;0.623349;0.629558;0.635308;0.635618;0.639707;0.646954;0.647748;0.661192;0.666584;0.664795;0.673422;0.679092;0.683952;0.685645;0.694125;0.694494;0.700831;0.708982;0.708544;0.715118;0.719544;0.724464;0.731502;0.737848;0.732889;0.741370;0.744275;0.750996;0.757751;0.752268;0.755586;0.760304;0.760242;0.764282;0.765638;0.766523;0.772626;0.764500;0.771007;0.769255;0.765673;0.774647;0.767286;0.768138;0.768096;0.764231;0.766966;0.766161;0.761207;0.759056;0.757245;0.754885;0.745972;0.746683;0.741315;0.739050;0.741470;0.734984;0.734300;0.725594;0.723335;0.723066;0.714650;0.714283;0.711010;0.708617;0.703865;0.700871;0.699198;0.693094;0.691225;0.691025;0.684005;0.681561;0.679164;0.675750;0.675448;0.669219;0.675783;0.672425;0.669346;0.669071;0.665886;0.660232;0.666523;0.657593;0.656615;0.659892;0.660291;0.657808;0.657032;0.659458;0.655001;0.656186;0.665525;0.658562;0.657191;0.660416;0.663734;0.661926;0.659623;0.661028;0.659396;0.664579;0.663162;0.657642;0.666730;0.659482;0.664167;0.662678;0.662563;0.662579;0.662228;0.658415;0.657775;0.655263;0.657248;0.657080;0.650472;0.653603;0.655672;0.651190;0.647117;0.644858;0.639221;0.641335;0.640297;0.637079;0.632070;0.633414;0.626704;0.621363;0.621893;0.615208;0.609391;0.609042;0.609153;0.601931;0.597746;0.597337;0.593536;0.584568;0.587218;0.584006;0.579433;0.572751;0.571234;0.567104;0.561605;0.552389;0.552680;0.550067;0.545791;0.547809;0.541740;0.540873;0.535624;0.534162;0.534117
0.528251;0.536100;0.533492;0.539276;0.541867;0.544186;0.547634;0.547370;0.550875;0.553167;0.557766;0.557381;0.568907;0.566150;0.569489;0.573587;0.581482;0.584501;0.582523;0.584494;0.594458;0.599052;0.604686;0.611546;0.616758;0.617029;0.620553;0.630984;0.631380;0.636927;0.641914;0.651684;0.659403;0.660224;0.668473;0.672622;0.680042;0.687275;0.689931;0.692383;0.703964;0.708503;0.715012;0.720518;0.729697;0.733860;0.739888;0.748842;0.755581;0.759099;0.767963;0.770347;0.778783;0.789146;0.791929;0.800283;0.806221;0.810641;0.815220;0.822850;0.829823;0.832384;0.840075;0.844539;0.851266;0.854134;0.857758;0.857551;0.861355;0.869318;0.866791;0.872193;0.871914;0.879028;0.880135;0.878929;0.877498;0.880349;0.877335;0.878381;0.879553;0.874535;0.875174;0.871600;0.871429;0.866231;0.856144;0.855605;0.855566;0.845956;0.836474;0.836664;0.832778;0.822369;0.812033;0.805575;0.800214;0.794448;0.784839;0.779748;0.772947;0.762966;0.756280;0.748463;0.742859;0.731741;0.724513;0.709687;0.708020;0.704985;0.689890;0.686244;0.676165;0.671250;0.659939;0.655735;0.644256;0.644302;0.639942;0.633440;0.623290;0.626054;0.619567;0.612613;0.604329;0.605924;0.598051;0.597422;0.587755;0.583297;0.582716;0.581942;0.575995;0.573814;0.575105;0.570328;0.567300;0.568253;0.558979;0.564760;0.559480;0.559191;0.555278;0.554712;0.554031;0.551519;0.552796;0.550834;0.549445;0.543129;0.552131;0.547566;0.548116;0.545349;0.547327;0.538365;0.540445;0.541890;0.539072;0.543054;0.538445;0.536475;0.536975;0.538650;0.540472;0.535898;0.534073;0.533442;0.531779;0.532617;0.531731;0.529300;0.536104;0.525852;0.525596;0.531915;0.532156;0.521033;0.525354;0.526568;0.522453;0.525654;0.523688;0.521347;0.527814;0.518437;0.517486;0.522021;0.517704;0.515755;0.516532;0.510738;0.518312;0.516300;0.514621;0.512195;0.514713;0.514553;0.514642;0.510784
0.555654;0.559578;0.566396;0.570084;0.570789;0.579245;0.587079;0.583247;0.592385;0.595445;0.606902;0.607091;0.608633;0.616849;0.628322;0.626958;0.632550;0.639458;0.650002;0.650980;0.656490;0.660777;0.668093;0.670208;0.672779;0.680962;0.689909;0.692122;0.694914;0.703222;0.705225;0.710697;0.714208;0.720942;0.721464;0.719456;0.728165;0.730278;0.733806;0.739964;0.742138;0.743259;0.742801;0.749482;0.749870;0.746888;0.749414;0.746700;0.748955;0.755107;0.753048;0.752479;0.754181;0.755895;0.748630;0.753553;0.748868;0.748427;0.745954;0.743097;0.744643;0.743774;0.738698;0.737766;0.743082;0.735678;0.736918;0.735648;0.735992;0.732999;0.730263;0.724191;0.728850;0.729387;0.723399;0.724646;0.718592;0.722563;0.714613;0.715909;0.713570;0.710372;0.707543;0.710925;0.707111;0.711403;0.706501;0.706033;0.700132;0.703369;0.703198;0.702362;0.698841;0.695302;0.696833;0.697883;0.699170;0.690273;0.692116;0.692413;0.689264;0.689468;0.689145;0.690650;0.687116;0.683538;0.687810;0.685427;0.682094;0.686207;0.684756;0.678638;0.679040;0.678921;0.679668;0.678106;0.675436;0.675391;0.671079;0.675879;0.675395;0.670031;0.670011;0.664509;0.662391;0.661896;0.666316;0.663040;0.660301;0.660305;0.658451;0.651589;0.653501;0.653569;0.652079;0.646319;0.645602;0.644770;0.639276;0.638739;0.639457;0.635043;0.636639;0.630569;0.628941;0.628355;0.624017;0.624537;0.623382;0.623415;0.618266;0.616190;0.613713;0.609477;0.613227;0.609993;0.605048;0.606471;0.599612;0.602221;0.592955;0.592966;0.592251;0.591137;0.593342;0.589802;0.590018;0.583178;0.582567;0.578833;0.575954;0.574165;0.574161;0.567551;0.568510;0.566413;0.563865;0.561393;0.558393;0.560810;0.558040;0.553610;0.548559;0.549338;0.548899;0.545766;0.548471;0.545983;0.541541;0.546179;0.537024;0.537830;0.536694;0.533043;0.535729;0.534409;0.525958;0.534811;0.529553;0.527785
0.539497;0.548345;0.550461;0.554390;0.553427;0.557836;0.557043;0.565473;0.570266;0.573880;0.578405;0.584102;0.583954;0.587245;0.596254;0.595318;0.603255;0.605805;0.609198;0.617493;0.611450;0.621887;0.625731;0.629491;0.633184;0.634723;0.637989;0.645777;0.647975;0.648186;0.652596;0.651352;0.659023;0.656878;0.658176;0.664836;0.665356;0.664274;0.667199;0.664006;0.664661;0.666628;0.668947;0.668101;0.668764;0.666455;0.665538;0.666963;0.662104;0.662700;0.659208;0.660284;0.657755;0.655577;0.656410;0.643676;0.648225;0.646816;0.642056;0.635871;0.632061;0.635113;0.628538;0.628438;0.627367;0.618981;0.615946;0.615831;0.610371;0.608110;0.605307;0.600544;0.597705;0.596110;0.591223;0.589656;0.586000;0.583466;0.581306;0.574989;0.575570;0.577492;0.570015;0.569019;0.563890;0.562651;0.563996;0.557751;0.551878;0.558022;0.557858;0.554406;0.550258;0.557746;0.553533;0.550185;0.546950;0.549274;0.547368;0.552839;0.550759;0.548751;0.549652;0.554407;0.554694;0.561018;0.557913;0.557986;0.562382;0.563925;0.565257;0.565241;0.561916;0.572099;0.573942;0.580758;0.583716;0.590420;0.593217;0.600151;0.605819;0.601942;0.610834;0.620934;0.624712;0.630361;0.640524;0.645586;0.651049;0.653783;0.665179;0.673254;0.680832;0.687186;0.696073;0.703157;0.708427;0.717407;0.720751;0.730905;0.742916;0.742427;0.754358;0.757320;0.765083;0.763446;0.780379;0.780988;0.787301;0.791223;0.793938;0.802631;0.805427;0.805995;0.806310;0.813711;0.811693;0.817872;0.820332;0.814251;0.814815;0.817507;0.817623;0.812518;0.813333;0.810535;0.801404;0.799771;0.796998;0.796393;0.784325;0.780051;0.776590;0.772197;0.768627;0.756034;0.748306;0.748173;0.738508;0.733411;0.724660;0.719858;0.709305;0.702525;0.696447;0.685944;0.677175;0.670317;0.663981;0.661125;0.648470;0.642416;0.635360;0.631718;0.624534;0.613164;0.613909;0.600030;0.592572;0.587726
0.504093;0.503684;0.506900;0.505432;0.506644;0.509320;0.505261;0.505900;0.507693;0.505405;0.508108;0.514569;0.509664;0.510368;0.515195;0.514902;0.513147;0.517500;0.517551;0.516740;0.522661;0.520799;0.520573;0.530403;0.523138;0.530057;0.533943;0.533352;0.535449;0.539464;0.541507;0.551401;0.546279;0.553652;0.553433;0.558175;0.566911;0.567347;0.570515;0.579399;0.582777;0.587049;0.593807;0.599574;0.601794;0.605837;0.610321;0.620356;0.623197;0.634662;0.640369;0.645499;0.656796;0.656004;0.659439;0.674270;0.678951;0.686090;0.691557;0.699733;0.705517;0.713927;0.718060;0.722873;0.734586;0.749010;0.745486;0.753981;0.763437;0.766758;0.770618;0.770471;0.784131;0.785843;0.794500;0.794524;0.799400;0.803352;0.812016;0.811393;0.814705;0.815910;0.818385;0.826635;0.825140;0.826620;0.830675;0.834223;0.831977;0.831419;0.835168;0.834464;0.832897;0.833605;0.835617;0.833071;0.831060;0.836511;0.831998;0.835579;0.829679;0.823434;0.825330;0.828076;0.821520;0.814118;0.819682;0.812618;0.808018;0.807446;0.805730;0.803129;0.799980;0.797289;0.793036;0.793520;0.786466;0.778711;0.772961;0.778264;0.768298;0.764775;0.756496;0.753815;0.749260;0.748157;0.744353;0.736718;0.735627;0.731119;0.721050;0.716647;0.715800;0.704453;0.704689;0.698057;0.693601;0.689656;0.683226;0.679385;0.676347;0.670516;0.656435;0.659913;0.649226;0.649975;0.645297;0.644196;0.636171;0.628169;0.625457;0.617574;0.617108;0.609283;0.608066;0.601780;0.593259;0.592942;0.588585;0.591870;0.580132;0.582570;0.576743;0.570432;0.567776;0.571006;0.563939;0.559822;0.558078;0.552948;0.552193;0.547038;0.542797;0.541613;0.541828;0.538646;0.540694;0.538635;0.532606;0.533586;0.526749;0.529229;0.529580;0.524466;0.525303;0.519461;0.516894;0.518408;0.515628;0.516649;0.516645;0.513682;0.505575;0.512612;0.510264;0.504551;0.507549;0.506794;0.504416;0.500327
0.522513;0.521135;0.520999;0.522726;0.526954;0.523342;0.521645;0.531839;0.530469;0.530118;0.533389;0.534904;0.538506;0.535400;0.541372;0.543178;0.541484;0.552641;0.551888;0.551821;0.552749;0.555853;0.556410;0.557624;0.563385;0.566641;0.567174;0.564819;0.570612;0.573804;0.577804;0.577639;0.582092;0.588150;0.585760;0.588672;0.588069;0.587519;0.598437;0.595908;0.595674;0.598867;0.604219;0.600301;0.605652;0.612368;0.613107;0.612572;0.607269;0.614052;0.621846;0.621495;0.620341;0.626294;0.624543;0.629629;0.633116;0.634170;0.636204;0.634958;0.638647;0.645715;0.645281;0.646743;0.650216;0.654504;0.657990;0.660731;0.663555;0.663961;0.666659;0.669940;0.673656;0.673465;0.681035;0.682188;0.689494;0.692215;0.695381;0.698859;0.705075;0.705657;0.711833;0.721838;0.718688;0.723627;0.733224;0.739969;0.741530;0.743809;0.745082;0.752876;0.760196;0.763122;0.768804;0.775277;0.776105;0.780721;0.784680;0.790801;0.801946;0.802617;0.805910;0.806183;0.813324;0.811573;0.818669;0.818594;0.818407;0.826828;0.830092;0.832572;0.835220;0.834187;0.835813;0.836247;0.837589;0.837956;0.834209;0.835555;0.835575;0.824473;0.826161;0.827864;0.820457;0.821972;0.814881;0.814503;0.807339;0.805850;0.802709;0.792157;0.791803;0.785270;0.780650;0.776634;0.770534;0.758402;0.760308;0.752712;0.746043;0.736081;0.729351;0.726924;0.710415;0.712486;0.702905;0.695597;0.688067;0.681100;0.677784;0.671160;0.662720;0.655815;0.648253;0.644117;0.637504;0.626104;0.631799;0.623568;0.617956;0.612803;0.604840;0.601688;0.594913;0.590393;0.587198;0.586950;0.580136;0.579820;0.575026;0.573442;0.563739;0.563089;0.555300;0.559479;0.548921;0.551489;0.546501;0.542001;0.541145;0.540676;0.537715;0.537953;0.533927;0.533113;0.525725;0.528457;0.522525;0.525301;0.524297;0.524061;0.519372;0.519451;0.516796;0.518050;0.511164;0.509403;0.512319;0.506483
0.526414;0.526564;0.532317;0.533923;0.534047;0.537073;0.534785;0.539998;0.538538;0.545336;0.548185;0.553956;0.557589;0.557520;0.556877;0.561395;0.570396;0.565533;0.573652;0.577191;0.575789;0.582621;0.583874;0.590154;0.594951;0.594201;0.595644;0.604907;0.607238;0.611215;0.613030;0.617788;0.621184;0.625687;0.631926;0.632690;0.633314;0.633301;0.644454;0.653878;0.651049;0.654888;0.663147;0.663582;0.665920;0.669909;0.670064;0.680902;0.682919;0.687459;0.691285;0.693699;0.700184;0.702352;0.702050;0.707416;0.706674;0.713989;0.711086;0.717029;0.723733;0.720918;0.729598;0.732493;0.727728;0.734617;0.734304;0.737078;0.740288;0.740637;0.741764;0.740093;0.742751;0.744921;0.742433;0.745667;0.740856;0.746168;0.742423;0.736745;0.743554;0.741379;0.735002;0.734546;0.734610;0.729956;0.730307;0.724735;0.720017;0.715829;0.712972;0.705796;0.705699;0.705688;0.699826;0.692631;0.687375;0.686655;0.683244;0.675089;0.670094;0.667991;0.662798;0.660937;0.655871;0.650046;0.652776;0.646785;0.643153;0.634481;0.635665;0.636546;0.625923;0.624716;0.623650;0.624787;0.621916;0.620004;0.623891;0.620460;0.622658;0.620586;0.618921;0.616967;0.620801;0.621467;0.623026;0.621528;0.624728;0.628287;0.629843;0.631226;0.631308;0.635808;0.638419;0.643846;0.645956;0.648548;0.651383;0.654624;0.653391;0.658999;0.660303;0.667756;0.668103;0.669301;0.675761;0.674565;0.676270;0.685111;0.683134;0.684687;0.688403;0.689772;0.685228;0.691208;0.689626;0.689670;0.689993;0.694046;0.691914;0.692097;0.692762;0.688868;0.683503;0.683266;0.680861;0.687185;0.677639;0.675120;0.677714;0.666297;0.666033;0.661415;0.658531;0.653163;0.653276;0.644991;0.644046;0.636230;0.629394;0.627707;0.625991;0.622740;0.616224;0.608112;0.604135;0.600151;0.595703;0.587148;0.588193;0.584232;0.575601;0.574654;0.569376;0.567850;0.564476;0.556380;0.554318;0.551012
0.502898;0.502500;0.502906;0.501902;0.505156;0.509044;0.506501;0.502662;0.509540;0.510925;0.507949;0.506015;0.511200;0.511678;0.512132;0.511930;0.517183;0.515438;0.518905;0.520308;0.522279;0.521638;0.521713;0.521766;0.529243;0.529404;0.530911;0.529473;0.533132;0.535479;0.539308;0.542790;0.546649;0.553221;0.550469;0.557996;0.562104;0.562356;0.563337;0.571436;0.573879;0.581013;0.585005;0.585955;0.594043;0.599717;0.599120;0.604051;0.611391;0.615267;0.626636;0.623505;0.633537;0.647114;0.644819;0.655222;0.656286;0.668627;0.669009;0.676473;0.679116;0.688350;0.694493;0.699194;0.699084;0.703975;0.707933;0.716479;0.721030;0.723858;0.722603;0.729784;0.733233;0.735486;0.740290;0.745422;0.745302;0.744807;0.747457;0.750015;0.749052;0.746995;0.747212;0.755360;0.747743;0.751940;0.748886;0.748654;0.743756;0.743637;0.743924;0.740455;0.738499;0.738623;0.731130;0.735641;0.721466;0.722360;0.723273;0.717788;0.715544;0.711770;0.707149;0.708466;0.694068;0.698276;0.697417;0.688148;0.689223;0.684846;0.686389;0.683548;0.677667;0.679215;0.677254;0.677790;0.675548;0.671589;0.673172;0.671625;0.671207;0.672378;0.671930;0.668332;0.667059;0.670214;0.672050;0.675663;0.680254;0.673344;0.672953;0.683204;0.677513;0.684033;0.682997;0.691092;0.691158;0.691050;0.696437;0.696552;0.695605;0.698521;0.704316;0.703894;0.705410;0.709603;0.712331;0.716787;0.718335;0.716953;0.717710;0.718505;0.721066;0.719682;0.724714;0.719190;0.720269;0.721237;0.723859;0.718915;0.722834;0.717140;0.717097;0.718234;0.710380;0.710592;0.703960;0.708122;0.699628;0.697045;0.693693;0.689417;0.685086;0.677531;0.674497;0.671568;0.667008;0.663357;0.658729;0.656204;0.649828;0.638182;0.634008;0.630062;0.631263;0.619288;0.612706;0.610487;0.600460;0.601129;0.593560;0.588332;0.585477;0.575106;0.575141;0.573261;0.567130;0.563335;0.558303;0.560234
0.527567;0.527868;0.527287;0.531352;0.532671;0.534322;0.537190;0.538075;0.537796;0.543532;0.547388;0.542781;0.547891;0.552832;0.553890;0.552626;0.559065;0.560325;0.568464;0.569783;0.569971;0.570153;0.572842;0.578233;0.575248;0.578981;0.584131;0.585457;0.590776;0.590562;0.592646;0.593541;0.600213;0.599335;0.597451;0.603787;0.608872;0.601750;0.604355;0.607754;0.608386;0.613132;0.614246;0.610360;0.615817;0.611799;0.616018;0.621200;0.612178;0.612945;0.618601;0.614842;0.618600;0.620754;0.619157;0.623825;0.627162;0.619715;0.620796;0.624818;0.620920;0.628245;0.624180;0.624885;0.626121;0.624249;0.627063;0.630961;0.627417;0.628092;0.631827;0.629186;0.635709;0.635264;0.636891;0.636408;0.637898;0.643686;0.639848;0.643712;0.647500;0.652912;0.651515;0.653499;0.661442;0.665810;0.666817;0.667686;0.671323;0.674497;0.676202;0.678722;0.681657;0.690872;0.688442;0.691421;0.700585;0.706768;0.704493;0.713338;0.710135;0.716026;0.719115;0.724922;0.725525;0.729713;0.735142;0.740798;0.739003;0.743678;0.744499;0.750291;0.748187;0.755520;0.758401;0.763041;0.759092;0.759792;0.767362;0.769948;0.767958;0.776994;0.772349;0.771328;0.773916;0.768960;0.776843;0.775063;0.776867;0.774515;0.770599;0.773593;0.769642;0.772981;0.769725;0.764468;0.765416;0.764197;0.761264;0.758632;0.760995;0.757325;0.755065;0.755482;0.751937;0.743931;0.747695;0.741568;0.746434;0.738359;0.735264;0.733409;0.730732;0.723704;0.727359;0.724505;0.720655;0.712020;0.713217;0.706779;0.701180;0.703189;0.699007;0.696545;0.689232;0.688688;0.680018;0.674704;0.668966;0.665427;0.660118;0.657144;0.654977;0.654282;0.649399;0.637254;0.634707;0.628711;0.631410;0.621947;0.616315;0.615502;0.610478;0.604448;0.599481;0.599115;0.588660;0.589036;0.585662;0.578492;0.575207;0.575103;0.565427;0.565936;0.559891;0.561039;0.556212;0.552876;0.552493;0.548294
0.528940;0.530956;0.538900;0.545026;0.545607;0.545104;0.549994;0.548216;0.552111;0.557275;0.556814;0.564636;0.565807;0.568291;0.571101;0.578180;0.572663;0.583122;0.579359;0.583197;0.588149;0.591467;0.597247;0.598737;0.604678;0.602646;0.610179;0.609317;0.610957;0.616605;0.621408;0.623793;0.622022;0.628774;0.632430;0.635996;0.639092;0.637854;0.640403;0.638794;0.643797;0.640271;0.644130;0.646444;0.650808;0.650267;0.652164;0.655391;0.653158;0.650824;0.654339;0.657080;0.655732;0.655198;0.659411;0.658750;0.655956;0.657699;0.662229;0.658067;0.660273;0.661086;0.664099;0.660044;0.654680;0.658190;0.662222;0.660414;0.658900;0.659756;0.660518;0.654907;0.658157;0.656050;0.661679;0.656021;0.662074;0.660500;0.659523;0.657503;0.664489;0.658522;0.662639;0.657124;0.659092;0.658620;0.656306;0.656833;0.660290;0.658228;0.659867;0.659590;0.656871;0.660839;0.660293;0.662133;0.665345;0.655181;0.659674;0.660764;0.665305;0.664568;0.667082;0.664643;0.663931;0.670836;0.669040;0.668440;0.662312;0.666364;0.672552;0.674730;0.677728;0.675922;0.672667;0.677425;0.679149;0.677716;0.681065;0.685226;0.687446;0.686856;0.687742;0.688107;0.694652;0.691852;0.693910;0.702214;0.698741;0.703181;0.698143;0.700182;0.705994;0.705500;0.708208;0.706988;0.712105;0.707708;0.714852;0.717754;0.714941;0.717406;0.717366;0.721258;0.717786;0.720455;0.725171;0.723657;0.720483;0.721458;0.721908;0.726634;0.725517;0.722747;0.718852;0.721965;0.720991;0.717325;0.719603;0.710270;0.711404;0.709269;0.706150;0.697148;0.702725;0.696915;0.695795;0.691581;0.690294;0.687746;0.680559;0.677990;0.671318;0.670112;0.667913;0.659747;0.651601;0.648152;0.642276;0.636803;0.634300;0.628989;0.625584;0.620379;0.617120;0.612457;0.605737;0.601164;0.598377;0.587782;0.588304;0.588165;0.579910;0.580376;0.571405;0.568363;0.564292;0.557949;0.552385;0.552746
0.562454;0.561149;0.568450;0.572386;0.576386;0.576474;0.586499;0.590999;0.593316;0.593289;0.600908;0.612056;0.613357;0.618626;0.624528;0.632286;0.634568;0.637074;0.647964;0.646792;0.657065;0.659506;0.661429;0.671517;0.672791;0.678771;0.680387;0.687898;0.694178;0.696897;0.698323;0.705492;0.702423;0.710129;0.711457;0.709239;0.716482;0.713420;0.719345;0.718039;0.719281;0.719285;0.721841;0.713480;0.722481;0.716392;0.717189;0.714371;0.712274;0.710478;0.707291;0.705734;0.703723;0.701636;0.702250;0.699435;0.694038;0.688849;0.679685;0.680664;0.677264;0.673275;0.667240;0.667794;0.661664;0.655142;0.657032;0.654262;0.642612;0.640967;0.639763;0.636757;0.633882;0.625564;0.618303;0.625786;0.624938;0.618353;0.614836;0.610974;0.611410;0.607094;0.605756;0.604077;0.601846;0.603506;0.599796;0.599343;0.600099;0.599720;0.595567;0.601821;0.596862;0.597557;0.599774;0.598574;0.600458;0.600171;0.596287;0.604022;0.599486;0.597748;0.606967;0.607003;0.606682;0.612748;0.607142;0.614993;0.610509;0.617621;0.618516;0.615494;0.625938;0.628042;0.630072;0.627535;0.641584;0.631922;0.638993;0.642909;0.641038;0.641326;0.645679;0.650249;0.653677;0.651047;0.657193;0.656583;0.659360;0.662479;0.663725;0.665178;0.671305;0.668991;0.672595;0.675046;0.677173;0.677493;0.681889;0.683740;0.683202;0.686929;0.688721;0.694948;0.693784;0.691357;0.690872;0.692818;0.695129;0.695192;0.695963;0.699148;0.695594;0.694319;0.696259;0.692750;0.691895;0.696101;0.690517;0.688988;0.684621;0.684893;0.684366;0.680613;0.681982;0.680737;0.671893;0.671316;0.661859;0.661121;0.659433;0.653279;0.653182;0.646059;0.640543;0.641836;0.636698;0.628078;0.631163;0.619710;0.613792;0.613298;0.606284;0.600849;0.597887;0.596096;0.590369;0.587278;0.579705;0.578875;0.570850;0.567315;0.563928;0.556999;0.554158;0.551199;0.547710;0.545881;0.545072;0.536643
0.502886;0.507019;0.504369;0.505279;0.505732;0.507246;0.506530;0.506230;0.506092;0.508255;0.504453;0.503893;0.505984;0.507329;0.507820;0.512863;0.509557;0.512593;0.516609;0.514067;0.514513;0.511949;0.517035;0.515231;0.520254;0.518694;0.518059;0.520616;0.525095;0.518593;0.526100;0.522375;0.530158;0.530638;0.533344;0.531698;0.533376;0.534472;0.537533;0.539610;0.544316;0.546415;0.547078;0.552020;0.550951;0.555135;0.561817;0.558860;0.566907;0.565680;0.571885;0.571263;0.576480;0.580957;0.579426;0.586805;0.590659;0.592342;0.596071;0.601889;0.605866;0.611536;0.612658;0.619099;0.619654;0.624875;0.625937;0.633569;0.634781;0.639983;0.642359;0.647010;0.655768;0.653219;0.654831;0.663519;0.665502;0.672480;0.676230;0.681427;0.687792;0.685760;0.689819;0.691189;0.699212;0.698543;0.709251;0.709724;0.716229;0.724556;0.724640;0.730348;0.731349;0.736532;0.738547;0.744154;0.747584;0.754986;0.757897;0.759227;0.759708;0.761109;0.767982;0.766944;0.769956;0.772605;0.779593;0.776464;0.779017;0.785189;0.786758;0.790598;0.793201;0.789453;0.795542;0.795560;0.794590;0.795660;0.799362;0.798793;0.802979;0.802565;0.801604;0.799092;0.803473;0.800547;0.800297;0.797820;0.800346;0.797146;0.800802;0.792882;0.794326;0.792287;0.787580;0.787657;0.785112;0.782308;0.786985;0.780311;0.775082;0.773602;0.771391;0.766745;0.768464;0.762789;0.759426;0.755748;0.755151;0.750333;0.746731;0.746678;0.740441;0.737721;0.729821;0.731320;0.726765;0.720512;0.713749;0.715007;0.705928;0.705095;0.698460;0.697779;0.695194;0.685903;0.680742;0.680327;0.673354;0.670963;0.663532;0.666850;0.657419;0.653907;0.644647;0.645337;0.638841;0.627042;0.626285;0.622215;0.612492;0.611846;0.607199;0.604140;0.595219;0.599684;0.592408;0.582363;0.582425;0.577212;0.570627;0.567033;0.567516;0.559560;0.559492;0.553402;0.548832;0.546250;0.547119;0.544052
0.542194;0.543274;0.543171;0.545430;0.551552;0.553338;0.554665;0.558691;0.561225;0.564679;0.571133;0.571913;0.576499;0.577317;0.579638;0.585651;0.592021;0.593737;0.595137;0.596554;0.603086;0.607449;0.608383;0.613600;0.617033;0.621693;0.619829;0.624031;0.623926;0.623897;0.628667;0.631278;0.633752;0.641080;0.637177;0.640242;0.637380;0.648077;0.641290;0.649710;0.647809;0.644575;0.648058;0.642581;0.644495;0.643619;0.645223;0.643594;0.641136;0.644035;0.644695;0.634936;0.639265;0.632925;0.632502;0.625334;0.631900;0.625991;0.626347;0.626124;0.623174;0.620391;0.617003;0.617557;0.619158;0.619424;0.613693;0.619613;0.616328;0.617286;0.610154;0.617883;0.617863;0.619357;0.618859;0.620175;0.616738;0.622040;0.621154;0.624792;0.631629;0.626497;0.632991;0.635328;0.636527;0.643152;0.647202;0.654500;0.652070;0.656716;0.666702;0.672197;0.673920;0.677622;0.686132;0.688473;0.693551;0.705042;0.709763;0.711550;0.719660;0.723818;0.728001;0.735737;0.739861;0.748392;0.753265;0.756327;0.760017;0.764410;0.767076;0.771684;0.774078;0.782519;0.784957;0.783073;0.788320;0.791728;0.792231;0.797127;0.790470;0.794633;0.794371;0.792388;0.796492;0.795992;0.787822;0.788156;0.787390;0.788118;0.784962;0.781964;0.776010;0.778199;0.774941;0.775022;0.769764;0.763138;0.758734;0.753666;0.754799;0.747781;0.743478;0.733405;0.734368;0.725701;0.721708;0.714396;0.712824;0.709104;0.702465;0.699474;0.691826;0.682934;0.682365;0.679164;0.670701;0.666871;0.665755;0.661540;0.654475;0.649812;0.642751;0.637205;0.635923;0.634021;0.622616;0.618024;0.615574;0.615533;0.608335;0.605644;0.599884;0.594568;0.595055;0.589700;0.582615;0.583982;0.580072;0.575791;0.573327;0.570481;0.567083;0.563149;0.559584;0.555820;0.551403;0.546852;0.546969;0.544660;0.546630;0.542025;0.538334;0.539034;0.534015;0.530468;0.531203;0.531311;0.528174;0.523980
0.501621;0.505267;0.506005;0.502298;0.500064;0.499466;0.504139;0.500097;0.504244;0.508981;0.504535;0.508893;0.504049;0.506356;0.506452;0.506442;0.506319;0.511275;0.510843;0.511599;0.513552;0.512972;0.514373;0.519055;0.524200;0.525455;0.527180;0.525660;0.524975;0.525016;0.532952;0.531818;0.540819;0.539560;0.540276;0.545652;0.546531;0.548635;0.550701;0.552379;0.561275;0.562087;0.564876;0.564725;0.573356;0.573692;0.576348;0.582808;0.586311;0.591312;0.596010;0.601736;0.606916;0.610481;0.613415;0.621405;0.623790;0.630850;0.632974;0.634332;0.644264;0.640911;0.650333;0.651691;0.657584;0.663873;0.666279;0.668482;0.674056;0.678151;0.680851;0.682188;0.684269;0.684696;0.690153;0.692184;0.694121;0.700430;0.696986;0.699378;0.699699;0.698596;0.696130;0.696994;0.697979;0.699513;0.694671;0.699385;0.698676;0.697335;0.691889;0.694963;0.691203;0.687627;0.687199;0.683868;0.682670;0.680030;0.676775;0.675574;0.666766;0.669554;0.666220;0.664594;0.666743;0.658602;0.659241;0.661799;0.660642;0.656648;0.656208;0.656706;0.657015;0.654493;0.654170;0.656705;0.659099;0.657850;0.659591;0.658636;0.663262;0.670294;0.673520;0.666894;0.669529;0.674075;0.678369;0.680904;0.686721;0.693391;0.694193;0.696233;0.703435;0.707880;0.709299;0.713904;0.720121;0.723641;0.729459;0.738277;0.745029;0.748493;0.746120;0.758242;0.756244;0.758202;0.769898;0.767043;0.774570;0.779330;0.779226;0.784989;0.786480;0.787837;0.791116;0.786790;0.786183;0.787384;0.788420;0.789873;0.790244;0.782686;0.788935;0.780207;0.783598;0.780496;0.772512;0.774186;0.766283;0.767169;0.759739;0.753789;0.746478;0.741667;0.740973;0.732335;0.725325;0.719637;0.715395;0.706268;0.699188;0.700003;0.689014;0.682951;0.667743;0.667116;0.656660;0.650740;0.643399;0.639804;0.634761;0.625576;0.616473;0.615667;0.610831;0.601978;0.597018;0.588634;0.583670;0.581251
0.585400;0.589683;0.592937;0.599246;0.606671;0.613714;0.617834;0.623171;0.633041;0.638611;0.646294;0.654682;0.664379;0.669954;0.679049;0.684011;0.687834;0.700629;0.708509;0.711566;0.720192;0.726428;0.730190;0.742258;0.748105;0.753948;0.757034;0.767762;0.774789;0.774359;0.778783;0.787665;0.788715;0.796583;0.797287;0.801720;0.801852;0.806092;0.807221;0.810126;0.812673;0.809541;0.805375;0.815989;0.812265;0.806795;0.803046;0.801962;0.800858;0.796376;0.798524;0.793449;0.787132;0.780389;0.777126;0.772608;0.768607;0.768379;0.755945;0.753183;0.749745;0.741691;0.736547;0.729245;0.720250;0.718051;0.713016;0.711658;0.704291;0.696099;0.690955;0.677935;0.679528;0.673519;0.671858;0.665881;0.655886;0.657403;0.651099;0.647297;0.643806;0.641505;0.642643;0.633203;0.633397;0.630583;0.626500;0.621306;0.622839;0.617676;0.619533;0.614278;0.608284;0.606847;0.611775;0.610147;0.610995;0.612168;0.609984;0.611077;0.603363;0.609164;0.603649;0.605941;0.605378;0.607620;0.613035;0.609389;0.608400;0.609727;0.613542;0.603746;0.609650;0.610947;0.606437;0.610811;0.610291;0.614406;0.606211;0.609172;0.611063;0.613466;0.612721;0.610964;0.610624;0.610312;0.615943;0.613903;0.613958;0.612578;0.613327;0.605943;0.607734;0.613074;0.607104;0.610351;0.609013;0.609385;0.608532;0.610749;0.608945;0.610185;0.602275;0.609703;0.605511;0.600855;0.607986;0.604960;0.604873;0.600182;0.602455;0.602505;0.599072;0.602552;0.596093;0.594125;0.602056;0.590716;0.594048;0.592245;0.586409;0.582476;0.584375;0.583000;0.585986;0.580734;0.579906;0.575829;0.569522;0.568829;0.569265;0.567069;0.566788;0.564320;0.559396;0.560173;0.556929;0.553109;0.552542;0.548810;0.549488;0.540942;0.546039;0.541561;0.536454;0.535569;0.535003;0.532641;0.529098;0.528448;0.526651;0.525707;0.521780;0.517347;0.523222;0.515563;0.515924;0.515207;0.513352;0.518293
0.561283;0.572258;0.575417;0.577289;0.583554;0.588015;0.594594;0.599632;0.603928;0.605368;0.611868;0.615455;0.621707;0.631418;0.634395;0.640060;0.646562;0.652448;0.659238;0.663523;0.669237;0.679407;0.682570;0.684406;0.694818;0.697652;0.705416;0.706091;0.702982;0.712882;0.717289;0.717432;0.722082;0.727267;0.729325;0.729240;0.730069;0.733779;0.737969;0.737404;0.739790;0.740140;0.736947;0.742598;0.736442;0.732832;0.737529;0.735982;0.731742;0.733991;0.720553;0.728410;0.717439;0.717110;0.712910;0.710523;0.708015;0.706483;0.706412;0.696769;0.698917;0.693286;0.687097;0.684472;0.681303;0.677441;0.677543;0.667036;0.669619;0.664890;0.661514;0.659576;0.659984;0.648884;0.650932;0.653340;0.652865;0.652591;0.650169;0.645787;0.648377;0.652491;0.653390;0.653381;0.650990;0.649744;0.659844;0.657493;0.662683;0.662606;0.668106;0.669341;0.667095;0.681701;0.680298;0.682860;0.685351;0.691212;0.694128;0.698315;0.704329;0.708706;0.711055;0.712305;0.718395;0.721179;0.723242;0.725159;0.732268;0.733029;0.740411;0.736346;0.745477;0.742067;0.742583;0.746960;0.743804;0.746858;0.744601;0.745778;0.746222;0.743453;0.746538;0.748383;0.740965;0.738292;0.737394;0.737110;0.728967;0.730515;0.720965;0.715685;0.718186;0.716638;0.708973;0.702730;0.704600;0.693719;0.691002;0.683585;0.678079;0.676497;0.671193;0.666614;0.653735;0.655510;0.652269;0.642100;0.638774;0.632642;0.627990;0.615831;0.610931;0.607973;0.603367;0.601541;0.595846;0.591750;0.587536;0.578861;0.578833;0.570427;0.564807;0.561685;0.559651;0.558904;0.554682;0.552757;0.548317;0.544936;0.545730;0.540864;0.539614;0.539425;0.529903;0.530215;0.527500;0.524785;0.525937;0.521996;0.522625;0.521640;0.519522;0.519400;0.515741;0.515408;0.515968;0.511983;0.513168;0.511256;0.509772;0.510747;0.511502;0.510248;0.504539;0.505072;0.509118;0.509656;0.508340;0.508744
0.503047;0.504031;0.504478;0.502261;0.508613;0.505045;0.511866;0.504059;0.514598;0.513809;0.512627;0.506791;0.512398;0.511877;0.509786;0.515090;0.512994;0.518434;0.516761;0.519443;0.522811;0.527266;0.529087;0.530641;0.531435;0.537968;0.533651;0.539566;0.545345;0.541254;0.547568;0.545939;0.559557;0.564141;0.565439;0.570406;0.575334;0.579786;0.587456;0.588826;0.594206;0.605473;0.603870;0.613665;0.616600;0.622499;0.629135;0.635567;0.651748;0.658460;0.663907;0.669330;0.679669;0.687069;0.692100;0.703108;0.702937;0.723562;0.725037;0.735999;0.737309;0.746262;0.754615;0.764876;0.773226;0.778730;0.786707;0.796361;0.802027;0.804507;0.809947;0.819147;0.828246;0.831062;0.831250;0.836069;0.844202;0.845903;0.851438;0.852799;0.857591;0.856271;0.865104;0.862977;0.867581;0.866875;0.865494;0.859548;0.865533;0.864046;0.861737;0.856915;0.861166;0.859091;0.854474;0.855035;0.853933;0.848341;0.840284;0.845596;0.840448;0.834667;0.835539;0.825319;0.824285;0.821367;0.811879;0.810916;0.806519;0.802317;0.799825;0.793048;0.783683;0.785065;0.775566;0.769256;0.765083;0.763574;0.753607;0.750733;0.748713;0.743582;0.737226;0.733647;0.726745;0.723384;0.713910;0.715064;0.705717;0.699140;0.697149;0.688110;0.685690;0.681383;0.675946;0.675069;0.664728;0.660019;0.655596;0.648804;0.648991;0.641406;0.636188;0.633885;0.628268;0.624256;0.617183;0.613982;0.609868;0.609786;0.602981;0.594318;0.596312;0.586090;0.587723;0.581720;0.581209;0.578701;0.570599;0.569626;0.568458;0.570525;0.564758;0.559065;0.550704;0.551987;0.549455;0.549874;0.547528;0.544391;0.540305;0.541555;0.535758;0.534303;0.531966;0.534293;0.533304;0.532156;0.522308;0.525104;0.525070;0.521520;0.521071;0.519227;0.520233;0.521998;0.517622;0.517152;0.511793;0.513380;0.513710;0.508376;0.513389;0.511788;0.509728;0.510787;0.507392;0.504163;0.509245;0.505685
0.533642;0.536709;0.534338;0.541403;0.540811;0.542591;0.546568;0.550364;0.551856;0.554458;0.557300;0.559901;0.563655;0.567225;0.569330;0.571504;0.576916;0.572480;0.576660;0.580911;0.585963;0.590951;0.591026;0.600734;0.600017;0.602831;0.603516;0.607188;0.613970;0.613577;0.611572;0.616478;0.620331;0.618347;0.626371;0.619699;0.625085;0.626490;0.623928;0.627916;0.633192;0.632060;0.632566;0.633918;0.636846;0.629912;0.631909;0.630952;0.633616;0.634909;0.631981;0.630284;0.633077;0.631218;0.629501;0.628773;0.626838;0.625283;0.626007;0.626139;0.624439;0.625197;0.622237;0.625554;0.619416;0.622026;0.620983;0.612807;0.620674;0.616206;0.619737;0.615849;0.613307;0.611371;0.617313;0.612934;0.617194;0.608491;0.612074;0.613244;0.610257;0.616493;0.615947;0.617633;0.615393;0.617353;0.618168;0.614781;0.619781;0.619916;0.619522;0.623247;0.622054;0.624071;0.625190;0.625121;0.629123;0.629436;0.627828;0.636832;0.633524;0.637681;0.640001;0.643084;0.643891;0.647926;0.648914;0.652615;0.655549;0.657123;0.664523;0.663023;0.661929;0.668751;0.670019;0.674112;0.675280;0.678115;0.677209;0.685237;0.692674;0.690198;0.689958;0.695902;0.699048;0.703255;0.706815;0.704113;0.713596;0.712280;0.722095;0.720980;0.723882;0.728608;0.732977;0.730311;0.736937;0.739081;0.745646;0.743523;0.745614;0.750132;0.744267;0.756110;0.752746;0.759274;0.749917;0.758528;0.760211;0.756361;0.760513;0.761249;0.756659;0.755834;0.756237;0.765248;0.757748;0.756580;0.753007;0.750438;0.750383;0.750737;0.748929;0.741247;0.738078;0.739969;0.735931;0.728873;0.727652;0.718657;0.720464;0.715577;0.704257;0.701535;0.692786;0.690338;0.684750;0.680029;0.676826;0.666706;0.661461;0.655560;0.651369;0.646426;0.639044;0.635133;0.626722;0.618662;0.612509;0.607930;0.600661;0.598889;0.592769;0.589511;0.585987;0.580292;0.575065;0.569929;0.565162;0.558665
0.573002;0.574476;0.584035;0.587606;0.591220;0.597041;0.604554;0.607120;0.616009;0.622678;0.628950;0.635526;0.639002;0.644847;0.653265;0.660062;0.666810;0.668182;0.678744;0.685886;0.693513;0.699591;0.700339;0.708758;0.713999;0.718142;0.723235;0.728589;0.737064;0.741412;0.745026;0.748023;0.750928;0.760344;0.763335;0.765198;0.765190;0.763707;0.768859;0.771889;0.766999;0.777411;0.776093;0.776874;0.775116;0.774495;0.771572;0.769492;0.766709;0.766891;0.762556;0.759799;0.754592;0.756490;0.752770;0.746172;0.746604;0.741763;0.735758;0.734217;0.725844;0.723132;0.720716;0.717114;0.710728;0.705910;0.700252;0.701253;0.696130;0.685859;0.683978;0.681930;0.671621;0.669981;0.667463;0.662491;0.663238;0.655192;0.652878;0.650967;0.650185;0.645365;0.641729;0.633706;0.635775;0.638849;0.634608;0.629498;0.636972;0.630900;0.632519;0.631254;0.628022;0.625895;0.624673;0.625791;0.624050;0.621919;0.623545;0.629213;0.624609;0.626645;0.628210;0.628891;0.625658;0.628267;0.630422;0.630773;0.629817;0.633609;0.634318;0.628839;0.630906;0.628023;0.633501;0.639316;0.631867;0.640015;0.638425;0.635010;0.637189;0.643252;0.639553;0.641572;0.640358;0.640904;0.647387;0.642953;0.643599;0.646114;0.644291;0.645843;0.648545;0.647932;0.646235;0.645518;0.647105;0.650801;0.648335;0.648322;0.646307;0.647630;0.648471;0.648739;0.644423;0.644083;0.645737;0.651621;0.647547;0.641420;0.642859;0.644125;0.636937;0.639718;0.642956;0.643500;0.636910;0.637121;0.636204;0.631918;0.633132;0.631935;0.626806;0.621304;0.626601;0.617180;0.615481;0.616191;0.612535;0.613121;0.609512;0.607626;0.603358;0.605194;0.596281;0.596556;0.594689;0.588716;0.588184;0.585831;0.586370;0.576029;0.577768;0.574407;0.569962;0.566356;0.564639;0.561111;0.555457;0.555368;0.553911;0.558346;0.549574;0.544616;0.544755;0.540814;0.544600;0.540632;0.538969;0.534829
0.586044;0.587866;0.594701;0.597190;0.601451;0.610968;0.614411;0.620956;0.628124;0.632321;0.644508;0.648484;0.655123;0.659742;0.667614;0.680315;0.687041;0.693096;0.699516;0.707107;0.719294;0.720129;0.727482;0.740626;0.739516;0.752524;0.758458;0.765643;0.767492;0.767061;0.775483;0.785670;0.794354;0.793863;0.798262;0.804837;0.805026;0.809431;0.816104;0.810556;0.815213;0.815316;0.818438;0.815379;0.822054;0.817523;0.813210;0.819847;0.817735;0.814589;0.817744;0.810710;0.806258;0.815590;0.806259;0.799236;0.794297;0.792390;0.790750;0.783934;0.785936;0.778963;0.771362;0.773672;0.765322;0.759633;0.758229;0.751887;0.745942;0.746734;0.745457;0.735289;0.738399;0.727568;0.724325;0.718132;0.719122;0.710055;0.709385;0.711001;0.705731;0.701341;0.698152;0.692631;0.690639;0.691817;0.686480;0.681145;0.689155;0.677458;0.679268;0.674352;0.678951;0.677202;0.675052;0.671734;0.674020;0.667867;0.675549;0.666173;0.660586;0.671454;0.665506;0.664083;0.662211;0.657789;0.661163;0.658168;0.661389;0.661146;0.654816;0.651165;0.655050;0.652520;0.655084;0.652566;0.650315;0.655583;0.647776;0.645800;0.644864;0.642435;0.639696;0.640028;0.633061;0.635148;0.635077;0.628355;0.627218;0.624973;0.617928;0.617403;0.612052;0.610796;0.603863;0.605559;0.599324;0.600813;0.596841;0.590583;0.588589;0.588512;0.585546;0.578022;0.579819;0.573667;0.570481;0.567349;0.567520;0.558459;0.557732;0.561445;0.552986;0.550578;0.546891;0.550156;0.539252;0.539700;0.538269;0.533985;0.535062;0.531231;0.530329;0.526376;0.525769;0.523699;0.519330;0.521894;0.516629;0.517070;0.517969;0.516678;0.513546;0.512734;0.515025;0.510601;0.510745;0.502505;0.507785;0.510241;0.505818;0.506083;0.504100;0.512799;0.504870;0.502005;0.505707;0.501832;0.506278;0.499003;0.506126;0.503515;0.504500;0.496570;0.502459;0.503370;0.498586;0.502564;0.506534;0.501608
0.565660;0.565664;0.574124;0.576475;0.584797;0.584506;0.590721;0.598501;0.599196;0.607255;0.615890;0.617743;0.629451;0.628297;0.638846;0.643302;0.646110;0.654418;0.657989;0.668783;0.671852;0.675789;0.688615;0.687621;0.696217;0.706399;0.706187;0.710048;0.719640;0.726683;0.727688;0.738376;0.736030;0.745164;0.754101;0.754684;0.753821;0.762656;0.763039;0.762922;0.770503;0.771892;0.771148;0.778434;0.772708;0.778506;0.785314;0.786940;0.784639;0.782654;0.781946;0.785034;0.784767;0.781821;0.781094;0.786795;0.777207;0.775125;0.780192;0.777753;0.775983;0.774270;0.770917;0.769518;0.765278;0.769224;0.767628;0.758874;0.759484;0.760066;0.751775;0.750227;0.744442;0.744517;0.744457;0.737881;0.733846;0.730648;0.729968;0.726807;0.725962;0.724556;0.714700;0.715077;0.713495;0.702876;0.697921;0.700873;0.697254;0.690757;0.686541;0.682042;0.680973;0.680584;0.674248;0.672441;0.662356;0.658237;0.660860;0.660560;0.645046;0.647354;0.643700;0.642336;0.635596;0.632606;0.631050;0.629899;0.630357;0.622849;0.618454;0.618056;0.618788;0.612894;0.607462;0.607204;0.609697;0.606646;0.606191;0.597610;0.606366;0.595574;0.598023;0.598064;0.597473;0.599253;0.598790;0.598857;0.595239;0.591521;0.597392;0.592249;0.594444;0.590578;0.596607;0.600416;0.596689;0.594165;0.595147;0.597653;0.597914;0.594402;0.593402;0.596006;0.597756;0.593730;0.596078;0.595245;0.600716;0.596581;0.597859;0.598011;0.599551;0.595655;0.596759;0.597281;0.603448;0.597895;0.600641;0.593561;0.597016;0.591080;0.591216;0.591145;0.589771;0.589298;0.585388;0.588333;0.588999;0.582027;0.579216;0.578154;0.580143;0.576895;0.571856;0.567182;0.569610;0.572110;0.566177;0.564543;0.561451;0.557247;0.554962;0.555625;0.546272;0.548049;0.547125;0.542515;0.548391;0.537316;0.533173;0.530590;0.540728;0.530532;0.532692;0.532690;0.524030;0.524179;0.525720;0.525007
0.529416;0.530972;0.534502;0.536915;0.536318;0.540582;0.540711;0.551932;0.543863;0.546364;0.547726;0.553592;0.558364;0.558868;0.564717;0.571764;0.568189;0.571442;0.575707;0.579835;0.583852;0.580157;0.585259;0.587706;0.587236;0.588837;0.601024;0.600066;0.599849;0.596320;0.605077;0.609953;0.602879;0.606321;0.608890;0.607839;0.613442;0.614237;0.613347;0.611915;0.614156;0.612572;0.612957;0.613876;0.615906;0.615748;0.616210;0.617804;0.612855;0.612873;0.614005;0.611208;0.611024;0.610306;0.612637;0.608350;0.610075;0.607174;0.600825;0.606492;0.601890;0.601440;0.604488;0.596230;0.600715;0.601483;0.595629;0.598084;0.594672;0.595567;0.593980;0.595575;0.593468;0.598318;0.591275;0.588758;0.599145;0.597414;0.594960;0.599907;0.598317;0.602643;0.602311;0.600474;0.605501;0.607247;0.610993;0.612783;0.619091;0.615566;0.617911;0.625694;0.625728;0.630910;0.635062;0.634792;0.641113;0.644209;0.649024;0.653649;0.660439;0.660069;0.671163;0.665929;0.674599;0.680564;0.682138;0.685876;0.688632;0.694166;0.697922;0.700924;0.706829;0.708490;0.709387;0.719888;0.719299;0.724958;0.725763;0.728603;0.736542;0.740060;0.742290;0.744235;0.747372;0.746558;0.751747;0.750075;0.754198;0.756621;0.755054;0.758740;0.765929;0.768236;0.766991;0.770295;0.767038;0.770641;0.772493;0.770714;0.767540;0.769364;0.775978;0.770351;0.775336;0.770270;0.773089;0.775927;0.775304;0.771962;0.769881;0.770649;0.770172;0.766263;0.763534;0.760985;0.758768;0.759778;0.755325;0.757283;0.749013;0.748578;0.742771;0.739064;0.737329;0.732458;0.726108;0.715832;0.716945;0.713855;0.707650;0.703682;0.697229;0.690241;0.687955;0.680892;0.675802;0.673072;0.662540;0.661663;0.648981;0.646706;0.647165;0.638436;0.632868;0.626706;0.622316;0.615627;0.609503;0.606279;0.598835;0.592596;0.586922;0.586229;0.577878;0.577570;0.572739;0.566681;0.564937;0.560466
0.554373;0.555200;0.556749;0.560342;0.565993;0.569063;0.569199;0.572720;0.576442;0.581052;0.590858;0.596296;0.599868;0.603421;0.605343;0.612006;0.619675;0.616293;0.619546;0.625290;0.634563;0.637167;0.641458;0.641746;0.646514;0.653486;0.654632;0.657159;0.663987;0.665128;0.669146;0.669073;0.674731;0.679943;0.679307;0.674780;0.683073;0.679997;0.682404;0.687068;0.687875;0.688776;0.684209;0.685938;0.688478;0.688402;0.682111;0.679569;0.681446;0.681166;0.679146;0.673941;0.671004;0.668402;0.671631;0.661942;0.664683;0.661962;0.655418;0.652286;0.652173;0.652521;0.643134;0.643730;0.640202;0.643254;0.642342;0.635372;0.633150;0.636359;0.631440;0.627045;0.625392;0.623844;0.630552;0.625498;0.627117;0.622760;0.622610;0.627032;0.627125;0.626641;0.626017;0.626545;0.628030;0.631386;0.633213;0.636114;0.642516;0.642902;0.645479;0.648915;0.651137;0.653745;0.662604;0.665057;0.666104;0.668309;0.674855;0.678169;0.685612;0.688348;0.690027;0.699152;0.702876;0.703417;0.708312;0.710032;0.713770;0.719211;0.720498;0.726484;0.730284;0.733197;0.734607;0.734658;0.733271;0.744091;0.737764;0.743663;0.748608;0.746375;0.745789;0.744720;0.744570;0.745986;0.748430;0.745420;0.745760;0.742030;0.738779;0.739367;0.732469;0.738451;0.738160;0.736120;0.733856;0.729444;0.726136;0.724973;0.719143;0.718092;0.713682;0.710724;0.709212;0.702407;0.695974;0.693757;0.692179;0.692895;0.686116;0.680029;0.673235;0.674869;0.670986;0.667595;0.666818;0.659400;0.653306;0.653155;0.647917;0.644027;0.641104;0.634763;0.631366;0.631830;0.626040;0.623078;0.618193;0.615606;0.611557;0.605589;0.601882;0.599214;0.600588;0.596437;0.587527;0.585405;0.581666;0.580047;0.573329;0.572652;0.571404;0.562037;0.565446;0.560528;0.560343;0.553536;0.555125;0.549482;0.546007;0.542178;0.540420;0.537967;0.537885;0.533923;0.529565;0.529431;0.529782;0.525433
0.568713;0.572357;0.574036;0.581046;0.588607;0.587662;0.593126;0.602596;0.606118;0.614700;0.621229;0.626484;0.628096;0.640063;0.644665;0.646944;0.654871;0.663839;0.667945;0.674097;0.680513;0.685728;0.688557;0.695911;0.697462;0.702010;0.710106;0.716922;0.719393;0.723241;0.726660;0.731677;0.739698;0.739129;0.741104;0.738541;0.749341;0.741139;0.751869;0.749389;0.749638;0.748083;0.751682;0.747413;0.744577;0.749986;0.743000;0.745916;0.737654;0.734167;0.731790;0.729876;0.723885;0.724892;0.723025;0.715514;0.706597;0.703760;0.701271;0.702030;0.686675;0.687267;0.680220;0.678457;0.671957;0.670128;0.663753;0.655777;0.650101;0.644592;0.634792;0.632699;0.623088;0.620767;0.622606;0.611810;0.606461;0.607267;0.597501;0.595943;0.590886;0.590521;0.583834;0.585981;0.582434;0.572646;0.573615;0.575106;0.566307;0.567818;0.564925;0.564630;0.557643;0.561449;0.554827;0.556871;0.555383;0.553365;0.552599;0.556337;0.553184;0.553192;0.552306;0.555568;0.552584;0.557599;0.555166;0.552524;0.551904;0.553834;0.560712;0.562696;0.564272;0.569542;0.566366;0.567778;0.573923;0.575085;0.577630;0.580596;0.582771;0.588075;0.590862;0.593238;0.600880;0.604782;0.609618;0.615831;0.614576;0.623144;0.626576;0.630796;0.638700;0.642208;0.646373;0.650150;0.652715;0.660811;0.664658;0.666390;0.673238;0.678681;0.687420;0.684724;0.693280;0.697936;0.701326;0.702478;0.706735;0.706453;0.717588;0.712579;0.720086;0.721553;0.721845;0.721332;0.727984;0.725916;0.725697;0.723971;0.724507;0.723653;0.719696;0.723881;0.717966;0.719617;0.716362;0.712271;0.709733;0.702877;0.703797;0.696318;0.696238;0.685743;0.680048;0.678598;0.676731;0.672808;0.664837;0.661255;0.655951;0.647789;0.646288;0.636635;0.638174;0.631056;0.626782;0.616027;0.611067;0.608586;0.604151;0.594378;0.591095;0.583998;0.582563;0.577216;0.573535;0.573176;0.564368;0.561187
