1100;1105;1110;1115;1120;1125;1130;1135;1140;1145;1150;1155;1160;1165;1170;1175;1180;1185;1190;1195;1200;1205;1210;1215;1220;1225;1230;1235;1240;1245;1250;1255;1260;1265;1270;1275;1280;1285;1290;1295;1301;1306;1311;1316;1321;1326;1331;1336;1341;1346;1351;1356;1361;1366;1371;1376;1381;1386;1391;1396;1401;1406;1411;1416;1421;1426;1431;1436;1441;1446;1451;1456;1461;1466;1471;1476;1481;1486;1491;1496;1502;1507;1512;1517;1522;1527;1532;1537;1542;1547;1552;1557;1562;1567;1572;1577;1582;1587;1592;1597;1602;1607;1612;1617;1622;1627;1632;1637;1642;1647;1652;1657;1662;1667;1672;1677;1682;1687;1692;1697;1703;1708;1713;1718;1723;1728;1733;1738;1743;1748;1753;1758;1763;1768;1773;1778;1783;1788;1793;1798;1803;1808;1813;1818;1823;1828;1833;1838;1843;1848;1853;1858;1863;1868;1873;1878;1883;1888;1893;1898;1904;1909;1914;1919;1924;1929;1934;1939;1944;1949;1954;1959;1964;1969;1974;1979;1984;1989;1994;1999
0.531212;0.531388;0.538074;0.538684;0.540401;0.543451;0.546667;0.551100;0.554723;0.558530;0.561564;0.558326;0.565534;0.568512;0.572735;0.569863;0.570477;0.584110;0.586192;0.586347;0.589928;0.587956;0.599376;0.595355;0.600635;0.607242;0.608899;0.615686;0.619050;0.619541;0.624816;0.629977;0.629239;0.634333;0.634071;0.641523;0.644364;0.647586;0.650364;0.653594;0.655687;0.655026;0.660585;0.662092;0.670096;0.671795;0.669436;0.678675;0.675965;0.680394;0.684016;0.689122;0.684742;0.693308;0.692440;0.691615;0.699035;0.699543;0.702755;0.696497;0.700616;0.705049;0.699645;0.709484;0.714691;0.713130;0.716749;0.717803;0.719179;0.726378;0.728277;0.727573;0.735578;0.726773;0.735633;0.731174;0.734708;0.739832;0.744306;0.748024;0.744802;0.749228;0.753441;0.753687;0.754359;0.752162;0.757796;0.762533;0.761753;0.759680;0.760252;0.767442;0.766458;0.767729;0.767991;0.770684;0.772535;0.773976;0.776878;0.775359;0.774197;0.775052;0.778304;0.779492;0.784060;0.776488;0.776605;0.778998;0.776542;0.780024;0.786183;0.777922;0.777883;0.778055;0.779862;0.777481;0.771489;0.772073;0.765410;0.767059;0.763077;0.766763;0.759899;0.756463;0.752210;0.754696;0.747888;0.743963;0.735432;0.729472;0.723007;0.721390;0.718041;0.716758;0.714701;0.707792;0.696482;0.695398;0.688746;0.680797;0.677681;0.674868;0.665952;0.662723;0.656901;0.654507;0.641344;0.637663;0.632863;0.629005;0.624117;0.620896;0.616499;0.612016;0.604789;0.601205;0.587846;0.587910;0.588691;0.579767;0.579220;0.573985;0.569881;0.569895;0.564373;0.560597;0.556093;0.557353;0.554174;0.552434;0.544050;0.542000;0.542593;0.544879;0.538188;0.537605;0.530317;0.533294;0.528413;0.526655
0.520577;0.522498;0.523082;0.523465;0.526079;0.527090;0.529182;0.525503;0.531865;0.534558;0.536334;0.535223;0.541888;0.541984;0.545820;0.545321;0.548475;0.551740;0.552402;0.548787;0.560000;0.555625;0.562047;0.560803;0.563569;0.565878;0.569948;0.564673;0.569448;0.571147;0.575130;0.574931;0.574642;0.578894;0.585171;0.584292;0.581280;0.586044;0.590697;0.596138;0.597945;0.589310;0.595553;0.597419;0.594338;0.597907;0.602815;0.599357;0.605393;0.606049;0.607148;0.609268;0.611202;0.611493;0.612443;0.620769;0.611366;0.617188;0.623285;0.619403;0.625790;0.623803;0.624059;0.627899;0.628652;0.634661;0.638283;0.642990;0.638828;0.641873;0.648059;0.647945;0.654967;0.659648;0.657011;0.661562;0.663884;0.671048;0.677952;0.683625;0.681245;0.690122;0.691581;0.701800;0.705587;0.708934;0.717209;0.718977;0.722967;0.734904;0.737128;0.739698;0.746603;0.752258;0.758743;0.761111;0.767137;0.779976;0.783348;0.789175;0.790603;0.800139;0.803133;0.806350;0.814827;0.815771;0.828917;0.826868;0.828541;0.835429;0.832961;0.836757;0.847290;0.848888;0.846071;0.846305;0.852529;0.852139;0.848072;0.851955;0.851723;0.843421;0.843576;0.848106;0.841566;0.842619;0.832645;0.834209;0.830977;0.821345;0.817475;0.813810;0.811024;0.805276;0.800245;0.794929;0.786100;0.777851;0.777921;0.765644;0.760673;0.751628;0.745564;0.740103;0.732570;0.726056;0.717871;0.703888;0.701352;0.700078;0.686407;0.683266;0.673136;0.670265;0.662839;0.651264;0.646780;0.640725;0.639623;0.638763;0.628297;0.624157;0.610385;0.613002;0.604913;0.599220;0.600758;0.593451;0.583770;0.580624;0.577979;0.572869;0.574140;0.566405;0.563587;0.565159;0.560360;0.553349;0.551052;0.550700
0.513947;0.509230;0.513272;0.513418;0.506286;0.509803;0.516073;0.511732;0.515854;0.517848;0.521215;0.515983;0.519093;0.518393;0.525231;0.527299;0.523850;0.530095;0.533168;0.529978;0.528080;0.535147;0.535329;0.535814;0.542098;0.537603;0.540735;0.542794;0.545662;0.548703;0.544251;0.552064;0.551764;0.555212;0.554392;0.556991;0.561900;0.561734;0.566335;0.569707;0.569511;0.570532;0.576401;0.581717;0.580402;0.587469;0.589085;0.586768;0.595874;0.596429;0.600993;0.600830;0.605441;0.609184;0.608825;0.617178;0.618808;0.622393;0.632833;0.635075;0.631157;0.632473;0.643954;0.646510;0.650679;0.655736;0.658066;0.660438;0.663494;0.670387;0.674705;0.679183;0.682166;0.688145;0.691754;0.699813;0.701534;0.709177;0.708589;0.717572;0.715401;0.722278;0.727872;0.733672;0.739819;0.744600;0.751043;0.753123;0.756900;0.767026;0.770972;0.775161;0.781401;0.786324;0.786606;0.789613;0.797662;0.804279;0.802149;0.813601;0.815589;0.815622;0.827358;0.823820;0.831626;0.832475;0.833525;0.838151;0.839632;0.845830;0.843985;0.845736;0.846039;0.848098;0.848615;0.851264;0.849871;0.850863;0.849097;0.848283;0.845174;0.845493;0.844147;0.842924;0.836502;0.838057;0.831604;0.829153;0.822862;0.814460;0.814503;0.808735;0.808685;0.797320;0.799002;0.786924;0.783588;0.777332;0.772800;0.764339;0.755341;0.753224;0.750443;0.737370;0.730458;0.719779;0.722837;0.713014;0.709232;0.699405;0.695698;0.687653;0.676638;0.673022;0.670268;0.662099;0.655331;0.654798;0.645743;0.638787;0.635942;0.630359;0.631361;0.617357;0.616227;0.612316;0.605540;0.601005;0.598779;0.593046;0.587862;0.590035;0.585067;0.581907;0.576736;0.569747;0.568082;0.565571;0.565053;0.562746
0.536281;0.537696;0.540808;0.546620;0.547017;0.551109;0.555177;0.553032;0.560328;0.560964;0.570252;0.568987;0.573573;0.582418;0.580280;0.587988;0.590084;0.590963;0.598086;0.605996;0.607264;0.608767;0.612034;0.619485;0.620695;0.626152;0.632841;0.636920;0.637236;0.643173;0.651647;0.652469;0.658967;0.662462;0.664667;0.672192;0.669524;0.679490;0.681038;0.682856;0.691523;0.696201;0.698905;0.696971;0.703965;0.706203;0.707551;0.716552;0.722716;0.717669;0.722694;0.724613;0.731759;0.731386;0.732030;0.736207;0.743191;0.745233;0.748147;0.754058;0.755721;0.752153;0.751730;0.762397;0.762451;0.763843;0.763919;0.770765;0.774716;0.775587;0.773781;0.775139;0.778049;0.779541;0.785609;0.782636;0.786777;0.788451;0.782373;0.785688;0.784474;0.783970;0.782656;0.788450;0.783993;0.781752;0.782242;0.784035;0.785089;0.787182;0.781893;0.780310;0.779808;0.784656;0.779115;0.774122;0.775509;0.774196;0.773657;0.771534;0.768033;0.771804;0.765256;0.763605;0.761028;0.759740;0.755318;0.747597;0.745676;0.744596;0.746132;0.744346;0.739757;0.738320;0.738746;0.733192;0.726344;0.723034;0.722535;0.714838;0.714797;0.709257;0.706250;0.702613;0.697658;0.696202;0.689470;0.685330;0.685797;0.685366;0.673414;0.669149;0.663422;0.662559;0.661031;0.652746;0.648608;0.641527;0.643927;0.639387;0.632188;0.630343;0.620134;0.615057;0.612140;0.605315;0.608144;0.603865;0.601283;0.595219;0.587302;0.584126;0.581465;0.580784;0.576893;0.568433;0.571928;0.567405;0.562247;0.559762;0.553322;0.549672;0.555480;0.550779;0.547053;0.542842;0.542541;0.543849;0.539601;0.538317;0.539059;0.532907;0.528555;0.526665;0.528305;0.523894;0.529062;0.528047;0.519820;0.524104
0.507490;0.503603;0.500007;0.506529;0.509896;0.508082;0.505351;0.512079;0.511647;0.507588;0.513412;0.511399;0.515496;0.516369;0.519713;0.517222;0.517275;0.520483;0.523421;0.532364;0.522381;0.531677;0.531385;0.534157;0.537966;0.547759;0.541489;0.547365;0.553584;0.555653;0.558800;0.565891;0.566150;0.569255;0.577249;0.578954;0.583786;0.588475;0.597289;0.601378;0.606665;0.617976;0.621097;0.627640;0.633591;0.642118;0.647170;0.653529;0.664458;0.666935;0.679873;0.689748;0.698782;0.707919;0.714019;0.717583;0.725133;0.734332;0.741953;0.752791;0.761483;0.766814;0.774821;0.779409;0.786980;0.798853;0.806297;0.807534;0.814123;0.819122;0.818269;0.828412;0.835399;0.837071;0.842352;0.845653;0.847793;0.849870;0.848373;0.852332;0.848893;0.848289;0.848281;0.848734;0.845910;0.844314;0.845159;0.833382;0.832727;0.833880;0.828261;0.819465;0.815475;0.813238;0.805307;0.800410;0.793538;0.790219;0.781750;0.773269;0.770230;0.762460;0.756149;0.745356;0.741514;0.733819;0.726035;0.725659;0.713388;0.703840;0.693373;0.690211;0.687772;0.683989;0.672937;0.669436;0.660619;0.660718;0.659982;0.650912;0.652662;0.645266;0.641702;0.637217;0.634227;0.628934;0.628117;0.629134;0.623173;0.622410;0.623123;0.618923;0.620500;0.614869;0.618950;0.620532;0.614752;0.618187;0.621681;0.621018;0.616595;0.621833;0.616970;0.619345;0.618874;0.619200;0.619750;0.618540;0.622514;0.623138;0.622274;0.618707;0.618247;0.624316;0.621436;0.620068;0.620422;0.621499;0.618948;0.615200;0.613022;0.615000;0.621380;0.615008;0.610603;0.616371;0.610670;0.608038;0.607927;0.602619;0.600791;0.601741;0.594939;0.592313;0.591805;0.590578;0.589828;0.585744;0.576623;0.579589
0.568859;0.571246;0.577500;0.582649;0.581177;0.586040;0.592662;0.597892;0.606411;0.611018;0.613291;0.624904;0.634292;0.637140;0.636371;0.651862;0.648778;0.653671;0.667390;0.667145;0.677770;0.677798;0.684895;0.692145;0.701152;0.700346;0.707653;0.714868;0.721598;0.722787;0.732745;0.733612;0.736549;0.744172;0.745025;0.749662;0.751275;0.753072;0.755909;0.759275;0.760635;0.759504;0.760477;0.762257;0.764076;0.764535;0.760471;0.755802;0.760283;0.758841;0.755768;0.755485;0.753028;0.748943;0.747523;0.746303;0.747850;0.743349;0.739819;0.737006;0.731299;0.734708;0.733024;0.727272;0.725539;0.720394;0.715121;0.718052;0.713801;0.709127;0.710136;0.708454;0.705809;0.700940;0.698338;0.697560;0.699828;0.696612;0.691722;0.694509;0.695368;0.691565;0.687497;0.690500;0.687069;0.695024;0.686626;0.685828;0.691789;0.687244;0.691423;0.691302;0.693785;0.693162;0.697476;0.692115;0.695429;0.690149;0.695326;0.703937;0.702868;0.702513;0.701516;0.703796;0.705222;0.707197;0.707782;0.709552;0.710596;0.711454;0.708965;0.710242;0.711974;0.707334;0.709006;0.712779;0.711772;0.710950;0.706809;0.702701;0.706100;0.703645;0.703221;0.700182;0.693475;0.694706;0.688936;0.689594;0.684251;0.684247;0.682044;0.675288;0.670178;0.669950;0.666349;0.660861;0.656253;0.653149;0.653335;0.646741;0.643676;0.631449;0.627293;0.626319;0.622848;0.614970;0.612037;0.612017;0.606516;0.602316;0.598352;0.593201;0.591492;0.582657;0.578455;0.575578;0.576757;0.562066;0.562628;0.561969;0.558168;0.556228;0.551711;0.550020;0.547667;0.542119;0.544532;0.540589;0.538468;0.535730;0.536098;0.531536;0.527602;0.528709;0.529312;0.525602;0.524840;0.521963;0.520771;0.516115
0.536185;0.539104;0.540127;0.542576;0.545281;0.546580;0.549764;0.551388;0.554887;0.561289;0.560661;0.570942;0.566922;0.574970;0.575237;0.578760;0.581675;0.591655;0.591470;0.592522;0.598248;0.605444;0.605760;0.606864;0.608771;0.612365;0.618755;0.620340;0.620401;0.624822;0.632203;0.635624;0.645024;0.641080;0.644302;0.648753;0.654782;0.653493;0.655771;0.656135;0.661043;0.667107;0.666754;0.667104;0.679513;0.676581;0.675610;0.673741;0.683090;0.680682;0.687070;0.684552;0.689010;0.686131;0.689985;0.691549;0.695423;0.698138;0.699495;0.703573;0.702469;0.695907;0.698437;0.704114;0.708559;0.705660;0.706949;0.709149;0.712748;0.709567;0.715350;0.715071;0.713824;0.719400;0.720742;0.722422;0.722534;0.724023;0.720815;0.727345;0.727027;0.729572;0.732333;0.734907;0.737964;0.736485;0.735112;0.744994;0.742583;0.739029;0.745422;0.744125;0.745787;0.747714;0.751035;0.752960;0.754925;0.759387;0.753807;0.760358;0.760293;0.760281;0.762423;0.761676;0.761919;0.762760;0.760694;0.765757;0.763043;0.762646;0.766974;0.764764;0.760904;0.765363;0.760138;0.760254;0.757693;0.754979;0.752527;0.757877;0.755177;0.749498;0.744575;0.745627;0.743033;0.736207;0.736375;0.731475;0.729869;0.725511;0.722794;0.717025;0.716443;0.712359;0.703896;0.697926;0.699869;0.692149;0.686125;0.680271;0.680617;0.675520;0.668094;0.660786;0.658074;0.651507;0.647251;0.640429;0.637888;0.638656;0.631873;0.627168;0.619974;0.613499;0.612139;0.605530;0.602769;0.601989;0.595310;0.593238;0.586019;0.580437;0.588601;0.572825;0.573458;0.571789;0.564455;0.565003;0.561763;0.559359;0.553880;0.558450;0.555807;0.550319;0.546854;0.537145;0.540696;0.541938;0.539458;0.535460
0.540175;0.543943;0.548307;0.547921;0.557403;0.558142;0.559395;0.566740;0.565470;0.569753;0.574423;0.577965;0.580882;0.581285;0.591229;0.591672;0.603156;0.600676;0.600971;0.609874;0.610749;0.609776;0.618149;0.623227;0.626059;0.625308;0.629182;0.633353;0.635092;0.639033;0.644384;0.648299;0.645555;0.651366;0.654898;0.651633;0.655352;0.652309;0.656919;0.655290;0.656931;0.654854;0.659701;0.650418;0.653491;0.651099;0.652089;0.656547;0.652492;0.652461;0.647295;0.644422;0.646006;0.646852;0.643467;0.637585;0.634514;0.633786;0.626856;0.629067;0.632418;0.620461;0.623123;0.613072;0.611312;0.613593;0.612134;0.610983;0.603275;0.607191;0.604982;0.605379;0.603318;0.603588;0.601418;0.599299;0.596717;0.601001;0.599545;0.594139;0.598992;0.594947;0.600178;0.602217;0.602467;0.606578;0.610687;0.606618;0.608461;0.614002;0.615022;0.622616;0.620240;0.617226;0.623107;0.627604;0.632468;0.634231;0.642890;0.640333;0.652354;0.649311;0.653339;0.657294;0.663658;0.666361;0.669731;0.674006;0.675330;0.687873;0.685283;0.687741;0.693984;0.696692;0.699547;0.705842;0.707537;0.712155;0.716446;0.720831;0.721755;0.723386;0.729687;0.732351;0.736012;0.731500;0.734182;0.736728;0.743961;0.740431;0.741498;0.744778;0.746198;0.747912;0.750463;0.748652;0.749355;0.754193;0.750759;0.755652;0.750889;0.753780;0.754561;0.752169;0.750329;0.750369;0.750096;0.747897;0.745479;0.747047;0.752049;0.746004;0.743882;0.744534;0.737498;0.737430;0.738377;0.736840;0.733286;0.732638;0.724859;0.724014;0.717720;0.716558;0.711291;0.711885;0.702425;0.700803;0.698926;0.690073;0.688737;0.681647;0.678459;0.677991;0.672496;0.667933;0.657610;0.653601;0.650030;0.646712
0.537397;0.543467;0.542695;0.542675;0.541856;0.544861;0.548724;0.553446;0.555981;0.555077;0.559475;0.560421;0.569817;0.574050;0.570412;0.573534;0.580892;0.589347;0.586769;0.587614;0.591693;0.596629;0.597736;0.606120;0.605812;0.606151;0.607836;0.613508;0.619099;0.616629;0.619153;0.621454;0.628651;0.622303;0.620755;0.627759;0.624785;0.627479;0.628952;0.627710;0.632890;0.631969;0.632791;0.631936;0.632944;0.627438;0.626109;0.631533;0.624545;0.632312;0.625405;0.624195;0.624697;0.624985;0.624028;0.616431;0.620427;0.619846;0.617760;0.616325;0.618237;0.614133;0.614289;0.614273;0.619564;0.614434;0.603400;0.610090;0.613621;0.612918;0.611972;0.616611;0.614523;0.616486;0.618647;0.620532;0.620757;0.625313;0.628435;0.630678;0.632557;0.638739;0.643648;0.644219;0.647475;0.654608;0.656749;0.663933;0.673279;0.678177;0.683454;0.691333;0.694598;0.701621;0.711681;0.721735;0.723348;0.729143;0.738249;0.744374;0.748521;0.761630;0.763258;0.772338;0.782468;0.786734;0.783926;0.795139;0.801572;0.807487;0.816183;0.820310;0.816527;0.824850;0.828008;0.829833;0.832670;0.835380;0.833714;0.835441;0.839173;0.834947;0.836928;0.835043;0.838492;0.831664;0.832946;0.826538;0.829110;0.821665;0.818077;0.813504;0.810103;0.805749;0.802222;0.796778;0.789857;0.782839;0.775736;0.767269;0.763134;0.757619;0.750676;0.744643;0.742907;0.731562;0.724375;0.720395;0.712155;0.708759;0.698122;0.691718;0.686837;0.678699;0.672829;0.667353;0.654923;0.653027;0.650791;0.640463;0.636478;0.635259;0.628086;0.617539;0.615918;0.613941;0.605674;0.601509;0.596657;0.593598;0.589118;0.584461;0.587160;0.579570;0.571042;0.571810;0.565715;0.560558;0.563333;0.559997
0.503938;0.505228;0.502693;0.500561;0.501333;0.502339;0.502145;0.503648;0.506502;0.500089;0.501820;0.506242;0.499173;0.500832;0.502161;0.503586;0.504051;0.503244;0.507023;0.502167;0.502821;0.503089;0.508763;0.505212;0.505091;0.504094;0.505775;0.508791;0.501821;0.503713;0.502610;0.502885;0.503224;0.506246;0.510548;0.503500;0.509112;0.503854;0.504365;0.504023;0.506779;0.506044;0.504655;0.507721;0.505779;0.504022;0.509256;0.505472;0.503382;0.508793;0.511155;0.509756;0.510699;0.508378;0.509240;0.502677;0.511367;0.511018;0.513046;0.513526;0.513702;0.509664;0.509234;0.510455;0.511790;0.516486;0.513161;0.516671;0.517884;0.514905;0.516978;0.519008;0.516216;0.522784;0.519814;0.522117;0.526380;0.525582;0.527954;0.527333;0.524956;0.529801;0.532795;0.535529;0.535158;0.531661;0.542174;0.542213;0.538086;0.548526;0.549098;0.549540;0.560056;0.555870;0.560325;0.558161;0.567462;0.574237;0.576025;0.572093;0.578507;0.585439;0.588976;0.592157;0.594805;0.600702;0.604717;0.614962;0.622574;0.629598;0.634455;0.630140;0.639934;0.647279;0.655980;0.663652;0.670386;0.673899;0.679493;0.692595;0.694462;0.708449;0.713464;0.720285;0.734029;0.736539;0.749676;0.756863;0.764973;0.772923;0.781474;0.789172;0.799251;0.805346;0.820578;0.830788;0.833287;0.847064;0.852846;0.864823;0.872335;0.879740;0.883285;0.893645;0.901228;0.905151;0.914630;0.921599;0.930482;0.935181;0.936461;0.941620;0.946212;0.947656;0.950463;0.953812;0.952630;0.954536;0.952656;0.948324;0.953315;0.950821;0.946507;0.948043;0.939744;0.936716;0.932831;0.923806;0.915778;0.913564;0.901640;0.897104;0.888016;0.884067;0.876464;0.859557;0.854580;0.845176;0.832429;0.821856
0.625482;0.635753;0.641811;0.650304;0.659064;0.667086;0.677352;0.683579;0.699378;0.706611;0.717104;0.732917;0.737666;0.751154;0.762987;0.778065;0.786122;0.798469;0.806153;0.821443;0.826720;0.842337;0.850331;0.859690;0.870281;0.877672;0.886659;0.894187;0.901585;0.913173;0.918049;0.925579;0.930800;0.933184;0.942230;0.941655;0.950773;0.949141;0.954465;0.956666;0.954868;0.956502;0.954812;0.953002;0.955579;0.949037;0.944695;0.941767;0.934034;0.932832;0.917219;0.918316;0.912854;0.906925;0.892794;0.893360;0.885443;0.872966;0.860093;0.849624;0.837537;0.832951;0.820838;0.812595;0.801781;0.795837;0.782023;0.766981;0.761670;0.747157;0.742256;0.725298;0.718940;0.713897;0.702172;0.698779;0.682403;0.675755;0.667106;0.660037;0.652093;0.642822;0.636704;0.630971;0.624167;0.619299;0.607127;0.602860;0.600128;0.590163;0.585057;0.581020;0.582651;0.573502;0.570540;0.557849;0.559862;0.560799;0.555944;0.551991;0.546304;0.549399;0.547688;0.541644;0.538993;0.540343;0.535756;0.536469;0.535977;0.528778;0.530800;0.528376;0.526625;0.525720;0.524379;0.525633;0.523969;0.523158;0.526748;0.518380;0.518222;0.522187;0.519931;0.523691;0.521204;0.517599;0.523868;0.515994;0.518782;0.518400;0.516209;0.519888;0.517893;0.517702;0.515674;0.521685;0.516256;0.517479;0.518992;0.519069;0.519264;0.516053;0.520668;0.520744;0.519096;0.516611;0.525187;0.516492;0.521842;0.523489;0.522778;0.524251;0.521767;0.518241;0.523053;0.517568;0.516048;0.519223;0.515593;0.517360;0.519589;0.521386;0.520419;0.520047;0.519130;0.521993;0.514508;0.517515;0.514770;0.515228;0.514384;0.516838;0.518770;0.513115;0.516082;0.516146;0.512623;0.514945;0.512061;0.512196
0.543778;0.550929;0.552727;0.557643;0.560491;0.565075;0.568523;0.569612;0.579867;0.578759;0.583702;0.585381;0.590080;0.589496;0.602715;0.608154;0.607566;0.614281;0.614803;0.621261;0.620850;0.628665;0.629002;0.638734;0.636237;0.646246;0.649375;0.656137;0.656831;0.661167;0.661438;0.658946;0.672060;0.672629;0.675957;0.674064;0.674236;0.682671;0.678955;0.681495;0.681542;0.680229;0.683098;0.682789;0.684168;0.681631;0.679446;0.682130;0.678802;0.681416;0.679243;0.676651;0.679892;0.674920;0.673340;0.667028;0.672035;0.665906;0.662413;0.661924;0.665711;0.664486;0.662161;0.658766;0.657387;0.650048;0.653266;0.647515;0.647463;0.644036;0.646521;0.638728;0.642545;0.641921;0.637984;0.640081;0.639182;0.638984;0.636760;0.640409;0.640618;0.642406;0.641474;0.643583;0.637156;0.642855;0.647911;0.646063;0.653903;0.651271;0.648410;0.654431;0.655570;0.658731;0.659243;0.661016;0.669183;0.668795;0.671181;0.674409;0.672916;0.680098;0.686348;0.684694;0.687338;0.696114;0.693896;0.700970;0.701275;0.703406;0.706038;0.707740;0.714327;0.708870;0.712738;0.716237;0.719632;0.724813;0.720056;0.715612;0.729730;0.722444;0.723498;0.729796;0.722475;0.727350;0.728361;0.721983;0.726863;0.721945;0.726476;0.725121;0.724230;0.720942;0.724452;0.721186;0.718404;0.717125;0.716131;0.714636;0.712239;0.711797;0.708312;0.706711;0.701388;0.705009;0.699853;0.696290;0.695351;0.695158;0.686664;0.685253;0.684280;0.682040;0.682865;0.675999;0.672854;0.672713;0.665577;0.666863;0.663386;0.657448;0.657472;0.651803;0.650092;0.646141;0.639528;0.639664;0.636079;0.631459;0.630754;0.625067;0.619415;0.614237;0.613772;0.605916;0.603331;0.599574;0.597283;0.590599
0.611147;0.616459;0.620704;0.630806;0.634400;0.643538;0.648654;0.661271;0.669315;0.676951;0.688528;0.700519;0.704415;0.714192;0.721138;0.728952;0.741076;0.747321;0.760738;0.770129;0.783325;0.788443;0.798442;0.808097;0.817547;0.818966;0.829236;0.838890;0.847358;0.855830;0.860525;0.865151;0.872710;0.873512;0.879722;0.888350;0.881622;0.892280;0.892925;0.891335;0.894886;0.891283;0.888955;0.896047;0.890379;0.886754;0.885307;0.883989;0.878113;0.882090;0.875372;0.872409;0.867378;0.860253;0.850192;0.846733;0.839207;0.830766;0.828289;0.815854;0.806470;0.803610;0.792379;0.784645;0.774496;0.774967;0.759947;0.752810;0.744071;0.729886;0.727882;0.722726;0.712978;0.701040;0.698892;0.688656;0.682065;0.672000;0.665777;0.658648;0.656973;0.649287;0.640564;0.634868;0.628013;0.619869;0.623350;0.616388;0.607355;0.605082;0.600861;0.595897;0.593880;0.590998;0.584815;0.577683;0.578764;0.577086;0.573057;0.568926;0.567013;0.564866;0.564808;0.560647;0.556010;0.557051;0.556457;0.552712;0.547402;0.544170;0.552529;0.550813;0.543981;0.540190;0.546055;0.545838;0.548742;0.545454;0.550809;0.545455;0.538598;0.543259;0.543913;0.546986;0.541990;0.543477;0.545816;0.546274;0.543475;0.543043;0.547229;0.546610;0.551074;0.549268;0.557137;0.550873;0.553368;0.553674;0.555099;0.555883;0.556193;0.556096;0.558245;0.553544;0.565507;0.565116;0.564608;0.566492;0.563127;0.563417;0.565185;0.564736;0.568082;0.563713;0.561981;0.563950;0.563875;0.558857;0.564569;0.566559;0.566001;0.566252;0.563414;0.568496;0.563807;0.564495;0.562799;0.561782;0.558492;0.560890;0.563713;0.554950;0.557296;0.552427;0.550922;0.550345;0.552909;0.549585;0.548388;0.541856
0.535699;0.536935;0.546006;0.545930;0.547374;0.552093;0.549709;0.557817;0.560933;0.566742;0.574326;0.568329;0.575143;0.581195;0.581923;0.586267;0.592542;0.596508;0.598944;0.604752;0.603764;0.611698;0.616387;0.616451;0.627738;0.622438;0.632088;0.637176;0.637154;0.643830;0.644721;0.648529;0.657353;0.655438;0.666143;0.668017;0.671776;0.676682;0.681334;0.684743;0.684366;0.690598;0.696384;0.694104;0.699357;0.703162;0.710054;0.712340;0.713651;0.717410;0.720200;0.725297;0.727183;0.729507;0.731881;0.733085;0.738704;0.738895;0.744607;0.749423;0.747178;0.748062;0.750385;0.753570;0.753074;0.763648;0.758363;0.758001;0.761124;0.763497;0.765249;0.765010;0.767460;0.763228;0.764573;0.765345;0.767479;0.765951;0.763948;0.764806;0.763397;0.761903;0.764660;0.760383;0.756646;0.756390;0.757814;0.758887;0.749243;0.749709;0.748078;0.746862;0.743606;0.741687;0.734595;0.736847;0.732965;0.731052;0.727960;0.724469;0.720826;0.717516;0.713256;0.712404;0.706253;0.704533;0.703918;0.699606;0.696664;0.693706;0.689686;0.689578;0.688149;0.678509;0.675847;0.681000;0.675366;0.671704;0.672981;0.669135;0.659365;0.660977;0.662343;0.658466;0.656804;0.651920;0.649338;0.650448;0.648011;0.648271;0.642364;0.642039;0.636938;0.637387;0.639169;0.634908;0.633008;0.631599;0.630941;0.628986;0.628207;0.626925;0.625948;0.619618;0.623993;0.619868;0.621204;0.615688;0.621990;0.614866;0.615104;0.614896;0.613091;0.611843;0.609539;0.608305;0.607014;0.608482;0.604505;0.601184;0.602445;0.595784;0.593859;0.596692;0.596049;0.592141;0.585784;0.586498;0.584745;0.584010;0.574866;0.574616;0.572009;0.572235;0.569923;0.570099;0.564890;0.567128;0.568187;0.559485
0.541333;0.541933;0.546264;0.549384;0.555920;0.549238;0.555917;0.560809;0.561776;0.570739;0.569193;0.571904;0.575735;0.578953;0.584843;0.582950;0.592763;0.595794;0.598348;0.603400;0.602219;0.609336;0.609910;0.615685;0.620793;0.623275;0.623414;0.629337;0.631211;0.633046;0.633297;0.641300;0.640668;0.639047;0.643859;0.643997;0.649407;0.650957;0.643630;0.651704;0.650568;0.655025;0.647918;0.649047;0.654751;0.653129;0.649859;0.646341;0.650835;0.649788;0.649900;0.643345;0.643773;0.638584;0.640740;0.639565;0.641529;0.633262;0.628272;0.631895;0.625514;0.624573;0.624387;0.619814;0.619701;0.615493;0.615712;0.612079;0.611035;0.611657;0.608648;0.608374;0.603836;0.601602;0.605721;0.599681;0.603845;0.597361;0.599737;0.595405;0.598317;0.590910;0.597523;0.596613;0.596357;0.597922;0.599944;0.595977;0.594942;0.600794;0.596428;0.600808;0.601639;0.603697;0.605360;0.612985;0.611199;0.613246;0.614261;0.619884;0.617993;0.622370;0.622304;0.622743;0.630892;0.633196;0.637641;0.638429;0.642855;0.640784;0.649055;0.650248;0.658014;0.658138;0.660164;0.661994;0.665462;0.670800;0.674457;0.674210;0.681750;0.683255;0.687299;0.688225;0.689904;0.695077;0.699679;0.703866;0.705447;0.710749;0.705924;0.713733;0.719569;0.719544;0.718684;0.725153;0.724770;0.734934;0.734067;0.736740;0.738211;0.739891;0.741986;0.747393;0.742988;0.747232;0.750207;0.749990;0.750287;0.747381;0.753798;0.751737;0.746013;0.744221;0.744975;0.749590;0.749493;0.746806;0.744454;0.739524;0.740325;0.741491;0.736032;0.731053;0.729258;0.725414;0.719736;0.716463;0.716962;0.715597;0.703562;0.695581;0.691123;0.690956;0.684841;0.681747;0.670177;0.665938;0.663600;0.656535
0.537255;0.537895;0.543822;0.546536;0.551228;0.550207;0.553785;0.557483;0.557886;0.561415;0.567504;0.566756;0.569245;0.573880;0.577405;0.577790;0.586647;0.591146;0.593010;0.596320;0.601539;0.601006;0.605064;0.614549;0.616057;0.619677;0.622730;0.629008;0.628586;0.632797;0.634430;0.638112;0.645519;0.650482;0.654331;0.648046;0.655678;0.655735;0.658763;0.660577;0.665210;0.672329;0.676362;0.673663;0.676348;0.680529;0.681621;0.682256;0.684682;0.685917;0.689227;0.691462;0.689959;0.692056;0.693525;0.692326;0.696187;0.697659;0.699507;0.700664;0.702066;0.701928;0.698472;0.704283;0.701774;0.701947;0.700864;0.707438;0.711257;0.704204;0.706439;0.705967;0.706274;0.707069;0.705629;0.708411;0.704799;0.708082;0.705854;0.706403;0.705664;0.704305;0.706064;0.706853;0.707685;0.704037;0.705883;0.698376;0.701291;0.698639;0.700013;0.704003;0.701013;0.700183;0.698416;0.691977;0.699223;0.690052;0.696226;0.691021;0.688359;0.694365;0.686770;0.689164;0.689879;0.683642;0.687794;0.686266;0.680797;0.680464;0.680119;0.679811;0.679649;0.676905;0.679138;0.682984;0.679787;0.678745;0.679651;0.680312;0.674054;0.677897;0.671954;0.681199;0.677707;0.679370;0.676323;0.674380;0.679291;0.673838;0.673533;0.677069;0.675584;0.680687;0.673549;0.677079;0.677282;0.678330;0.678378;0.678579;0.679107;0.677824;0.682555;0.679168;0.676104;0.677856;0.679272;0.681115;0.681935;0.674322;0.671270;0.678042;0.671338;0.673496;0.671113;0.667570;0.662854;0.669225;0.663553;0.660333;0.668230;0.656632;0.658574;0.652334;0.647759;0.649196;0.646561;0.647979;0.638394;0.639042;0.635967;0.628579;0.634921;0.621900;0.622594;0.619361;0.608216;0.614846;0.609386;0.604253
0.516521;0.515956;0.515244;0.519532;0.519210;0.523311;0.522045;0.528069;0.525584;0.531023;0.527968;0.533103;0.534684;0.534470;0.542424;0.538526;0.545484;0.545466;0.546680;0.548141;0.550764;0.550831;0.556551;0.561204;0.557517;0.562750;0.565048;0.567610;0.569984;0.573013;0.573488;0.575301;0.580294;0.582949;0.582219;0.585968;0.593088;0.591756;0.597951;0.605537;0.600266;0.604279;0.614315;0.616665;0.617944;0.619349;0.624729;0.626476;0.629260;0.631470;0.638505;0.640075;0.648792;0.650491;0.654959;0.651780;0.655034;0.663166;0.668887;0.665894;0.675992;0.675851;0.683224;0.685269;0.684329;0.691499;0.693387;0.697124;0.705788;0.708471;0.708076;0.711342;0.712380;0.718802;0.719783;0.718732;0.726064;0.729257;0.733004;0.732194;0.736956;0.737136;0.738898;0.741047;0.741098;0.742802;0.745166;0.750452;0.749543;0.755726;0.756020;0.752192;0.753676;0.760515;0.760472;0.760559;0.760593;0.758296;0.762656;0.757521;0.760534;0.763266;0.767914;0.761859;0.766508;0.760145;0.765265;0.763513;0.762816;0.764928;0.757365;0.761867;0.766194;0.758264;0.760319;0.756981;0.754286;0.757072;0.757198;0.761620;0.754979;0.748908;0.746723;0.752869;0.746816;0.744611;0.741198;0.741024;0.736083;0.737390;0.731672;0.732369;0.728023;0.729531;0.722516;0.719790;0.715660;0.715164;0.710167;0.703836;0.705768;0.700617;0.701266;0.696936;0.696279;0.687318;0.685719;0.680930;0.680754;0.675463;0.677060;0.668695;0.664534;0.662629;0.658561;0.656088;0.654506;0.647515;0.648374;0.642669;0.640263;0.635607;0.632008;0.625775;0.629200;0.621975;0.618841;0.613203;0.611407;0.610336;0.601886;0.600568;0.592927;0.593086;0.593677;0.582793;0.580326;0.580748;0.576979;0.575935
0.524388;0.527876;0.533431;0.530540;0.537751;0.534552;0.535226;0.543168;0.545738;0.545889;0.548737;0.556443;0.558170;0.557480;0.556341;0.564295;0.571624;0.573113;0.573889;0.576905;0.574763;0.585308;0.587345;0.593868;0.598802;0.601933;0.603631;0.611950;0.611617;0.619494;0.624296;0.628624;0.632521;0.631313;0.641421;0.648650;0.651046;0.658461;0.659962;0.665759;0.675377;0.679131;0.683384;0.684605;0.696576;0.695845;0.703504;0.712082;0.722061;0.726045;0.734195;0.731993;0.736973;0.745621;0.753234;0.758685;0.774059;0.771937;0.775539;0.780412;0.787611;0.791848;0.796554;0.803418;0.807424;0.815299;0.816154;0.817810;0.821825;0.825497;0.829736;0.827926;0.836489;0.836337;0.843006;0.841873;0.839682;0.849021;0.847452;0.846908;0.848160;0.844604;0.846461;0.847626;0.837336;0.847565;0.842380;0.839161;0.838322;0.831916;0.827279;0.824490;0.822988;0.819361;0.817035;0.811455;0.804565;0.799752;0.794733;0.791492;0.785138;0.776864;0.774492;0.766933;0.764514;0.761945;0.749320;0.743469;0.740632;0.736198;0.732982;0.723520;0.716548;0.711581;0.704643;0.704036;0.693553;0.695260;0.683246;0.680761;0.672487;0.673749;0.666308;0.661092;0.657938;0.652209;0.648651;0.649294;0.637429;0.633101;0.632275;0.626000;0.621332;0.621908;0.615383;0.607532;0.608461;0.607501;0.600281;0.598460;0.595242;0.587241;0.590985;0.583651;0.579965;0.578394;0.578624;0.573446;0.569734;0.570895;0.565537;0.562977;0.563329;0.557810;0.555715;0.557574;0.550106;0.548477;0.547527;0.550271;0.545754;0.541383;0.536440;0.538082;0.534992;0.535168;0.530840;0.532713;0.528736;0.530244;0.533074;0.529254;0.521834;0.524737;0.520477;0.524216;0.524082;0.513255;0.518541;0.522003
0.518531;0.519052;0.527779;0.527068;0.527588;0.532937;0.532493;0.535184;0.535773;0.539664;0.544326;0.539726;0.546893;0.549725;0.549064;0.554514;0.557338;0.561160;0.561504;0.564859;0.565935;0.571954;0.570718;0.574529;0.577435;0.588108;0.586844;0.588321;0.587237;0.594965;0.595863;0.600152;0.605019;0.604115;0.612391;0.613071;0.616371;0.622508;0.626834;0.627995;0.633271;0.633225;0.637973;0.643003;0.639524;0.648267;0.652212;0.657222;0.659124;0.663104;0.663600;0.669429;0.667008;0.675064;0.675453;0.677289;0.690980;0.687484;0.689181;0.689689;0.693715;0.700214;0.702459;0.705447;0.705547;0.709677;0.710784;0.717408;0.715304;0.716781;0.717730;0.717468;0.723701;0.722282;0.727418;0.725966;0.724210;0.727706;0.731732;0.731331;0.730599;0.729853;0.729980;0.731188;0.728793;0.729371;0.731309;0.732505;0.731751;0.729373;0.725691;0.722245;0.726545;0.724682;0.722308;0.720275;0.716916;0.718159;0.713616;0.711253;0.709620;0.708521;0.707046;0.704581;0.705872;0.706047;0.707435;0.706758;0.700378;0.699562;0.696785;0.691667;0.692123;0.691221;0.692366;0.692720;0.688988;0.684820;0.683537;0.691009;0.687635;0.682578;0.683194;0.685759;0.685831;0.682541;0.689770;0.687429;0.684547;0.687186;0.684256;0.688456;0.688582;0.689995;0.688164;0.690129;0.688133;0.690553;0.688795;0.686449;0.682627;0.693074;0.689333;0.692624;0.689994;0.694071;0.691124;0.692685;0.692318;0.692029;0.688245;0.688625;0.685225;0.686297;0.689789;0.686250;0.684840;0.683047;0.684254;0.683414;0.679707;0.675548;0.677915;0.674837;0.671498;0.670689;0.665395;0.660668;0.653549;0.654331;0.653071;0.652348;0.645452;0.641706;0.636645;0.631331;0.629811;0.628874;0.624535;0.619854
0.574772;0.578865;0.584074;0.593951;0.596891;0.600118;0.606121;0.618986;0.617947;0.622402;0.627439;0.643835;0.646752;0.654743;0.654530;0.660242;0.670970;0.675251;0.683493;0.686940;0.696496;0.704056;0.709685;0.713036;0.719644;0.735083;0.728978;0.736417;0.741275;0.744412;0.753816;0.753943;0.758229;0.768584;0.766647;0.772500;0.773828;0.775915;0.773614;0.779865;0.775243;0.776462;0.779664;0.776793;0.776579;0.774969;0.772488;0.775840;0.769374;0.769293;0.764168;0.765562;0.763495;0.758741;0.754883;0.750616;0.746191;0.742300;0.735688;0.732686;0.731216;0.725262;0.718718;0.719797;0.712092;0.705595;0.706808;0.698317;0.697295;0.692257;0.686014;0.683034;0.679957;0.679827;0.667392;0.663963;0.663486;0.661275;0.659872;0.658787;0.658357;0.653840;0.655330;0.651820;0.650021;0.647306;0.648629;0.648687;0.644574;0.648176;0.646011;0.643260;0.643644;0.648386;0.649773;0.648938;0.655264;0.653095;0.654601;0.658333;0.653681;0.663276;0.662270;0.670273;0.661729;0.666071;0.665611;0.671647;0.664387;0.668406;0.671344;0.674428;0.677115;0.676482;0.669613;0.676078;0.676796;0.675275;0.678504;0.681752;0.678411;0.681193;0.676895;0.673551;0.675260;0.671851;0.671258;0.670433;0.670987;0.671443;0.672228;0.664590;0.660557;0.662768;0.658201;0.656768;0.656064;0.652581;0.649139;0.645432;0.642416;0.638391;0.637462;0.637650;0.632049;0.628596;0.627776;0.620322;0.623840;0.617874;0.617776;0.608296;0.611519;0.610620;0.604003;0.597146;0.597182;0.596310;0.597796;0.587479;0.584840;0.584841;0.584330;0.576994;0.582017;0.575398;0.575820;0.565062;0.567912;0.562799;0.562820;0.561806;0.560131;0.555197;0.554325;0.551247;0.549450;0.549627;0.547963;0.545982
0.505503;0.500304;0.503714;0.504960;0.504179;0.508007;0.507128;0.506590;0.502912;0.506665;0.508434;0.503271;0.508301;0.499647;0.510250;0.508674;0.504373;0.507329;0.508831;0.504744;0.507471;0.511418;0.509971;0.514749;0.513162;0.511294;0.512185;0.513940;0.513388;0.513482;0.511733;0.513733;0.513892;0.514240;0.517376;0.514864;0.519703;0.517610;0.522174;0.517446;0.523059;0.517804;0.520894;0.527975;0.521472;0.525984;0.523258;0.526533;0.525951;0.530768;0.533613;0.532084;0.535349;0.540346;0.537559;0.543397;0.540303;0.545374;0.543891;0.552175;0.550989;0.549521;0.556328;0.561947;0.561127;0.569170;0.572140;0.573669;0.579101;0.577514;0.584825;0.592854;0.591164;0.602367;0.605401;0.613107;0.613597;0.623980;0.626656;0.637194;0.647551;0.650947;0.658361;0.661028;0.674116;0.684204;0.687617;0.702406;0.706100;0.714955;0.724452;0.735285;0.745887;0.753159;0.760657;0.772792;0.777315;0.790467;0.793305;0.808542;0.813694;0.824302;0.826773;0.838175;0.848295;0.852704;0.860630;0.869426;0.875242;0.885131;0.890829;0.892429;0.900320;0.900740;0.905281;0.908044;0.907325;0.913941;0.914791;0.917810;0.918205;0.916451;0.917206;0.909019;0.910077;0.908791;0.902471;0.900232;0.899149;0.895925;0.892946;0.882972;0.880525;0.871559;0.866863;0.856201;0.851396;0.840246;0.834886;0.831392;0.822308;0.807958;0.805980;0.794051;0.785469;0.778628;0.769590;0.766150;0.752589;0.743769;0.735476;0.729459;0.714025;0.710179;0.701430;0.696864;0.683131;0.677272;0.672158;0.666286;0.661271;0.650811;0.641836;0.637464;0.627133;0.620159;0.621008;0.615698;0.602506;0.602986;0.599990;0.590460;0.586003;0.584769;0.576628;0.573265;0.568552;0.569890;0.558667;0.558272
0.577377;0.583762;0.590335;0.594645;0.601364;0.606522;0.614949;0.623624;0.628386;0.635470;0.643387;0.646101;0.655939;0.662967;0.669730;0.672189;0.680382;0.688031;0.694057;0.699803;0.712395;0.717093;0.724737;0.736225;0.739819;0.744619;0.750020;0.751257;0.764714;0.762691;0.775235;0.775539;0.777495;0.779546;0.785727;0.786879;0.790050;0.788610;0.797217;0.791394;0.797375;0.795562;0.792614;0.794797;0.791147;0.792249;0.787776;0.785994;0.781655;0.782997;0.780745;0.779490;0.766963;0.768164;0.762245;0.760393;0.754408;0.747431;0.741509;0.740041;0.734375;0.726937;0.719863;0.719280;0.712440;0.709389;0.699534;0.697374;0.688980;0.684697;0.683142;0.677559;0.675203;0.670407;0.662915;0.660928;0.661285;0.655723;0.658027;0.650876;0.648113;0.649703;0.646795;0.646660;0.646237;0.647264;0.644656;0.652366;0.642614;0.643200;0.647605;0.652103;0.651239;0.649123;0.649066;0.658905;0.654821;0.657340;0.660581;0.656186;0.664393;0.672460;0.666782;0.669171;0.675009;0.673713;0.675537;0.675800;0.682615;0.681509;0.683375;0.681753;0.689000;0.689396;0.687065;0.690415;0.685907;0.690751;0.689214;0.689995;0.688596;0.690767;0.683400;0.685093;0.683850;0.683872;0.682390;0.676689;0.678688;0.669958;0.669049;0.669696;0.664145;0.661563;0.658790;0.655375;0.647291;0.646116;0.643098;0.635895;0.635091;0.629388;0.622909;0.618870;0.614358;0.611506;0.610468;0.606995;0.599560;0.590476;0.589421;0.583741;0.583276;0.574744;0.571459;0.572807;0.569723;0.558615;0.559279;0.557661;0.549382;0.548943;0.545626;0.545702;0.539469;0.535325;0.536611;0.533446;0.531468;0.526395;0.524159;0.524343;0.520358;0.519933;0.515003;0.514177;0.516103;0.513989;0.514853;0.513015
0.513131;0.510029;0.511253;0.518123;0.517283;0.516769;0.519390;0.521516;0.519598;0.519168;0.519517;0.525684;0.522384;0.524995;0.524401;0.528547;0.529149;0.532915;0.531253;0.537872;0.539303;0.537984;0.544925;0.546088;0.545518;0.547306;0.553315;0.548226;0.550965;0.550776;0.558880;0.559114;0.563206;0.564793;0.565585;0.567482;0.571055;0.574262;0.579703;0.581050;0.580801;0.582063;0.585578;0.589629;0.593671;0.595432;0.596765;0.599657;0.604788;0.609155;0.615428;0.613615;0.616142;0.627613;0.623082;0.626949;0.631046;0.634704;0.639064;0.647611;0.641301;0.647266;0.652729;0.657842;0.657423;0.662698;0.661868;0.671962;0.668783;0.672834;0.675935;0.681563;0.683992;0.687709;0.690307;0.693624;0.694865;0.697281;0.695440;0.703441;0.705593;0.704338;0.705733;0.708539;0.711122;0.711911;0.713257;0.714563;0.718318;0.719745;0.718302;0.717442;0.719700;0.721494;0.722146;0.722656;0.723595;0.727622;0.729431;0.730605;0.724212;0.728808;0.728338;0.731386;0.733445;0.731441;0.729214;0.732048;0.730699;0.736734;0.731467;0.734237;0.731995;0.733603;0.732967;0.737175;0.740233;0.738095;0.738924;0.738101;0.737396;0.738634;0.738368;0.735568;0.743237;0.741465;0.739337;0.739173;0.737203;0.741603;0.740530;0.738684;0.740699;0.742318;0.739262;0.742240;0.742395;0.739721;0.737226;0.743075;0.740882;0.740642;0.738286;0.741991;0.739549;0.737259;0.736620;0.741160;0.731085;0.735800;0.735800;0.734208;0.726929;0.729670;0.726927;0.722550;0.719506;0.725257;0.719474;0.713811;0.710702;0.713692;0.702571;0.702228;0.702394;0.692448;0.696073;0.688434;0.682249;0.681111;0.678614;0.671309;0.664209;0.663986;0.655419;0.655422;0.651154;0.648903;0.640043;0.634309
0.598095;0.604673;0.608027;0.614986;0.623893;0.635018;0.637314;0.644283;0.652838;0.662763;0.675470;0.682340;0.686341;0.692249;0.703656;0.712372;0.717894;0.728419;0.741179;0.743534;0.755146;0.764484;0.766706;0.785411;0.784852;0.797203;0.801012;0.804788;0.817995;0.820164;0.832390;0.827092;0.835726;0.839392;0.841403;0.848148;0.845645;0.847767;0.854291;0.851742;0.853487;0.853861;0.850945;0.853455;0.845753;0.846942;0.845640;0.841061;0.834205;0.833238;0.827845;0.821238;0.816184;0.808890;0.801034;0.804192;0.794125;0.786034;0.774784;0.773295;0.764091;0.761131;0.749026;0.748814;0.732031;0.726986;0.718354;0.710486;0.708433;0.703358;0.688095;0.685367;0.674899;0.674687;0.665246;0.660719;0.653864;0.650093;0.638609;0.638583;0.632730;0.630532;0.626004;0.621789;0.620331;0.620688;0.620556;0.609607;0.612397;0.610310;0.605878;0.612656;0.605779;0.604280;0.603307;0.606555;0.603220;0.606998;0.601536;0.601341;0.602711;0.604507;0.609753;0.605374;0.610223;0.607465;0.611949;0.611948;0.614300;0.617163;0.620970;0.611586;0.616552;0.618471;0.621858;0.618749;0.612852;0.613558;0.618241;0.624074;0.621799;0.621517;0.621384;0.621637;0.620450;0.624381;0.611252;0.616131;0.614110;0.611281;0.611807;0.610905;0.611564;0.608660;0.607454;0.606153;0.602179;0.604399;0.603657;0.601735;0.600696;0.590403;0.593182;0.589788;0.587442;0.590570;0.588949;0.585277;0.585738;0.579668;0.576625;0.574323;0.574521;0.570311;0.568616;0.569199;0.566852;0.562372;0.561416;0.561836;0.554633;0.554917;0.551947;0.556602;0.548365;0.550630;0.546635;0.544517;0.539016;0.540528;0.538318;0.535004;0.534067;0.528035;0.532028;0.531166;0.531486;0.531989;0.523648;0.525154
0.511579;0.510170;0.513368;0.516333;0.510919;0.508993;0.514204;0.514335;0.512547;0.516023;0.516656;0.515771;0.518155;0.524753;0.522455;0.524411;0.520270;0.525117;0.530118;0.529043;0.527435;0.524112;0.526998;0.528930;0.530004;0.538362;0.529100;0.535934;0.535884;0.538195;0.533370;0.539772;0.535016;0.540667;0.535546;0.541014;0.543181;0.546612;0.541013;0.543066;0.547830;0.549045;0.547133;0.551857;0.554112;0.556609;0.554560;0.555965;0.556285;0.555372;0.556721;0.563888;0.559323;0.561272;0.561634;0.564549;0.564850;0.569473;0.573876;0.568157;0.575560;0.577283;0.580103;0.580180;0.580577;0.583701;0.585671;0.591545;0.593069;0.598440;0.597270;0.602272;0.607286;0.610369;0.616602;0.621216;0.625075;0.629833;0.633285;0.631450;0.639281;0.650152;0.653634;0.651749;0.660131;0.674039;0.674986;0.678369;0.686982;0.694015;0.703184;0.710863;0.712889;0.719069;0.726179;0.732501;0.738078;0.747408;0.757360;0.761283;0.766959;0.776297;0.780612;0.789561;0.791798;0.800408;0.805025;0.808345;0.815374;0.821184;0.820974;0.829430;0.830087;0.841386;0.844505;0.840804;0.843814;0.851813;0.853760;0.851137;0.856022;0.858923;0.854676;0.858875;0.855865;0.857362;0.856174;0.854045;0.851267;0.850228;0.844295;0.841117;0.837634;0.838093;0.833368;0.834351;0.828153;0.827319;0.820243;0.817406;0.813494;0.804367;0.800049;0.800813;0.792709;0.788695;0.780560;0.776198;0.773192;0.766143;0.755588;0.753288;0.747089;0.747223;0.738363;0.728946;0.727910;0.716872;0.718651;0.708259;0.706553;0.700691;0.696748;0.690584;0.679999;0.675030;0.672117;0.664858;0.664992;0.654904;0.649257;0.649998;0.636751;0.632202;0.629525;0.627710;0.620813;0.615735;0.613713;0.608740
0.557630;0.565879;0.565280;0.571243;0.579103;0.579721;0.586922;0.589285;0.597026;0.600521;0.605164;0.613189;0.615679;0.622179;0.625301;0.635440;0.635890;0.642196;0.650440;0.653801;0.662709;0.667776;0.674082;0.679951;0.685236;0.689703;0.692970;0.703868;0.705005;0.708507;0.713122;0.716954;0.722636;0.724140;0.733413;0.734029;0.738576;0.744512;0.742648;0.746798;0.748270;0.748587;0.752705;0.752396;0.756162;0.760490;0.758561;0.757492;0.759011;0.759323;0.765408;0.758455;0.756484;0.762121;0.753413;0.756606;0.755087;0.755460;0.752034;0.752263;0.754449;0.748333;0.746695;0.746069;0.742089;0.741601;0.744673;0.738308;0.733275;0.735185;0.734226;0.730168;0.728050;0.723749;0.724305;0.724250;0.721321;0.723576;0.720407;0.719724;0.717425;0.717867;0.714694;0.711235;0.706373;0.705689;0.708272;0.703536;0.702736;0.702813;0.705679;0.697626;0.700800;0.697674;0.694520;0.691745;0.693884;0.692145;0.693520;0.689870;0.690866;0.691618;0.687031;0.686862;0.689050;0.685507;0.689093;0.684363;0.677036;0.683176;0.679360;0.683670;0.677706;0.680726;0.675789;0.674897;0.673541;0.676586;0.670750;0.663314;0.664292;0.664131;0.659146;0.664544;0.657265;0.657997;0.661474;0.653703;0.647547;0.655483;0.648795;0.648343;0.644230;0.643963;0.636191;0.635899;0.634121;0.628204;0.629879;0.628645;0.625820;0.619864;0.617987;0.619306;0.615279;0.616670;0.606437;0.605845;0.606509;0.599897;0.596089;0.597924;0.596392;0.597354;0.588799;0.588419;0.586687;0.583317;0.579399;0.577746;0.578794;0.576957;0.570282;0.567659;0.568045;0.567660;0.565710;0.562664;0.562886;0.559097;0.558302;0.553461;0.545988;0.549863;0.546272;0.544725;0.544256;0.548126;0.544947;0.542641
0.509143;0.508093;0.514220;0.514455;0.510883;0.513157;0.518020;0.516448;0.517533;0.513992;0.518630;0.517595;0.518311;0.522892;0.524335;0.528320;0.524610;0.527680;0.532622;0.532291;0.528988;0.532439;0.534890;0.536801;0.535711;0.534049;0.546716;0.545489;0.546071;0.546716;0.548752;0.553047;0.553460;0.559815;0.554600;0.563704;0.565312;0.565945;0.573245;0.570821;0.573004;0.575487;0.578207;0.582835;0.588310;0.588319;0.590619;0.590274;0.591844;0.599072;0.606556;0.604151;0.605135;0.606084;0.617242;0.617080;0.620706;0.619727;0.628399;0.633082;0.635839;0.639544;0.637154;0.642071;0.649434;0.648643;0.648193;0.647140;0.651615;0.657797;0.658499;0.660318;0.662848;0.666255;0.669596;0.668188;0.670060;0.676090;0.676382;0.675026;0.678858;0.677653;0.675607;0.675814;0.679022;0.676483;0.682482;0.680753;0.679327;0.677981;0.678512;0.677577;0.676265;0.679583;0.675581;0.679313;0.678726;0.677234;0.671435;0.671691;0.670777;0.672584;0.669265;0.671456;0.672296;0.675681;0.667790;0.670594;0.674652;0.677575;0.671663;0.675094;0.667292;0.676015;0.682076;0.676732;0.674822;0.677943;0.681557;0.682896;0.686285;0.689727;0.691560;0.691429;0.690223;0.694996;0.699135;0.702440;0.708909;0.703672;0.717441;0.717543;0.720042;0.721164;0.727001;0.728911;0.730381;0.735858;0.741949;0.745665;0.748517;0.750248;0.757065;0.758219;0.757171;0.768816;0.768267;0.772220;0.774647;0.773547;0.774828;0.776697;0.778402;0.778160;0.781113;0.776195;0.786782;0.778968;0.780501;0.778580;0.777270;0.773721;0.775838;0.773552;0.764836;0.766584;0.756502;0.761815;0.756420;0.749002;0.742753;0.740475;0.733112;0.727899;0.719961;0.717178;0.714693;0.704952;0.697674;0.695919
0.517361;0.516444;0.520376;0.520321;0.523037;0.521769;0.524376;0.525896;0.524876;0.531755;0.529927;0.535759;0.531253;0.537583;0.539327;0.540802;0.535038;0.545466;0.545585;0.548496;0.548373;0.551675;0.553505;0.552774;0.561353;0.563242;0.561692;0.563244;0.562937;0.569851;0.573365;0.572813;0.573900;0.575148;0.580039;0.578054;0.584815;0.580972;0.583152;0.588098;0.589276;0.588944;0.591103;0.593720;0.596881;0.599398;0.602257;0.596488;0.601757;0.606344;0.605683;0.603721;0.609318;0.611627;0.615514;0.611154;0.613860;0.613673;0.617034;0.620528;0.620486;0.620144;0.620436;0.626322;0.624470;0.627751;0.625911;0.627250;0.629603;0.627829;0.628313;0.629834;0.632251;0.628493;0.630804;0.628130;0.632480;0.630874;0.626492;0.635190;0.631861;0.634575;0.635840;0.632055;0.632747;0.629591;0.631787;0.632267;0.629674;0.630245;0.634458;0.628748;0.634458;0.629587;0.629775;0.632935;0.630476;0.625092;0.632131;0.628044;0.631401;0.633319;0.635781;0.631359;0.631520;0.630133;0.633468;0.633895;0.634984;0.635935;0.637590;0.639919;0.643780;0.640753;0.646403;0.649037;0.652675;0.651945;0.653233;0.657337;0.657886;0.667978;0.673464;0.673342;0.673850;0.683011;0.685478;0.690902;0.692571;0.701419;0.702004;0.710667;0.715242;0.720952;0.720966;0.727020;0.731253;0.745066;0.746260;0.750974;0.747039;0.756404;0.766664;0.771692;0.772286;0.778077;0.780491;0.785255;0.784116;0.790635;0.797861;0.791026;0.800274;0.795568;0.801707;0.802332;0.802219;0.803714;0.805271;0.804009;0.802346;0.796367;0.795897;0.790691;0.790026;0.789036;0.783991;0.782842;0.779781;0.775189;0.767421;0.764547;0.757898;0.751834;0.749379;0.736933;0.730476;0.722839;0.711399;0.705846
0.502375;0.503023;0.505706;0.507403;0.507004;0.510075;0.511606;0.513506;0.511187;0.513040;0.513914;0.517206;0.513543;0.517998;0.517268;0.521949;0.525893;0.518698;0.526918;0.522491;0.528906;0.532118;0.535725;0.534601;0.540418;0.544905;0.545705;0.551775;0.556341;0.561435;0.561514;0.569534;0.580412;0.578784;0.585950;0.589743;0.596770;0.600181;0.608994;0.614372;0.623471;0.627216;0.637915;0.646741;0.655571;0.661712;0.670797;0.682266;0.693308;0.692746;0.707559;0.720174;0.727082;0.740265;0.750009;0.760360;0.765674;0.777471;0.779910;0.794886;0.807822;0.810894;0.824444;0.831890;0.838875;0.847277;0.861468;0.861295;0.870489;0.876883;0.881287;0.891184;0.897126;0.894869;0.905970;0.908985;0.907955;0.916682;0.912677;0.915533;0.919315;0.917787;0.918294;0.919725;0.911479;0.911863;0.908441;0.902215;0.900865;0.895501;0.893813;0.884017;0.884762;0.878472;0.872263;0.862621;0.852405;0.848683;0.841079;0.827011;0.821664;0.808333;0.807188;0.797778;0.791127;0.779605;0.773386;0.764508;0.755731;0.749968;0.736729;0.728678;0.725262;0.715151;0.705159;0.696851;0.694764;0.683902;0.677865;0.672370;0.669570;0.656896;0.650045;0.646476;0.644942;0.639930;0.635268;0.627136;0.625298;0.625204;0.624195;0.612962;0.608278;0.609467;0.601327;0.600627;0.597522;0.596132;0.597531;0.594490;0.592688;0.587431;0.587769;0.584804;0.580753;0.584381;0.584596;0.578961;0.580165;0.577964;0.576575;0.574313;0.578173;0.576887;0.575530;0.572987;0.569032;0.573322;0.567902;0.572649;0.567462;0.561636;0.570129;0.563331;0.562047;0.561782;0.564893;0.561064;0.560164;0.556815;0.551500;0.550850;0.553645;0.550241;0.554560;0.552632;0.548902;0.547107;0.544085;0.541156
0.538818;0.541119;0.539057;0.542921;0.546065;0.554019;0.551702;0.552424;0.560490;0.562909;0.565375;0.564379;0.570363;0.575173;0.577081;0.583124;0.590115;0.592980;0.595854;0.597413;0.601135;0.604784;0.608751;0.613661;0.619611;0.621759;0.627870;0.625172;0.635736;0.637178;0.641537;0.648765;0.650209;0.647243;0.656622;0.652474;0.660701;0.663049;0.673063;0.672003;0.669451;0.674237;0.680860;0.684506;0.683788;0.685782;0.692873;0.699670;0.690050;0.693919;0.700188;0.701904;0.705805;0.700566;0.706534;0.711660;0.709429;0.711970;0.714398;0.715076;0.717848;0.720854;0.723548;0.723679;0.722221;0.727293;0.726618;0.729208;0.725522;0.727178;0.735288;0.728314;0.733738;0.740915;0.731209;0.736514;0.732481;0.737129;0.733575;0.741807;0.736590;0.733962;0.737585;0.738170;0.740076;0.731758;0.738453;0.732268;0.739147;0.739386;0.732052;0.736936;0.734814;0.733745;0.734178;0.726924;0.735613;0.730300;0.736089;0.732902;0.729258;0.723473;0.723700;0.726339;0.725038;0.724595;0.722034;0.726609;0.723024;0.720472;0.718418;0.713705;0.718867;0.718280;0.714272;0.710927;0.708748;0.711603;0.712513;0.708365;0.706152;0.705983;0.703495;0.695556;0.695292;0.699619;0.697895;0.693712;0.690366;0.685998;0.687624;0.682175;0.682629;0.681694;0.678135;0.668493;0.676908;0.672799;0.666731;0.665651;0.663681;0.661528;0.658730;0.654463;0.646391;0.648551;0.645461;0.645378;0.641145;0.642418;0.634371;0.634737;0.632415;0.627530;0.623206;0.625583;0.619877;0.620301;0.617791;0.611077;0.609984;0.605937;0.608731;0.604099;0.600400;0.591006;0.598011;0.594014;0.594884;0.585575;0.583086;0.586476;0.580315;0.576817;0.576259;0.572297;0.570406;0.569922;0.560294;0.565392
0.530699;0.535130;0.535853;0.539780;0.542231;0.544892;0.551454;0.550124;0.554717;0.554077;0.559280;0.564738;0.560018;0.566918;0.570149;0.571290;0.575868;0.582517;0.585704;0.590239;0.595663;0.596074;0.602516;0.607524;0.610892;0.606589;0.616239;0.619921;0.626730;0.632502;0.636550;0.643068;0.645195;0.645817;0.650622;0.658443;0.661866;0.666197;0.669912;0.675300;0.677443;0.686134;0.689404;0.692523;0.697585;0.704006;0.710828;0.710368;0.714159;0.719823;0.724895;0.729188;0.737898;0.737276;0.743045;0.748653;0.752140;0.755627;0.763838;0.766639;0.770977;0.769862;0.774371;0.779562;0.782251;0.784661;0.787701;0.790701;0.796725;0.798579;0.803431;0.797758;0.800806;0.802614;0.804052;0.806681;0.803511;0.804418;0.807374;0.807339;0.807959;0.805180;0.809322;0.800902;0.803498;0.804465;0.802374;0.800905;0.798202;0.800875;0.793241;0.788075;0.788050;0.777023;0.780802;0.777713;0.768178;0.770021;0.763365;0.762960;0.753749;0.751240;0.751593;0.744933;0.740759;0.730643;0.733336;0.728260;0.722966;0.717398;0.714145;0.708991;0.705372;0.699844;0.695832;0.695853;0.688704;0.682969;0.677537;0.676987;0.672428;0.670327;0.665746;0.665705;0.659241;0.655639;0.648559;0.650163;0.646427;0.644123;0.640154;0.633855;0.635333;0.631355;0.629190;0.629598;0.628001;0.620581;0.621725;0.617619;0.616998;0.611323;0.611309;0.605375;0.606745;0.603184;0.604806;0.602196;0.599673;0.593624;0.597199;0.593241;0.591144;0.591412;0.591081;0.582899;0.585147;0.578492;0.583348;0.576789;0.578003;0.575355;0.574700;0.575571;0.570830;0.571500;0.563444;0.567414;0.567006;0.559126;0.560186;0.560584;0.554329;0.553310;0.552749;0.551495;0.549766;0.549264;0.544224;0.546348
0.514143;0.516162;0.513147;0.516815;0.523144;0.522053;0.519548;0.521969;0.526619;0.521777;0.528368;0.525340;0.527603;0.533656;0.533138;0.533753;0.536876;0.536517;0.539597;0.537241;0.544584;0.542932;0.543683;0.546038;0.550778;0.548085;0.550037;0.553002;0.562843;0.559847;0.566342;0.567328;0.570312;0.569297;0.571480;0.574840;0.573271;0.576910;0.581650;0.584785;0.587513;0.594461;0.596710;0.594680;0.597442;0.600363;0.602970;0.608529;0.613406;0.610513;0.618971;0.617337;0.622275;0.625350;0.632330;0.635971;0.637251;0.637707;0.644855;0.643261;0.648226;0.658140;0.659747;0.660949;0.665697;0.668976;0.672340;0.679571;0.681455;0.688285;0.689925;0.694300;0.694997;0.701734;0.712018;0.710182;0.714821;0.724880;0.727835;0.727779;0.733165;0.736905;0.744394;0.745187;0.753061;0.756475;0.757797;0.763928;0.769132;0.772650;0.777116;0.783044;0.790137;0.792250;0.794641;0.803561;0.804587;0.805390;0.812268;0.813140;0.820717;0.818730;0.827474;0.826013;0.828057;0.836113;0.836113;0.841521;0.840331;0.846862;0.843266;0.844375;0.846525;0.848131;0.845495;0.846748;0.843807;0.843752;0.844844;0.840170;0.841681;0.835348;0.836795;0.830184;0.830940;0.825816;0.820678;0.814292;0.811914;0.806666;0.799702;0.794589;0.784791;0.782403;0.776531;0.765650;0.763233;0.753715;0.750377;0.743777;0.736602;0.727954;0.721031;0.713012;0.706719;0.700658;0.693724;0.687727;0.675932;0.668095;0.661196;0.655061;0.650095;0.645049;0.637452;0.630702;0.625770;0.617252;0.612744;0.605110;0.605742;0.593186;0.594767;0.586403;0.582118;0.579536;0.573858;0.566155;0.563255;0.567120;0.560366;0.554763;0.550425;0.552173;0.548255;0.544550;0.540380;0.542130;0.536841;0.537810
0.518354;0.514796;0.518072;0.516158;0.519834;0.521037;0.519983;0.523993;0.519067;0.521739;0.524514;0.524417;0.530806;0.531657;0.531948;0.532176;0.537656;0.535388;0.540714;0.539020;0.548634;0.546452;0.544797;0.548155;0.548600;0.555109;0.552791;0.555689;0.554187;0.558033;0.557090;0.560637;0.559766;0.565276;0.565237;0.566981;0.568865;0.568297;0.572202;0.575478;0.580707;0.576094;0.586808;0.582100;0.583652;0.588184;0.590376;0.592513;0.594758;0.595621;0.596850;0.598903;0.596321;0.601195;0.605184;0.603841;0.609724;0.602034;0.610510;0.609894;0.614790;0.614081;0.614046;0.611676;0.616899;0.616142;0.622393;0.621610;0.621531;0.623267;0.629050;0.627520;0.627566;0.630626;0.628057;0.636209;0.629020;0.631492;0.635217;0.634929;0.636117;0.635465;0.639131;0.639067;0.641749;0.640050;0.642808;0.645861;0.640055;0.645948;0.641247;0.642424;0.641058;0.639919;0.649968;0.643226;0.645306;0.646224;0.644228;0.646049;0.648157;0.648716;0.651113;0.652024;0.655783;0.653379;0.655975;0.653715;0.661319;0.659945;0.661530;0.665387;0.660711;0.669892;0.667664;0.669931;0.674281;0.679635;0.680915;0.687966;0.684068;0.692218;0.694169;0.699119;0.703257;0.707127;0.711189;0.711401;0.717948;0.722527;0.722259;0.730097;0.728742;0.740156;0.744541;0.743311;0.746720;0.756259;0.758435;0.760209;0.765806;0.769664;0.771202;0.772695;0.776262;0.778117;0.785709;0.790626;0.789232;0.793180;0.793623;0.790284;0.794557;0.798151;0.794028;0.799384;0.796880;0.796967;0.793596;0.793985;0.790770;0.788553;0.789330;0.781159;0.781324;0.778666;0.772579;0.771685;0.766122;0.762219;0.758183;0.748239;0.745051;0.740156;0.733886;0.723121;0.719273;0.719784;0.704790;0.701063
0.508865;0.510898;0.507582;0.507751;0.510669;0.515929;0.513657;0.514255;0.517671;0.516240;0.514105;0.516189;0.514699;0.517069;0.519889;0.522768;0.522852;0.523986;0.528219;0.521774;0.528229;0.529990;0.530108;0.525081;0.533044;0.529094;0.527611;0.538516;0.538687;0.540496;0.541432;0.543669;0.546248;0.553967;0.548358;0.549620;0.553247;0.556327;0.558920;0.558562;0.562660;0.561100;0.564545;0.573170;0.572090;0.575487;0.577359;0.582122;0.584493;0.590451;0.584692;0.594279;0.597873;0.604578;0.602969;0.608070;0.611420;0.606687;0.612712;0.615144;0.622054;0.625277;0.627006;0.629383;0.633732;0.632112;0.642321;0.643284;0.648716;0.648461;0.649905;0.655110;0.659934;0.663417;0.660551;0.667203;0.671766;0.669461;0.668745;0.679279;0.680422;0.684637;0.681383;0.689823;0.689372;0.685923;0.693270;0.692740;0.695766;0.693234;0.701759;0.705007;0.708334;0.707523;0.706437;0.707446;0.716686;0.712426;0.713854;0.714145;0.718749;0.718352;0.717015;0.720283;0.727339;0.718825;0.722785;0.727072;0.727844;0.728591;0.732166;0.729672;0.734665;0.732539;0.730222;0.735977;0.731491;0.736560;0.737423;0.740492;0.741007;0.739074;0.742665;0.743330;0.747419;0.747375;0.747778;0.752463;0.746598;0.740673;0.747256;0.749043;0.749550;0.748631;0.750849;0.747755;0.757529;0.754756;0.753077;0.751169;0.753926;0.754526;0.755245;0.753609;0.753525;0.750562;0.745975;0.748534;0.751257;0.751325;0.751290;0.743282;0.747905;0.748230;0.737253;0.739456;0.735099;0.734596;0.729797;0.731960;0.724953;0.720466;0.719437;0.715157;0.714303;0.703032;0.705324;0.695466;0.699466;0.693351;0.682667;0.681092;0.673446;0.677527;0.663347;0.658671;0.659929;0.650061;0.647090;0.640287
0.602812;0.602224;0.612511;0.621206;0.621984;0.632398;0.641173;0.646327;0.656973;0.665240;0.669919;0.683946;0.686120;0.699375;0.702776;0.710755;0.721135;0.733723;0.736366;0.754049;0.760288;0.759997;0.771819;0.778482;0.784156;0.788908;0.799888;0.807152;0.814731;0.818957;0.825697;0.834572;0.833798;0.846299;0.846285;0.849325;0.851388;0.856631;0.852960;0.856457;0.858130;0.858051;0.857792;0.856474;0.857121;0.856174;0.851732;0.848383;0.841810;0.839353;0.841856;0.837832;0.829079;0.824640;0.816874;0.816506;0.806955;0.799371;0.798787;0.789426;0.783827;0.776624;0.766787;0.758016;0.749772;0.745966;0.740343;0.733522;0.728494;0.718462;0.715000;0.700107;0.695461;0.690466;0.686729;0.674486;0.677049;0.665854;0.663709;0.657017;0.657159;0.654767;0.645984;0.640489;0.637431;0.634058;0.635371;0.627843;0.624577;0.615877;0.615918;0.614814;0.613601;0.611064;0.613121;0.611838;0.605223;0.603114;0.599173;0.604810;0.607209;0.603633;0.601128;0.600543;0.600379;0.603379;0.595509;0.601754;0.600475;0.600878;0.600545;0.599129;0.599852;0.601873;0.598768;0.597894;0.597678;0.603913;0.605318;0.593792;0.598664;0.597865;0.596964;0.591132;0.595217;0.591894;0.596501;0.591656;0.594327;0.591772;0.591698;0.593058;0.590795;0.589435;0.589775;0.586854;0.585203;0.581295;0.581807;0.577511;0.577313;0.577282;0.578224;0.574565;0.574143;0.575038;0.569323;0.568230;0.565606;0.569207;0.565066;0.567313;0.561934;0.560795;0.558149;0.559062;0.557157;0.554184;0.554732;0.553171;0.547636;0.547497;0.547869;0.541331;0.544663;0.542092;0.535169;0.533726;0.535136;0.535700;0.535568;0.529279;0.532224;0.529709;0.529045;0.528140;0.526984;0.528197;0.525761;0.521638
0.569676;0.576773;0.578542;0.586280;0.594195;0.597852;0.601008;0.608131;0.617902;0.614570;0.624599;0.630762;0.638519;0.646414;0.653757;0.655357;0.671067;0.675107;0.674589;0.679115;0.692267;0.695589;0.709241;0.706988;0.712929;0.717071;0.724521;0.731375;0.735586;0.732588;0.741143;0.744160;0.755106;0.751790;0.758484;0.754713;0.761067;0.764598;0.764209;0.767323;0.766092;0.763496;0.767334;0.770724;0.765806;0.766474;0.763210;0.761714;0.757355;0.757185;0.754783;0.750125;0.748132;0.745444;0.746906;0.738827;0.732216;0.727605;0.723306;0.718620;0.712330;0.709895;0.704344;0.701789;0.692887;0.685933;0.683121;0.674939;0.671677;0.668031;0.663545;0.659122;0.652613;0.649977;0.643118;0.639515;0.640669;0.635345;0.631972;0.631344;0.623557;0.612519;0.618288;0.614448;0.611915;0.605905;0.606865;0.606988;0.607024;0.601850;0.602279;0.596652;0.602728;0.595192;0.595647;0.598857;0.599736;0.597926;0.599848;0.601780;0.599871;0.601972;0.600853;0.602154;0.602841;0.601033;0.603482;0.610928;0.602395;0.609044;0.606254;0.615021;0.613922;0.612067;0.615910;0.620456;0.616771;0.621681;0.627470;0.622952;0.624892;0.628530;0.632779;0.636919;0.634347;0.639591;0.641856;0.640814;0.638895;0.645641;0.645230;0.649452;0.649947;0.654744;0.650373;0.658935;0.665009;0.662768;0.657805;0.666071;0.669129;0.666917;0.669856;0.674890;0.680328;0.674219;0.675300;0.673973;0.677438;0.678141;0.677804;0.683941;0.681248;0.681584;0.685321;0.676892;0.678433;0.675610;0.676612;0.677234;0.674854;0.672609;0.670760;0.672503;0.669152;0.663938;0.663458;0.659867;0.656515;0.651176;0.653507;0.653449;0.644063;0.643805;0.638557;0.634205;0.632639;0.632839;0.626814;0.620234
0.542719;0.547844;0.551905;0.558201;0.560658;0.564463;0.566828;0.568420;0.576491;0.577818;0.583277;0.591312;0.590678;0.599431;0.599089;0.606632;0.610094;0.613303;0.619735;0.622826;0.625695;0.629815;0.638455;0.640992;0.649777;0.649347;0.658599;0.659671;0.665189;0.672442;0.678460;0.682046;0.681031;0.686258;0.688731;0.696811;0.691076;0.697763;0.703011;0.702983;0.711625;0.708663;0.714221;0.716622;0.719018;0.726555;0.721175;0.730125;0.725524;0.730415;0.731460;0.730398;0.735508;0.730846;0.736678;0.733975;0.735333;0.737093;0.736284;0.738817;0.741171;0.740370;0.741391;0.745800;0.740356;0.740067;0.734366;0.737330;0.736729;0.739490;0.734336;0.735322;0.737700;0.731758;0.735988;0.732232;0.729259;0.732229;0.732504;0.731206;0.727186;0.723802;0.722081;0.718913;0.718026;0.718423;0.715313;0.712963;0.713824;0.708080;0.707353;0.701397;0.700522;0.698119;0.693653;0.691177;0.695488;0.693510;0.689464;0.688524;0.674383;0.677967;0.676748;0.673310;0.674707;0.670241;0.664557;0.666391;0.663874;0.660731;0.658254;0.655003;0.653852;0.657013;0.652776;0.652434;0.651645;0.647690;0.647996;0.642321;0.642043;0.642210;0.642057;0.643419;0.643728;0.638202;0.642472;0.637262;0.637628;0.636565;0.638612;0.634866;0.639397;0.639232;0.640711;0.633477;0.638170;0.635786;0.636819;0.636083;0.641154;0.636566;0.635691;0.635534;0.630318;0.635076;0.635492;0.634153;0.629058;0.632310;0.628786;0.634054;0.629994;0.635493;0.638812;0.630593;0.632262;0.625401;0.626083;0.621838;0.620412;0.621294;0.623266;0.617223;0.616889;0.617954;0.609899;0.610929;0.611195;0.604726;0.602015;0.606776;0.598696;0.595554;0.595810;0.593919;0.590611;0.581472;0.582441;0.582512
0.509990;0.502308;0.506260;0.508200;0.505505;0.507231;0.509735;0.511862;0.507302;0.507785;0.508671;0.507668;0.509138;0.513946;0.513297;0.510998;0.511206;0.510959;0.514100;0.516865;0.514768;0.519591;0.516840;0.517465;0.521672;0.517523;0.521394;0.524270;0.523307;0.522597;0.528407;0.526878;0.525314;0.529355;0.531237;0.531294;0.530446;0.535240;0.537224;0.531508;0.531195;0.536611;0.539454;0.540253;0.542127;0.542082;0.551057;0.548128;0.551016;0.551776;0.553671;0.555008;0.551616;0.557081;0.564318;0.559221;0.566328;0.565786;0.566107;0.573602;0.576997;0.579396;0.577419;0.573477;0.585352;0.586165;0.589126;0.593600;0.593607;0.599960;0.595314;0.601503;0.603281;0.604911;0.608514;0.608712;0.612394;0.617893;0.620635;0.622204;0.626172;0.627893;0.629248;0.633847;0.639170;0.636992;0.639227;0.646934;0.650195;0.650972;0.651932;0.656193;0.661600;0.665256;0.665891;0.670568;0.672567;0.676885;0.677629;0.683773;0.687290;0.690842;0.692504;0.694218;0.703266;0.702757;0.706866;0.711602;0.715156;0.715065;0.716312;0.726434;0.728062;0.730376;0.730036;0.736409;0.738846;0.748795;0.745800;0.747122;0.755682;0.755277;0.758233;0.759175;0.761821;0.765699;0.772705;0.773533;0.773093;0.777398;0.779727;0.780027;0.782411;0.788884;0.786346;0.792251;0.791131;0.794312;0.794123;0.797172;0.800946;0.796558;0.800744;0.801632;0.801762;0.798426;0.798944;0.802072;0.803348;0.801469;0.806637;0.799528;0.799323;0.799407;0.799835;0.796451;0.792886;0.792543;0.789358;0.784439;0.781981;0.780445;0.776998;0.769643;0.769573;0.767073;0.754578;0.752690;0.749730;0.742327;0.735223;0.733451;0.728828;0.721720;0.715766;0.707474;0.699877;0.693356;0.683139;0.687406
0.528077;0.532472;0.535104;0.535928;0.543360;0.541093;0.542551;0.552431;0.552129;0.555587;0.558839;0.557501;0.562063;0.562490;0.569864;0.573837;0.572176;0.576145;0.582940;0.581030;0.584047;0.588093;0.590071;0.594884;0.597927;0.598285;0.599279;0.602296;0.602020;0.607095;0.612400;0.613780;0.612946;0.614632;0.616521;0.621680;0.618378;0.614803;0.624468;0.629826;0.619541;0.622157;0.622309;0.622950;0.623135;0.621173;0.625963;0.626443;0.623566;0.619759;0.623702;0.618057;0.618189;0.619758;0.621856;0.619975;0.616181;0.612970;0.618074;0.609790;0.608423;0.611313;0.614600;0.610231;0.607720;0.610506;0.604525;0.605482;0.606049;0.603036;0.604092;0.604005;0.605585;0.604185;0.606929;0.605645;0.609486;0.610979;0.609501;0.605373;0.613172;0.613374;0.613336;0.617237;0.616772;0.620748;0.628756;0.622792;0.626344;0.632933;0.631937;0.635394;0.641875;0.645831;0.647881;0.652124;0.655424;0.660085;0.660506;0.664037;0.669889;0.670040;0.675806;0.684076;0.687099;0.693253;0.692769;0.697738;0.704533;0.709825;0.715618;0.715512;0.719594;0.722263;0.719728;0.726134;0.731071;0.735777;0.733834;0.737030;0.739851;0.739445;0.744744;0.743392;0.752263;0.753874;0.751372;0.752229;0.755591;0.750682;0.756224;0.756984;0.760504;0.760384;0.754946;0.757557;0.754686;0.756303;0.754229;0.755485;0.755698;0.759430;0.756573;0.752827;0.753531;0.751525;0.748674;0.748076;0.749567;0.743897;0.745676;0.740101;0.738382;0.734135;0.733800;0.732119;0.728242;0.722262;0.723362;0.725268;0.718022;0.711483;0.706555;0.702745;0.701424;0.693598;0.692552;0.687552;0.685111;0.679990;0.678644;0.669317;0.662466;0.655215;0.656964;0.650881;0.645155;0.640137;0.636767;0.628755
0.502113;0.507473;0.503029;0.506722;0.505570;0.505761;0.508595;0.507927;0.512432;0.505111;0.511499;0.515444;0.508548;0.520148;0.512231;0.512810;0.521400;0.517433;0.518477;0.522073;0.522441;0.522440;0.529846;0.529041;0.531464;0.531579;0.533947;0.537427;0.537501;0.540129;0.547582;0.548523;0.546736;0.556811;0.566677;0.570764;0.567895;0.576015;0.576018;0.578616;0.589339;0.588725;0.595341;0.603765;0.606703;0.614373;0.620739;0.629810;0.635911;0.642690;0.650341;0.650697;0.654750;0.665574;0.669495;0.683516;0.687982;0.692673;0.702333;0.705912;0.718594;0.720365;0.728185;0.737263;0.740913;0.749023;0.753348;0.757877;0.763309;0.774057;0.777660;0.788076;0.789622;0.793024;0.805963;0.802994;0.807913;0.813739;0.817300;0.817757;0.820967;0.820802;0.825380;0.832266;0.828610;0.836107;0.833276;0.836128;0.838419;0.839084;0.830232;0.836663;0.835285;0.838671;0.833273;0.831574;0.831416;0.829768;0.829696;0.830431;0.827305;0.821393;0.820872;0.817652;0.816682;0.815503;0.816346;0.806271;0.806786;0.799089;0.796436;0.792994;0.786314;0.786388;0.786806;0.780910;0.779904;0.772127;0.766540;0.767299;0.761517;0.753920;0.750372;0.747823;0.741881;0.741705;0.731044;0.729875;0.728305;0.723001;0.712346;0.714315;0.707591;0.702382;0.698007;0.694880;0.684764;0.682318;0.675277;0.672655;0.672205;0.663667;0.661972;0.656639;0.650420;0.649432;0.643440;0.638398;0.636676;0.627843;0.627768;0.619145;0.619120;0.611085;0.608113;0.606617;0.602853;0.598115;0.596224;0.594777;0.584659;0.584723;0.584310;0.578381;0.573962;0.572529;0.572827;0.566459;0.566552;0.562830;0.560087;0.553553;0.558129;0.556832;0.552743;0.546263;0.548705;0.542230;0.541731;0.536441
0.513762;0.513985;0.514375;0.512483;0.516657;0.512612;0.518901;0.518025;0.521762;0.522982;0.522281;0.521883;0.525349;0.527185;0.526167;0.526030;0.527663;0.534726;0.532269;0.533124;0.532830;0.542738;0.534020;0.537350;0.544065;0.537775;0.541083;0.545913;0.543461;0.544721;0.546633;0.548361;0.553803;0.555944;0.553547;0.556070;0.557244;0.558694;0.557385;0.559730;0.559649;0.560926;0.565724;0.567370;0.565621;0.565069;0.572363;0.575057;0.579537;0.578799;0.579969;0.581055;0.583522;0.582519;0.589279;0.590141;0.586921;0.590379;0.592000;0.599810;0.596177;0.605964;0.603765;0.605251;0.608159;0.610289;0.618063;0.623829;0.627477;0.630497;0.635228;0.636466;0.632741;0.642891;0.645300;0.651097;0.657615;0.666276;0.674061;0.671837;0.684703;0.685985;0.690182;0.696805;0.705755;0.714826;0.713222;0.726610;0.738210;0.742173;0.753121;0.753784;0.761414;0.769865;0.784628;0.789998;0.795594;0.802868;0.809029;0.812015;0.825115;0.829259;0.837629;0.843622;0.850727;0.857256;0.859832;0.866274;0.867171;0.871839;0.875818;0.876076;0.884959;0.886146;0.887178;0.891282;0.892186;0.892212;0.896008;0.892044;0.893542;0.891337;0.887097;0.886559;0.883084;0.874279;0.875085;0.867139;0.868846;0.860017;0.849743;0.844570;0.840893;0.833170;0.822759;0.816320;0.804418;0.801293;0.795338;0.784792;0.776776;0.764113;0.758354;0.744669;0.740024;0.729535;0.723487;0.709412;0.704310;0.694379;0.678811;0.677747;0.672546;0.661845;0.650607;0.641572;0.636843;0.629109;0.620656;0.615784;0.604108;0.605026;0.592487;0.589675;0.586381;0.574473;0.575574;0.566716;0.566424;0.556643;0.552213;0.551538;0.548945;0.538211;0.542633;0.537495;0.526891;0.527974;0.526957;0.525222
0.510662;0.515266;0.511386;0.519543;0.514593;0.516489;0.515395;0.511724;0.514420;0.517170;0.518851;0.518951;0.522647;0.524245;0.522500;0.526235;0.526058;0.524922;0.528551;0.527646;0.530065;0.529077;0.528420;0.531799;0.532548;0.532693;0.533541;0.538373;0.538377;0.537316;0.541986;0.542748;0.544864;0.541928;0.544946;0.546566;0.548475;0.546840;0.552558;0.550007;0.548147;0.551700;0.556982;0.550173;0.556469;0.548935;0.557591;0.559839;0.556579;0.558371;0.562491;0.557789;0.559302;0.562657;0.563367;0.564555;0.564751;0.560420;0.559232;0.564016;0.567683;0.565630;0.560892;0.566460;0.564196;0.568030;0.565880;0.566377;0.570368;0.564177;0.566765;0.564116;0.563919;0.565227;0.561329;0.568013;0.566461;0.566647;0.566340;0.568574;0.567617;0.564289;0.563694;0.568266;0.565199;0.566141;0.563504;0.561354;0.562568;0.563210;0.560900;0.565936;0.563012;0.561931;0.560140;0.567582;0.558378;0.566316;0.561741;0.567195;0.562004;0.569445;0.571953;0.562596;0.568678;0.573876;0.573066;0.576120;0.581854;0.579667;0.586571;0.589407;0.591274;0.598511;0.602575;0.602776;0.613615;0.618144;0.618594;0.627056;0.633384;0.637298;0.652209;0.654585;0.664242;0.671750;0.679417;0.687301;0.699873;0.707848;0.715995;0.724740;0.731562;0.741362;0.747688;0.761566;0.772705;0.779053;0.790397;0.794836;0.808474;0.820726;0.822555;0.836062;0.839864;0.846807;0.853210;0.866853;0.873128;0.874006;0.883074;0.891417;0.894671;0.892233;0.901523;0.902717;0.904764;0.907120;0.905154;0.906840;0.908196;0.907169;0.907751;0.899486;0.898819;0.895258;0.892471;0.887033;0.882037;0.872383;0.873861;0.863023;0.858636;0.845156;0.839185;0.831412;0.822481;0.813440;0.802853;0.799791
0.580955;0.594204;0.594137;0.604313;0.611978;0.611389;0.620110;0.625568;0.631004;0.638641;0.650748;0.653152;0.668835;0.674309;0.676998;0.690546;0.694769;0.707056;0.706650;0.714378;0.727522;0.735805;0.746086;0.751844;0.751004;0.761969;0.764129;0.772259;0.782206;0.784910;0.791675;0.797192;0.799247;0.806155;0.811031;0.813605;0.812892;0.815795;0.819885;0.822082;0.827402;0.825444;0.819992;0.825768;0.825614;0.825057;0.824251;0.822848;0.818794;0.818281;0.811892;0.810479;0.807918;0.799280;0.797446;0.797689;0.789143;0.786969;0.782705;0.776487;0.770906;0.768400;0.758146;0.753907;0.753513;0.742788;0.738069;0.732388;0.727581;0.723211;0.717826;0.710162;0.704592;0.701744;0.699372;0.691245;0.680669;0.681807;0.674300;0.666518;0.664044;0.663059;0.660916;0.654582;0.649135;0.649173;0.638469;0.637591;0.636459;0.636385;0.633986;0.628000;0.624113;0.621078;0.622939;0.619774;0.614395;0.618279;0.613646;0.613260;0.608108;0.604920;0.603949;0.606615;0.602137;0.598769;0.601042;0.599940;0.601919;0.601038;0.600130;0.598723;0.603939;0.598136;0.600136;0.596630;0.595555;0.598849;0.595233;0.599712;0.597342;0.591738;0.594772;0.593362;0.598936;0.593652;0.598891;0.599131;0.599407;0.599763;0.595992;0.596233;0.599295;0.597885;0.602538;0.600930;0.602806;0.600964;0.605734;0.603456;0.601990;0.599703;0.600913;0.602248;0.601148;0.602885;0.599135;0.601436;0.604652;0.610356;0.603368;0.601472;0.604541;0.603413;0.601520;0.601148;0.598666;0.600510;0.598438;0.601566;0.596492;0.594683;0.590662;0.591869;0.590875;0.591179;0.586458;0.585357;0.583414;0.581164;0.587201;0.578684;0.577899;0.577606;0.580093;0.572897;0.573670;0.566407;0.569155;0.562828
0.549875;0.550958;0.554751;0.555257;0.558007;0.562806;0.567106;0.571589;0.576563;0.573806;0.580148;0.588462;0.589614;0.590479;0.596310;0.601601;0.606178;0.612527;0.618311;0.622578;0.616738;0.627679;0.634069;0.638937;0.638180;0.645026;0.645508;0.651824;0.655091;0.659709;0.664674;0.667229;0.669422;0.669049;0.672100;0.679016;0.680448;0.680938;0.683979;0.684695;0.687308;0.688451;0.685018;0.685922;0.687557;0.689562;0.693684;0.686907;0.692572;0.693924;0.687181;0.693433;0.692084;0.688803;0.688005;0.690139;0.686674;0.685096;0.680776;0.685958;0.686484;0.683495;0.679073;0.676779;0.678533;0.677358;0.675048;0.676827;0.669059;0.674518;0.673260;0.665464;0.670014;0.669372;0.669214;0.671819;0.667755;0.672757;0.672475;0.667455;0.670442;0.664837;0.666711;0.672193;0.669272;0.677909;0.674797;0.672992;0.675471;0.679761;0.682270;0.678680;0.680561;0.682818;0.685112;0.687362;0.687866;0.686799;0.687762;0.692637;0.697351;0.699331;0.697844;0.699782;0.707280;0.697923;0.710237;0.708672;0.707795;0.710463;0.713778;0.714343;0.714421;0.716626;0.715795;0.716321;0.712168;0.721634;0.719072;0.720484;0.715144;0.713275;0.712918;0.715256;0.710372;0.714143;0.709849;0.709254;0.710101;0.708934;0.709710;0.705818;0.701518;0.697767;0.696413;0.694868;0.697439;0.691455;0.690189;0.686339;0.684982;0.687576;0.676644;0.678755;0.673950;0.669325;0.666744;0.662087;0.661430;0.655698;0.650076;0.651519;0.648940;0.644044;0.638558;0.633518;0.634069;0.629902;0.627462;0.627941;0.624890;0.614576;0.610889;0.608782;0.608251;0.603823;0.599989;0.601442;0.590762;0.594732;0.588773;0.585092;0.578961;0.579207;0.577106;0.572679;0.570681;0.570393;0.567449;0.561767
0.528429;0.531148;0.532244;0.530944;0.535304;0.535194;0.539765;0.541350;0.542863;0.547398;0.548801;0.551243;0.563498;0.559484;0.560352;0.569164;0.571256;0.573064;0.574263;0.579594;0.577261;0.586177;0.583421;0.591948;0.598297;0.599237;0.602601;0.608016;0.605928;0.615162;0.621255;0.618542;0.628226;0.630816;0.633324;0.634356;0.643903;0.646133;0.644164;0.654386;0.657164;0.658866;0.665590;0.668218;0.672898;0.674990;0.678626;0.679819;0.687751;0.688092;0.694778;0.698240;0.698657;0.703467;0.708089;0.711053;0.712988;0.714984;0.718584;0.722811;0.725911;0.731286;0.730826;0.737643;0.737460;0.742251;0.741853;0.746790;0.749344;0.749758;0.751835;0.747828;0.754099;0.755737;0.755131;0.758459;0.753236;0.755495;0.755000;0.756543;0.753371;0.755888;0.753995;0.757997;0.753258;0.756697;0.753990;0.752405;0.745861;0.751582;0.741163;0.745806;0.742916;0.735003;0.733521;0.727999;0.730880;0.729413;0.723195;0.718250;0.716267;0.715004;0.711263;0.709250;0.699811;0.703203;0.702452;0.693600;0.693343;0.688885;0.681558;0.682407;0.680107;0.676516;0.680457;0.678356;0.666950;0.668951;0.667983;0.669344;0.663125;0.661538;0.661840;0.656030;0.659675;0.654718;0.660705;0.656451;0.654624;0.655730;0.656392;0.654794;0.650768;0.648173;0.658618;0.651726;0.648925;0.650198;0.653456;0.651828;0.651917;0.652699;0.647366;0.648651;0.649366;0.655277;0.648407;0.652581;0.647250;0.650230;0.649723;0.647650;0.644490;0.646728;0.642847;0.641896;0.646587;0.639901;0.640689;0.639354;0.638001;0.633220;0.633643;0.630829;0.627615;0.632395;0.626450;0.624124;0.625280;0.616206;0.619264;0.617176;0.614006;0.608737;0.604068;0.604596;0.602625;0.595215;0.594624;0.588055
0.504445;0.506090;0.505333;0.505885;0.507694;0.508621;0.510874;0.509227;0.513947;0.513082;0.512896;0.508302;0.513865;0.510796;0.514635;0.518179;0.518085;0.518534;0.516929;0.512926;0.523244;0.523311;0.522590;0.520121;0.518002;0.518470;0.522197;0.524827;0.524530;0.526895;0.524529;0.523667;0.524251;0.525876;0.525659;0.525383;0.528824;0.525106;0.520260;0.525738;0.528813;0.525190;0.523298;0.524223;0.530722;0.528811;0.530124;0.525746;0.528825;0.525392;0.525630;0.527160;0.531404;0.526422;0.526051;0.531291;0.531770;0.530047;0.534332;0.526529;0.531111;0.527432;0.528416;0.525982;0.522553;0.529573;0.529340;0.529815;0.525843;0.523649;0.532051;0.530197;0.531154;0.528084;0.530257;0.530495;0.534787;0.533090;0.535334;0.531740;0.535200;0.530967;0.538357;0.538796;0.535965;0.539531;0.546353;0.546111;0.544742;0.546172;0.550668;0.546273;0.555610;0.550454;0.557011;0.563519;0.560803;0.567041;0.567981;0.566337;0.574653;0.573650;0.579909;0.583574;0.584035;0.591162;0.596166;0.606576;0.608430;0.609335;0.614883;0.619002;0.625596;0.633439;0.639945;0.645568;0.650874;0.657663;0.664319;0.670079;0.681811;0.686830;0.691781;0.701160;0.711457;0.722823;0.724957;0.739780;0.743808;0.752683;0.756100;0.770453;0.781074;0.791221;0.798424;0.809638;0.816769;0.827259;0.833287;0.844035;0.850606;0.858125;0.865961;0.875940;0.882007;0.894223;0.899805;0.901322;0.910100;0.915322;0.920861;0.924713;0.925886;0.932601;0.934344;0.937859;0.942372;0.939749;0.937352;0.936768;0.937226;0.937624;0.934955;0.928871;0.930395;0.919095;0.918872;0.909366;0.907297;0.904305;0.893190;0.885588;0.879413;0.867720;0.855586;0.851363;0.842600;0.835450;0.826373;0.811350
0.559573;0.562855;0.566444;0.571261;0.573738;0.579480;0.579677;0.590007;0.593960;0.596166;0.604478;0.614387;0.615176;0.621617;0.626031;0.634207;0.636434;0.635956;0.645599;0.645253;0.657192;0.662682;0.663113;0.674454;0.677112;0.681170;0.689904;0.697095;0.698523;0.700908;0.704684;0.710362;0.714047;0.719009;0.723948;0.721579;0.726205;0.727569;0.725445;0.733258;0.735105;0.734881;0.738484;0.734605;0.738498;0.738318;0.735927;0.734813;0.735132;0.739348;0.736713;0.736129;0.732554;0.726876;0.731908;0.724094;0.723644;0.722358;0.717185;0.714172;0.714572;0.707972;0.710373;0.704594;0.700554;0.699213;0.696522;0.691000;0.689336;0.687735;0.677475;0.682934;0.674754;0.670418;0.674867;0.663341;0.660173;0.656922;0.656309;0.646424;0.645316;0.646489;0.644512;0.636313;0.635758;0.631355;0.626432;0.624352;0.618907;0.613910;0.612273;0.612151;0.604382;0.608044;0.601328;0.603561;0.600015;0.592591;0.595580;0.585264;0.587123;0.586955;0.583311;0.585485;0.579548;0.575686;0.579985;0.582051;0.581879;0.577195;0.577055;0.579201;0.580835;0.576554;0.579459;0.583392;0.583664;0.580232;0.585791;0.584134;0.584568;0.588955;0.587604;0.592379;0.593003;0.597220;0.601197;0.609509;0.604463;0.612692;0.614676;0.619478;0.620544;0.627449;0.632487;0.634336;0.633873;0.642605;0.644442;0.649614;0.656397;0.656015;0.657378;0.666104;0.669099;0.673072;0.679326;0.679105;0.678224;0.686214;0.688398;0.693051;0.693129;0.689324;0.697976;0.694431;0.702913;0.696250;0.701149;0.695293;0.701494;0.698232;0.694245;0.697999;0.694017;0.688810;0.687500;0.691325;0.688932;0.680337;0.677109;0.675683;0.671938;0.670814;0.667252;0.662366;0.654531;0.651948;0.648992;0.646097
0.531256;0.531948;0.533508;0.533025;0.536758;0.539755;0.546424;0.547753;0.543902;0.547883;0.553380;0.554434;0.555152;0.561434;0.563615;0.571251;0.569927;0.570471;0.577866;0.575642;0.585642;0.581382;0.581285;0.586149;0.587204;0.590869;0.590283;0.596757;0.600178;0.599214;0.599298;0.601819;0.606694;0.607630;0.608051;0.608901;0.608418;0.616740;0.615859;0.616198;0.618235;0.616412;0.614386;0.620529;0.618756;0.624075;0.620640;0.620831;0.610945;0.623781;0.624587;0.626316;0.622307;0.619140;0.620418;0.616762;0.619956;0.619515;0.618582;0.621253;0.624054;0.620799;0.621028;0.623519;0.618931;0.624783;0.623061;0.622897;0.624874;0.629298;0.627843;0.626368;0.627062;0.630229;0.634089;0.640233;0.636581;0.641251;0.649891;0.651358;0.647655;0.658960;0.662280;0.664677;0.662199;0.673962;0.679636;0.684902;0.683786;0.694027;0.703691;0.708078;0.706885;0.711083;0.719953;0.723928;0.729844;0.739852;0.742275;0.751975;0.753495;0.759945;0.768220;0.771791;0.772007;0.784416;0.787398;0.788373;0.792862;0.799186;0.798540;0.808534;0.812551;0.806851;0.814101;0.818572;0.817552;0.819878;0.814797;0.818377;0.819833;0.821471;0.817898;0.818839;0.816532;0.812616;0.811717;0.807953;0.807884;0.802501;0.799817;0.793646;0.793119;0.786562;0.776531;0.772470;0.771622;0.763888;0.759373;0.753916;0.749062;0.741943;0.735086;0.729482;0.725985;0.715754;0.710780;0.704905;0.700047;0.688240;0.683171;0.678774;0.671331;0.668260;0.658424;0.656768;0.649780;0.645190;0.636669;0.629210;0.625704;0.621601;0.616298;0.606699;0.609623;0.602942;0.594235;0.592741;0.591962;0.580639;0.578857;0.573289;0.574270;0.569208;0.563230;0.560830;0.563414;0.551668;0.552445;0.551368
