dataset,database_name,pipeline,n_train,n_test,n_features,ref_rmse_pls,ref_rmse_paper_ridge,ref_rmse_tabpfn_raw,ref_rmse_tabpfn_opt,ref_rmse_cnn,ref_rmse_catboost,ref_rmse_aom_ridge_curated_best,status,error_message,rmsep,fit_time_s,predict_time_s,relative_rmsep_vs_pls,relative_rmsep_vs_paper_ridge,relative_rmsep_vs_tabpfn_raw,relative_rmsep_vs_tabpfn_opt,relative_rmsep_vs_cnn,relative_rmsep_vs_catboost,relative_rmsep_vs_aom_ridge_curated_best
All_manure_K2O_SPXY_strat_Manure_type,MANURE21,PLS-baseline,343,147,1003,2.36091887824198,2.341854235430136,2.6794924408313463,2.658345589992729,2.83999836949951,2.9866502830487853,2.3304245345506924,OK,,2.7839191459868,0.0152571239741519,0.0006036029662936,0.1791676417360856,0.1887670478668663,0.0389725694180551,0.0472374835186175,-0.0197462167989177,-0.067879101283675,0.1945974240798755
All_manure_K2O_SPXY_strat_Manure_type,MANURE21,FCK-PLS,343,147,1003,2.36091887824198,2.341854235430136,2.6794924408313463,2.658345589992729,2.83999836949951,2.9866502830487853,2.3304245345506924,OK,,3.4403805193404486,0.4286672259913757,0.03516665706411,0.4572209791055051,0.4690839708512186,0.2839672420471644,0.2941810621958518,0.211402286807208,0.151919439268428,0.4762891775011957
All_manure_K2O_SPXY_strat_Manure_type,MANURE21,FCK-AOMPLS,343,147,1003,2.36091887824198,2.341854235430136,2.6794924408313463,2.658345589992729,2.83999836949951,2.9866502830487853,2.3304245345506924,OK,,2.6110976842805123,141.10873179801274,0.1353842079406604,0.1059667099721883,0.1149701995867062,-0.0255252657214489,-0.01777342490385,-0.0805988790970104,-0.1257437474014893,0.120438634921913
All_manure_K2O_SPXY_strat_Manure_type,MANURE21,Concat-SNV-FCK-AOMPLS,343,147,1003,2.36091887824198,2.341854235430136,2.6794924408313463,2.658345589992729,2.83999836949951,2.9866502830487853,2.3304245345506924,OK,,2.82514837275894,142.3031883870717,0.1238059509778395,0.1966308536880527,0.2063724249003209,0.0543595233589844,0.0627468390092453,-0.0052288750937511,-0.0540745969511312,0.2122891476954136
Rd25_GTtestSite,DarkResp,PLS-baseline,297,173,2151,0.2611671026431517,0.1967872404012098,0.3762790212350022,0.283656162595822,0.3110374714927551,0.3073737580103328,0.1899984521212086,OK,,0.2504109498184599,0.5500642800470814,0.0051647649379447,-0.0411849452547189,0.2724958656258511,-0.3345072786769378,-0.1172025048676018,-0.1949170991627848,-0.1853209869333022,0.3179631045557751
Rd25_GTtestSite,DarkResp,FCK-PLS,297,173,2151,0.2611671026431517,0.1967872404012098,0.3762790212350022,0.283656162595822,0.3110374714927551,0.3073737580103328,0.1899984521212086,OK,,0.2267645296693758,1.7694820950273424,0.1478150530019775,-0.1317262879803897,0.1523335009274402,-0.3973500597373144,-0.2005654747840266,-0.2709414445112674,-0.2622514975343052,0.193507247757537
Rd25_GTtestSite,DarkResp,FCK-AOMPLS,297,173,2151,0.2611671026431517,0.1967872404012098,0.3762790212350022,0.283656162595822,0.3110374714927551,0.3073737580103328,0.1899984521212086,OK,,0.2319240731887384,170.95953433203977,0.1915834189858287,-0.1119705704066785,0.17855239351846,-0.3836380449073933,-0.1823760461738882,-0.2543532710844438,-0.2454656028868216,0.2206629611949868
Rd25_GTtestSite,DarkResp,Concat-SNV-FCK-AOMPLS,297,173,2151,0.2611671026431517,0.1967872404012098,0.3762790212350022,0.283656162595822,0.3110374714927551,0.3073737580103328,0.1899984521212086,OK,,0.2162527181681858,156.41553992195986,0.1836265589809045,-0.1719756585741775,0.0989163612807917,-0.4252862743758258,-0.2376237618488776,-0.3047374095142651,-0.2964502904606572,0.1381814733428905
MP_spxyG,PHOSPHORUS,PLS-baseline,169,88,2101,0.0212033895694146,0.0210804207437171,0.0199865693618074,0.0213239925416399,0.0197390386259831,0.0192216436712246,0.0202302853163818,OK,,0.0244018684832404,0.0154028750257566,0.0006370110204443,0.1508475285687158,0.1575607896969189,0.2209133064061677,0.14433863337695,0.2362237566686533,0.269499575614901,0.2062048607629212
MP_spxyG,PHOSPHORUS,FCK-PLS,169,88,2101,0.0212033895694146,0.0210804207437171,0.0199865693618074,0.0213239925416399,0.0197390386259831,0.0192216436712246,0.0202302853163818,OK,,0.0247735559482882,1.0107214309973642,0.0888375159120187,0.1683771534351059,0.1751926704627973,0.239510168044565,0.161769115230757,0.2550538259587809,0.288836499730511,0.2245776844396485
MP_spxyG,PHOSPHORUS,FCK-AOMPLS,169,88,2101,0.0212033895694146,0.0210804207437171,0.0199865693618074,0.0213239925416399,0.0197390386259831,0.0192216436712246,0.0202302853163818,OK,,0.0227723611294078,115.12391072604804,0.0580743460450321,0.0739962615343583,0.0802612246814409,0.1393831886388614,0.0679220171804,0.1536712380425626,0.1847249651963334,0.1256569432052252
MP_spxyG,PHOSPHORUS,Concat-SNV-FCK-AOMPLS,169,88,2101,0.0212033895694146,0.0210804207437171,0.0199865693618074,0.0213239925416399,0.0197390386259831,0.0192216436712246,0.0202302853163818,OK,,0.022355810749006,128.81240455596708,0.0591501729795709,0.0543507997067507,0.0605011646017112,0.1185416738765621,0.0483876649905641,0.1325683673154387,0.1630540619413003,0.1050665079302208
An_spxyG70_30_byCultivar_MicroNIR_NeoSpectra,GRAPEVINE_LeafTraits,PLS-baseline,80,35,276,4.202132209872175,4.127200381549012,4.005316833851728,3.6237328654559775,3.5599510921190065,4.163476803765716,3.784572497278767,OK,,3.468681335957829,0.0028882089536637,0.0002294949954375,-0.1745425506106713,-0.1595558695272336,-0.1339807860787486,-0.0427877923828798,-0.0256379241735174,-0.1668786690920122,-0.0834681226342141
An_spxyG70_30_byCultivar_MicroNIR_NeoSpectra,GRAPEVINE_LeafTraits,FCK-PLS,80,35,276,4.202132209872175,4.127200381549012,4.005316833851728,3.6237328654559775,3.5599510921190065,4.163476803765716,3.784572497278767,OK,,4.114553219513785,0.0116498010465875,0.0013906810199841,-0.0208415599472665,-0.0030643440749248,0.0272728451189738,0.1354460641226231,0.1557892546958166,-0.0117506561361605,0.0871910162831561
An_spxyG70_30_byCultivar_MicroNIR_NeoSpectra,GRAPEVINE_LeafTraits,FCK-AOMPLS,80,35,276,4.202132209872175,4.127200381549012,4.005316833851728,3.6237328654559775,3.5599510921190065,4.163476803765716,3.784572497278767,OK,,3.960278861905995,1.4443516760366035,0.0011933910427615,-0.0575549116227205,-0.0404442489367012,-0.0112445466398776,0.0928727389533086,0.1124531656272558,-0.0488048694485185,0.0464270045701507
An_spxyG70_30_byCultivar_MicroNIR_NeoSpectra,GRAPEVINE_LeafTraits,Concat-SNV-FCK-AOMPLS,80,35,276,4.202132209872175,4.127200381549012,4.005316833851728,3.6237328654559775,3.5599510921190065,4.163476803765716,3.784572497278767,OK,,4.031750051940152,1.5442471869755536,0.0017384520033374,-0.0405465962093577,-0.0231271372321969,0.0065995323678313,0.1125958235977291,0.1325296184168403,-0.031638641941375,0.0653118826073788
Biscuit_Sucrose_40_RandomSplit,BISCUIT,PLS-baseline,40,32,700,1.5986900396222972,1.1462177673520162,1.5066320314346833,0.9563602522311316,,1.5124326715988914,0.7737680783652301,OK,,1.9993117175428343,0.0020732240518555,0.000260040978901,0.2505937160997056,0.7442686498933178,0.3270073089040852,1.090542463343242,,0.3219178315086457,1.5838643043621778
Biscuit_Sucrose_40_RandomSplit,BISCUIT,FCK-PLS,40,32,700,1.5986900396222972,1.1462177673520162,1.5066320314346833,0.9563602522311316,,1.5124326715988914,0.7737680783652301,OK,,1.6006918450806762,0.1341526469914242,0.0035826129605993,0.0012521535812233,0.3964988946023604,0.0624305150053294,0.6737331370122892,,0.0583557702363572,1.068697184384396
Biscuit_Sucrose_40_RandomSplit,BISCUIT,FCK-AOMPLS,40,32,700,1.5986900396222972,1.1462177673520162,1.5066320314346833,0.9563602522311316,,1.5124326715988914,0.7737680783652301,OK,,1.1421796640012798,56.0102308500791,0.0042113119270652,-0.2855527740254586,-0.0035229809428493,-0.2418987249901726,0.1942985515517217,,-0.2448062743885273,0.4761266275217855
Biscuit_Sucrose_40_RandomSplit,BISCUIT,Concat-SNV-FCK-AOMPLS,40,32,700,1.5986900396222972,1.1462177673520162,1.5066320314346833,0.9563602522311316,,1.5124326715988914,0.7737680783652301,OK,,2.008143218313521,60.283928450080566,0.0148078529164195,0.25611792689217,0.751973556432229,0.3328690592096839,1.0997769550006309,,0.3277571002156292,1.5952779320596986
Ccar_spxyG_block2deg,ECOSIS_LeafTraits,PLS-baseline,1016,3229,196,64.29414172192388,66.63105982394346,32.423696411112154,30.400491431444763,6.3384977343867615,39.54812279603111,,OK,,56.20719500584526,0.0237397860037162,0.0256789510603994,-0.1257804599220744,-0.156441528104772,0.7335221220052532,0.8488910000878249,7.86758935022057,0.4212354729384522,
Ccar_spxyG_block2deg,ECOSIS_LeafTraits,FCK-PLS,1016,3229,196,64.29414172192388,66.63105982394346,32.423696411112154,30.400491431444763,6.3384977343867615,39.54812279603111,,OK,,63.35244480283445,0.5926174080232158,0.3978918970096856,-0.0146466986551018,-0.0492055061073913,0.9538933500846154,1.083928312333327,8.994867468224108,0.6019077600616798,
Ccar_spxyG_block2deg,ECOSIS_LeafTraits,FCK-AOMPLS,1016,3229,196,64.29414172192388,66.63105982394346,32.423696411112154,30.400491431444763,6.3384977343867615,39.54812279603111,,OK,,76.14824770178656,42.59463135304395,0.2516151840100065,0.1843730340336826,0.142834106240993,1.348536907583716,1.5048360771899425,11.01361125187083,0.9254579564881014,
Ccar_spxyG_block2deg,ECOSIS_LeafTraits,Concat-SNV-FCK-AOMPLS,1016,3229,196,64.29414172192388,66.63105982394346,32.423696411112154,30.400491431444763,6.3384977343867615,39.54812279603111,,OK,,67.3199428389859,27.85444274893962,0.4186229449696839,0.0470618478764175,0.0103387671884949,1.0762574996203766,1.2144360064309183,9.62080411794909,0.7022285276645761,
DIESEL_bp50_246_b-a,DIESEL,PLS-baseline,113,113,401,3.2879436552500017,2.838465222966137,4.144354634385353,4.32793289222884,8.9960753312349,6.186257544946492,2.7344743390292003,OK,,3.5751315507393167,0.0033468019682914,0.0003292059991508,0.0873457472517054,0.259529805689632,-0.1373490287059996,-0.1739401604034203,-0.6025898606777724,-0.422084915675744,0.3074291829004942
DIESEL_bp50_246_b-a,DIESEL,FCK-PLS,113,113,401,3.2879436552500017,2.838465222966137,4.144354634385353,4.32793289222884,8.9960753312349,6.186257544946492,2.7344743390292003,OK,,3.93285237716472,0.3194000310031697,0.0114512010477483,0.1961434834459416,0.3855559495123815,-0.0510338221217406,-0.0912861924854518,-0.562825762084314,-0.3642598374557753,0.4382480468114285
DIESEL_bp50_246_b-a,DIESEL,FCK-AOMPLS,113,113,401,3.2879436552500017,2.838465222966137,4.144354634385353,4.32793289222884,8.9960753312349,6.186257544946492,2.7344743390292003,OK,,3.3706519184136017,30.795121188042685,0.0173372890567407,0.0251550123225305,0.1874910043433051,-0.1866883469750409,-0.221186649066143,-0.62531973173785,-0.4551387662210956,0.2326507768985897
DIESEL_bp50_246_b-a,DIESEL,Concat-SNV-FCK-AOMPLS,113,113,401,3.2879436552500017,2.838465222966137,4.144354634385353,4.32793289222884,8.9960753312349,6.186257544946492,2.7344743390292003,OK,,5.4325378914043165,30.318475476000454,0.0225471309386193,0.6522600327198274,0.9138997537998468,0.3108284330522823,0.2552269239569047,-0.3961213427657473,-0.1218377424583435,0.986684538913241
Milk_Urea_1224_KS,MILK,PLS-baseline,856,368,255,4.161019323655071,4.191121229855326,4.332178844974017,3.9276846609334144,4.270099109768146,4.123773577115815,,OK,,4.701430855639707,0.0382523619337007,0.0005032359622418,0.1298747950802434,0.1217596909746265,0.0852347107262383,0.1969980437590455,0.1010121158276771,0.1400797758949481,
Milk_Urea_1224_KS,MILK,FCK-PLS,856,368,255,4.161019323655071,4.191121229855326,4.332178844974017,3.9276846609334144,4.270099109768146,4.123773577115815,,OK,,4.362124190903148,0.5647789359791204,0.0453173239948228,0.0483306737137247,0.0408012442660183,0.0069123060244551,0.1106095747173576,0.0215510410342674,0.0577991515125904,
Milk_Urea_1224_KS,MILK,FCK-AOMPLS,856,368,255,4.161019323655071,4.191121229855326,4.332178844974017,3.9276846609334144,4.270099109768146,4.123773577115815,,OK,,4.035626970500392,42.30494120996445,0.0726990039693191,-0.030135008612393,-0.0371008736868013,-0.0684532853064618,0.027482427660403,-0.0549102335192601,-0.0213752294996451,
Milk_Urea_1224_KS,MILK,Concat-SNV-FCK-AOMPLS,856,368,255,4.161019323655071,4.191121229855326,4.332178844974017,3.9276846609334144,4.270099109768146,4.123773577115815,,OK,,4.109303701648951,31.198701897985305,0.0260786790167912,-0.0124285945302202,-0.019521632450894,-0.0514464317611528,0.0462407388561521,-0.0376561302175315,-0.0035088918429376,
ALPINE_P_291_KS,ALPINE,PLS-baseline,247,44,2151,0.0622707496529526,0.0589773153713793,0.0595929243596609,0.0434172262265824,0.0664148023614497,0.0603528865617188,0.0580812657263183,OK,,0.068225436894183,0.0657358960015699,0.0009881739970296,0.0956257516477183,0.1568081128238629,0.1448580117065985,0.5713909621525233,0.027262514806253,0.1304419851470331,0.1746547882696738
ALPINE_P_291_KS,ALPINE,FCK-PLS,247,44,2151,0.0622707496529526,0.0589773153713793,0.0595929243596609,0.0434172262265824,0.0664148023614497,0.0603528865617188,0.0580812657263183,OK,,0.0576847740654706,0.6060453489189968,0.01442256802693,-0.0736457423917417,-0.0219159061033817,-0.0320197458791253,0.3286149088481576,-0.1314470266502878,-0.0442085316585426,-0.0068264982845925
ALPINE_P_291_KS,ALPINE,FCK-AOMPLS,247,44,2151,0.0622707496529526,0.0589773153713793,0.0595929243596609,0.0434172262265824,0.0664148023614497,0.0603528865617188,0.0580812657263183,OK,,0.0619641469755768,139.86593302397523,0.0442157220095396,-0.0049237030079861,0.0506437362465461,0.0397903382221165,0.427178849523993,-0.0670130035417566,0.0266973214646539,0.0668525590946111
ALPINE_P_291_KS,ALPINE,Concat-SNV-FCK-AOMPLS,247,44,2151,0.0622707496529526,0.0589773153713793,0.0595929243596609,0.0434172262265824,0.0664148023614497,0.0603528865617188,0.0580812657263183,OK,,0.0714123648389854,142.51363603107166,0.0529156749835237,0.1468043220449559,0.2108446169396294,0.1983363059679832,0.6447933469149838,0.0752477203852466,0.1832468819193413,0.2295249414068205
Rice_Amylose_313_YbasedSplit,AMYLOSE,PLS-baseline,203,110,1154,1.9053137710488337,1.8817195843299133,4.51115835426626,1.6324748680589178,4.345497073743923,3.581127726639834,1.9363073759915648,OK,,3.777264866022144,0.010577612905763,0.0004823390627279,0.9824896683252552,1.007347373900687,-0.1626840448972631,1.313827269214547,-0.1307634542329149,0.0547696575922873,0.9507568441130588
Rice_Amylose_313_YbasedSplit,AMYLOSE,FCK-PLS,203,110,1154,1.9053137710488337,1.8817195843299133,4.51115835426626,1.6324748680589178,4.345497073743923,3.581127726639834,1.9363073759915648,OK,,3.706602795506535,0.8895119020016864,0.052762166946195,0.9454028264678582,0.9697955138339428,-0.1783478866351138,1.2705420267289278,-0.1470244410237147,0.0350378647299558,0.9142636347229828
Rice_Amylose_313_YbasedSplit,AMYLOSE,FCK-AOMPLS,203,110,1154,1.9053137710488337,1.8817195843299133,4.51115835426626,1.6324748680589178,4.345497073743923,3.581127726639834,1.9363073759915648,OK,,3.0801548629253546,90.13701816496904,0.0656281260307878,0.6166129220961838,0.6368830343136425,-0.3172142006470659,0.8868007852321733,-0.2911846882751195,-0.1398924869358238,0.5907365230936208
Rice_Amylose_313_YbasedSplit,AMYLOSE,Concat-SNV-FCK-AOMPLS,203,110,1154,1.9053137710488337,1.8817195843299133,4.51115835426626,1.6324748680589178,4.345497073743923,3.581127726639834,1.9363073759915648,OK,,3.836474079993193,98.95659833401442,0.0795499209780246,1.013565502064942,1.0388128560395329,-0.1495589871357562,1.3500968713563868,-0.1171380362505167,0.0713033359446662,0.9813352609001812
Quartz_spxy70,QUARTZ,PLS-baseline,212,91,1500,3.3987655009200003e-09,3.3977579071917587e-09,0.0005494316147727,0.0004709108899428,0.0109287547359119,0.0069035822134068,3.398357209136491e-09,OK,,2.1779468591086217e-07,0.0286296929698437,0.0005651240935549,63.08052743030022,63.099530296103154,-0.9996036000112573,-0.9995375033991308,-0.9999800714087584,-0.9999684519313048,63.08822631279628
Quartz_spxy70,QUARTZ,FCK-PLS,212,91,1500,3.3987655009200003e-09,3.3977579071917587e-09,0.0005494316147727,0.0004709108899428,0.0109287547359119,0.0069035822134068,3.398357209136491e-09,OK,,3.796894628523301e-07,1.353661522967741,0.1021014379803091,110.71393341186771,110.74706180468957,-0.9993089413629586,-0.9991937127151628,-0.9999652577560731,-0.999945001094922,110.72735515605429
Quartz_spxy70,QUARTZ,FCK-AOMPLS,212,91,1500,3.3987655009200003e-09,3.3977579071917587e-09,0.0005494316147727,0.0004709108899428,0.0109287547359119,0.0069035822134068,3.398357209136491e-09,OK,,4.07969100726597e-09,99.25701988302173,0.0661244509974494,0.2003449505891632,0.2007009088642892,-0.9999925747064828,-0.9999913365965952,-0.999999626701202,-0.9999994090472336,0.2004891646757178
Quartz_spxy70,QUARTZ,Concat-SNV-FCK-AOMPLS,212,91,1500,3.3987655009200003e-09,3.3977579071917587e-09,0.0005494316147727,0.0004709108899428,0.0109287547359119,0.0069035822134068,3.398357209136491e-09,OK,,4.160642607205314e-09,138.04181239602622,0.054712518001906574,0.22416289269709377,0.22452591410318523,-0.9999924273694936,-0.99999116469231,-0.9999996192939903,-0.9999993973212054,0.22430996836336603
LUCAS_pH_Organic_1763_LiuRandomOrganic,LUCAS,PLS-baseline,1175,588,4200,0.3281973936518934,0.3307517321744063,0.3437161762845032,0.2503169152062248,0.2937801661651289,0.390868687416521,,OK,,0.5847762036255687,0.6274592190748081,0.008259732043370605,0.7817819852823658,0.7680215906389105,0.701334542781407,1.336143377061826,0.990523088263473,0.496093758470896,
LUCAS_pH_Organic_1763_LiuRandomOrganic,LUCAS,FCK-PLS,1175,588,4200,0.3281973936518934,0.3307517321744063,0.3437161762845032,0.2503169152062248,0.2937801661651289,0.390868687416521,,OK,,0.4839988946361854,6.389589261030778,0.8990122510585934,0.4747188856397342,0.46332988629964733,0.4081353396517666,0.9335444999289824,0.6474866256428546,0.23826469148812168,
LUCAS_pH_Organic_1763_LiuRandomOrganic,LUCAS,FCK-AOMPLS,1175,588,4200,0.3281973936518934,0.3307517321744063,0.3437161762845032,0.2503169152062248,0.2937801661651289,0.390868687416521,,OK,,0.517840322631921,415.68820396705996,1.103318027104251,0.5778319165482917,0.5656465930732071,0.5065928180327788,1.0687388313542288,0.7626796573491339,0.3248447350813124,
LUCAS_pH_Organic_1763_LiuRandomOrganic,LUCAS,Concat-SNV-FCK-AOMPLS,1175,588,4200,0.3281973936518934,0.3307517321744063,0.3437161762845032,0.2503169152062248,0.2937801661651289,0.390868687416521,,OK,,0.46204651968878574,576.1312955520116,2.0981105000246316,0.40783116693138965,0.3969587298945645,0.3442676009124963,0.8458461718742678,0.5727628100975242,0.18210164836359888,
Fv_Fm_grp70_30,FUSARIUM,PLS-baseline,351,167,2177,0.0315504531041416,0.0283570670054036,0.0309108634547573,0.0255441423119991,0.0296308592414648,0.0294391221860153,0.0301364783766884,OK,,0.03186452399758086,0.5306438100524247,0.0010484459344297647,0.009954560475013752,0.12368899052602611,0.03085195417524922,0.2474297867739652,0.07538305716731686,0.08238702894197414,0.05734066201408461
Fv_Fm_grp70_30,FUSARIUM,FCK-PLS,351,167,2177,0.0315504531041416,0.0283570670054036,0.0309108634547573,0.0255441423119991,0.0296308592414648,0.0294391221860153,0.0301364783766884,OK,,0.030210019613145626,2.4978230700362474,0.16203645197674632,-0.04248539590133538,0.06534359168347459,-0.022673059348130686,0.18265938406374982,0.019545851403133252,0.02618615535678348,0.002440273065021259
Fv_Fm_grp70_30,FUSARIUM,FCK-AOMPLS,351,167,2177,0.0315504531041416,0.0283570670054036,0.0309108634547573,0.0255441423119991,0.0296308592414648,0.0294391221860153,0.0301364783766884,OK,,0.03277963320503445,259.70159851794597,0.16605881694704294,0.03895919012115545,0.15595993051002432,0.06045673078697322,0.28325440739642893,0.10626671126577802,0.1134718283348144,0.08770616112832275
Fv_Fm_grp70_30,FUSARIUM,Concat-SNV-FCK-AOMPLS,351,167,2177,0.0315504531041416,0.0283570670054036,0.0309108634547573,0.0255441423119991,0.0296308592414648,0.0294391221860153,0.0301364783766884,OK,,0.03276609716457431,205.73106681602076,0.15160929400008172,0.03853016171971024,0.15548258775600954,0.06001882517880541,0.28272449958841506,0.10580988885810383,0.11301203064198173,0.08725700312482454
Escitalopramt_310_Zhao,TABLET,PLS-baseline,207,103,404,0.337655637335533,0.3791222563597828,0.8433432586902941,0.3284213500881314,0.3195409959979831,0.3107165334629424,0.3676580405487562,OK,,0.4146152537633887,0.007896951981820166,0.00028142996598035097,0.22792338678290713,0.09361887045197226,-0.5083671452982466,0.2624491484860143,0.2975338343315601,0.33438426704396074,0.12771980491585455
Escitalopramt_310_Zhao,TABLET,FCK-PLS,207,103,404,0.337655637335533,0.3791222563597828,0.8433432586902941,0.3284213500881314,0.3195409959979831,0.3107165334629424,0.3676580405487562,OK,,0.35915382923673456,0.5133156710071489,0.027799312956631184,0.06366898557016687,-0.05267015266995678,-0.5741309063233662,0.0935763741923481,0.1239679219094676,0.1558890195959559,-0.023130763846014424
Escitalopramt_310_Zhao,TABLET,FCK-AOMPLS,207,103,404,0.337655637335533,0.3791222563597828,0.8433432586902941,0.3284213500881314,0.3195409959979831,0.3107165334629424,0.3676580405487562,OK,,0.3589644545485712,26.25006351794582,0.022729168995283544,0.06310813401839721,-0.053169660902424254,-0.574355458646767,0.0929997530679525,0.12337527592496134,0.15527954224998797,-0.023645847612115967
Escitalopramt_310_Zhao,TABLET,Concat-SNV-FCK-AOMPLS,207,103,404,0.337655637335533,0.3791222563597828,0.8433432586902941,0.3284213500881314,0.3195409959979831,0.3107165334629424,0.3676580405487562,OK,,0.29400696524212744,37.16912128101103,0.0599270659731701,-0.12926978633568997,-0.2245061841921565,-0.6513792430158059,-0.10478729484781946,-0.07990846581706468,-0.053777531676819645,-0.2003249410694221
WOOD_N_402_Olale,WOOD_density,PLS-baseline,216,186,1038,0.050733292038705,0.0491404173686128,0.048441743675388,0.0472945910950756,0.0648556609480335,0.0509146784257037,0.0484009753974356,OK,,0.050728133260612006,0.02301106892991811,0.0006491480162367225,-0.00010168427645218525,0.03230977629044962,0.04719874661294776,0.07259904538838313,-0.21783029393134035,-0.0036638779004350974,0.0480808050678192
WOOD_N_402_Olale,WOOD_density,FCK-PLS,216,186,1038,0.050733292038705,0.0491404173686128,0.048441743675388,0.0472945910950756,0.0648556609480335,0.0509146784257037,0.0484009753974356,OK,,0.05144364454537878,1.1385870340745896,0.12441433197818696,0.014001703381121944,0.04687032182671502,0.06196929842382959,0.08772786388960219,-0.20679792953465204,0.010389265650513124,0.06286379815610887
WOOD_N_402_Olale,WOOD_density,FCK-AOMPLS,216,186,1038,0.050733292038705,0.0491404173686128,0.048441743675388,0.0472945910950756,0.0648556609480335,0.0509146784257037,0.0484009753974356,OK,,0.05092840933380629,145.93086120905355,0.1257440149784088,0.003845941930053165,0.03638536383973667,0.051333116228879705,0.0768336960864231,-0.21474226629787352,0.00026968466711663197,0.052218657074927455
WOOD_N_402_Olale,WOOD_density,Concat-SNV-FCK-AOMPLS,216,186,1038,0.050733292038705,0.0491404173686128,0.048441743675388,0.0472945910950756,0.0648556609480335,0.0509146784257037,0.0484009753974356,OK,,0.05032632144998276,148.9022648469545,0.09947880601976067,-0.008021765833996275,0.024132967216664802,0.038904003687882716,0.06410310956727638,-0.2240257717779266,-0.011555743724857015,0.03977907545741677
ph_groupSampleID_stratDateVar_balRows,BERRY,PLS-baseline,912,489,2101,0.3161983765407297,0.3133418251470631,0.251978582503602,0.2311397916046612,0.3014082315709076,0.2578402052728352,,OK,,0.394244451752648,1.0503206140128896,0.02506182703655213,0.24682629957103885,0.25819287472272245,0.5645950851676544,0.7056537475250437,0.3080082441607115,0.5290262871745537,
ph_groupSampleID_stratDateVar_balRows,BERRY,FCK-PLS,912,489,2101,0.3161983765407297,0.3133418251470631,0.251978582503602,0.2311397916046612,0.3014082315709076,0.2578402052728352,,OK,,0.32337521792283175,4.578926829039119,0.609205513028428,0.02269727460532245,0.03202059849833194,0.2833440632527138,0.39904607371079126,0.07288117593018129,0.25416909896053763,
ph_groupSampleID_stratDateVar_balRows,BERRY,FCK-AOMPLS,912,489,2101,0.3161983765407297,0.3133418251470631,0.251978582503602,0.2311397916046612,0.3014082315709076,0.2578402052728352,,OK,,0.38926810702040215,378.8511588360416,0.9612995210336521,0.23108825313737924,0.24231135386316205,0.5448460069610781,0.6841241584495403,0.2914979295408695,0.5097261755919553,
ph_groupSampleID_stratDateVar_balRows,BERRY,Concat-SNV-FCK-AOMPLS,912,489,2101,0.3161983765407297,0.3133418251470631,0.251978582503602,0.2311397916046612,0.3014082315709076,0.2578402052728352,,OK,,0.37827086869859644,387.3623673779657,0.7634087080368772,0.19630869973765086,0.20721473592317174,0.501202463083104,0.6365458585581254,0.25501173848865677,0.4670748043282342,
C_woOutlier,COLZA,PLS-baseline,1210,1209,1154,1.6479925765618069,2.249895808738,0.838604593642227,0.7934057539308966,1.083652343279137,1.10283466346398,,OK,,1.7968767493138416,0.8444177380297333,0.03344923898112029,0.09034274478508308,-0.20135112820102707,1.1426984337274466,1.2647639501116403,0.6581671792232593,0.6293255996051939,
C_woOutlier,COLZA,FCK-PLS,1210,1209,1154,1.6479925765618069,2.249895808738,0.838604593642227,0.7934057539308966,1.083652343279137,1.10283466346398,,OK,,1.8783170800386588,3.2484011680353433,0.5694357510656118,0.13976064379936481,-0.16515374945640937,1.2398125341536148,1.367410458939342,0.7333207386004101,0.703171964271512,
C_woOutlier,COLZA,FCK-AOMPLS,1210,1209,1154,1.6479925765618069,2.249895808738,0.838604593642227,0.7934057539308966,1.083652343279137,1.10283466346398,,OK,,1.4517016388344257,306.5784951419337,1.3071648960467428,-0.11910911524668477,-0.3547693927885902,0.7310919232261728,0.8297089876674435,0.3396377978951901,0.31633660686241205,
C_woOutlier,COLZA,Concat-SNV-FCK-AOMPLS,1210,1209,1154,1.6479925765618069,2.249895808738,0.838604593642227,0.7934057539308966,1.083652343279137,1.10283466346398,,OK,,1.5831025523080295,298.3542435049312,0.6808301010169089,-0.039375192083180854,-0.29636628231419515,0.8877818751651474,0.9953252726799777,0.46089524202711907,0.43548494144674255,
TIC_spxy70,IncombustibleMaterial,PLS-baseline,43,19,254,2.787786960121247,2.506867785916912,3.4640680128660866,2.9618158540951023,4.484732080735033,3.8836388033062335,3.727188326568226,OK,,4.0675223382731485,0.0018361489055678248,0.00019588100258260965,0.4590506363858746,0.6225516004967175,0.1742039484114455,0.37332046914708106,-0.09302891119272949,0.047348258754230876,0.09131119275056365
TIC_spxy70,IncombustibleMaterial,FCK-PLS,43,19,254,2.787786960121247,2.506867785916912,3.4640680128660866,2.9618158540951023,4.484732080735033,3.8836388033062335,3.727188326568226,OK,,4.144764628339589,0.01009960297960788,0.001372512080706656,0.48675802262857415,0.6533638716904246,0.19650209318791934,0.39939983865266404,-0.07580552110478023,0.06723741270971262,0.11203520326429062
TIC_spxy70,IncombustibleMaterial,FCK-AOMPLS,43,19,254,2.787786960121247,2.506867785916912,3.4640680128660866,2.9618158540951023,4.484732080735033,3.8836388033062335,3.727188326568226,OK,,3.2228083113246835,2.988888382911682,0.0015858049737289548,0.15604540713703474,0.2855916572185353,-0.06964635239415828,0.08811906954604365,-0.28138219779753804,-0.17015755724218462,-0.1353245318054389
TIC_spxy70,IncombustibleMaterial,Concat-SNV-FCK-AOMPLS,43,19,254,2.787786960121247,2.506867785916912,3.4640680128660866,2.9618158540951023,4.484732080735033,3.8836388033062335,3.727188326568226,OK,,3.983475803025262,6.475109471008182,0.0021047519985586405,0.42890251658685274,0.589025087562911,0.14994156818804205,0.34494377748622695,-0.11176950343656122,0.02570707647529824,0.06876161170342865
Beer_OriginalExtract_60_YbaseSplit,BEER,PLS-baseline,40,20,576,0.2559337959455767,0.1910032468197337,0.2248612839143847,0.1518057882280002,,0.8248772788864936,0.2675316889550252,OK,,0.3945825345439309,0.004356129094958305,0.00026701693423092365,0.541736733463045,1.065842026844353,0.7547820045987421,1.5992588237235021,,-0.5216469835651432,0.47490017382675065
Beer_OriginalExtract_60_YbaseSplit,BEER,FCK-PLS,40,20,576,0.2559337959455767,0.1910032468197337,0.2248612839143847,0.1518057882280002,,0.8248772788864936,0.2675316889550252,OK,,0.25354186282478175,0.06136755004990846,0.0028479599859565496,-0.009345905693922463,0.3274217430663424,0.12754787489925157,0.6701725657784674,,-0.6926308078614563,-0.05229222072677642
Beer_OriginalExtract_60_YbaseSplit,BEER,FCK-AOMPLS,40,20,576,0.2559337959455767,0.1910032468197337,0.2248612839143847,0.1518057882280002,,0.8248772788864936,0.2675316889550252,OK,,0.4124023427455804,11.227698168950155,0.002434983034618199,0.6113633653652999,1.1591378660426654,0.8340300098197493,1.7166443885933056,,-0.5000440025426757,0.541508388619
Beer_OriginalExtract_60_YbaseSplit,BEER,Concat-SNV-FCK-AOMPLS,40,20,576,0.2559337959455767,0.1910032468197337,0.2248612839143847,0.1518057882280002,,0.8248772788864936,0.2675316889550252,OK,,0.2835973718338142,13.439681162009947,0.007990858983248472,0.10808879611241373,0.48477775407383317,0.2612103199668341,0.8681591469218128,,-0.6561944678405449,0.060051513678776924
Firmness_spxy70,PLUMS,PLS-baseline,28,12,600,0.4653151011794641,0.2577670813995798,0.2609965718246939,0.2572658569578188,,0.2918197830454076,0.2115866017821452,OK,,0.4130836899473489,0.003151541925035417,0.00022766494657844305,-0.11224955111003465,0.6025463286640691,0.5827169186912113,0.605668528393482,,0.41554381829922904,0.9523149692279198
Firmness_spxy70,PLUMS,FCK-PLS,28,12,600,0.4653151011794641,0.2577670813995798,0.2609965718246939,0.2572658569578188,,0.2918197830454076,0.2115866017821452,OK,,0.464283192239779,0.050756094977259636,0.0015609750989824533,-0.0022176562442729475,0.8011733294992252,0.7788861707793948,0.8046825090975935,,0.5909928634534547,1.1942939124180296
Firmness_spxy70,PLUMS,FCK-AOMPLS,28,12,600,0.4653151011794641,0.2577670813995798,0.2609965718246939,0.2572658569578188,,0.2918197830454076,0.2115866017821452,OK,,0.4288261659633409,10.112972697941586,0.0016235760413110256,-0.07841768969808283,0.6636188129026157,0.643033710999755,0.6668599985798,,0.46948970178836325,1.0267170149311768
Firmness_spxy70,PLUMS,Concat-SNV-FCK-AOMPLS,28,12,600,0.4653151011794641,0.2577670813995798,0.2609965718246939,0.2572658569578188,,0.2918197830454076,0.2115866017821452,OK,,0.3388488754247045,84.26936850103084,0.0019448259845376015,-0.2717862055931508,0.3145544946425298,0.29828860607526453,0.3171156073005912,,0.16115799925729868,0.601466598407737
