ID;Rep;Digestibility;Split
108308002000;1;66.60504949;Train
108308002000;2;66.60504949;Train
108308002000;3;66.60504949;Train
108308002000;4;66.60504949;Train
108308002002;1;60.66722835;Train
108308002002;2;60.66722835;Train
108308002002;3;60.66722835;Train
108308002002;4;60.66722835;Train
108308002004;1;47.78715809;Train
108308002004;2;47.78715809;Train
108308002004;3;47.78715809;Train
108308002004;4;47.78715809;Train
108308002006;1;72.87231168;Train
108308002006;2;72.87231168;Train
108308002006;3;72.87231168;Train
108308002006;4;72.87231168;Train
108308002008;1;76.96398547;Train
108308002008;2;76.96398547;Train
108308002008;3;76.96398547;Train
108308002008;4;76.96398547;Train
108308002010;1;46.11946663;Train
108308002010;2;46.11946663;Train
108308002010;3;46.11946663;Train
108308002010;4;46.11946663;Train
108308002016;1;53.62599025;Train
108308002016;2;53.62599025;Train
108308002016;3;53.62599025;Train
108308002016;4;53.62599025;Train
108308002018;1;65.72823109;Train
108308002018;2;65.72823109;Train
108308002018;3;65.72823109;Train
108308002018;4;65.72823109;Train
108308002020;1;29.29870799;Train
108308002020;2;29.29870799;Train
108308002020;3;29.29870799;Train
108308002020;4;29.29870799;Train
108308002022;1;8.323978902;Train
108308002022;2;8.323978902;Train
108308002022;3;8.323978902;Train
108308002022;4;8.323978902;Train
108308002024;1;69.4434464;Train
108308002024;2;69.4434464;Train
108308002024;3;69.4434464;Train
108308002024;4;69.4434464;Train
108308002026;1;57.23164789;Train
108308002026;2;57.23164789;Train
108308002026;3;57.23164789;Train
108308002026;4;57.23164789;Train
108308002028;1;38.65724347;Train
108308002028;2;38.65724347;Train
108308002028;3;38.65724347;Train
108308002028;4;38.65724347;Train
108308002030;1;55.63603749;Train
108308002030;2;55.63603749;Train
108308002030;3;55.63603749;Train
108308002030;4;55.63603749;Train
108308002032;1;59.62843338;Train
108308002032;2;59.62843338;Train
108308002032;3;59.62843338;Train
108308002032;4;59.62843338;Train
108308002034;1;38.52962088;Train
108308002034;2;38.52962088;Train
108308002034;3;38.52962088;Train
108308002034;4;38.52962088;Train
108308002036;1;49.50549692;Train
108308002036;2;49.50549692;Train
108308002036;3;49.50549692;Train
108308002036;4;49.50549692;Train
108308002038;1;60.54229666;Train
108308002038;2;60.54229666;Train
108308002038;3;60.54229666;Train
108308002038;4;60.54229666;Train
108308002040;1;47.49177059;Train
108308002040;2;47.49177059;Train
108308002040;3;47.49177059;Train
108308002040;4;47.49177059;Train
108308002042;1;37.65908523;Train
108308002042;2;37.65908523;Train
108308002042;3;37.65908523;Train
108308002042;4;37.65908523;Train
108308002044;1;56.66364996;Train
108308002044;2;56.66364996;Train
108308002044;3;56.66364996;Train
108308002044;4;56.66364996;Train
108308002046;1;59.29698297;Train
108308002046;2;59.29698297;Train
108308002046;3;59.29698297;Train
108308002046;4;59.29698297;Train
108308002048;1;63.59498449;Train
108308002048;2;63.59498449;Train
108308002048;3;63.59498449;Train
108308002048;4;63.59498449;Train
108308002050;1;40.75919504;Train
108308002050;2;40.75919504;Train
108308002050;3;40.75919504;Train
108308002050;4;40.75919504;Train
108308002052;1;50.42524158;Train
108308002052;2;50.42524158;Train
108308002052;3;50.42524158;Train
108308002052;4;50.42524158;Train
108308002054;1;47.5937487;Train
108308002054;2;47.5937487;Train
108308002054;3;47.5937487;Train
108308002054;4;47.5937487;Train
108308002056;1;35.63688987;Train
108308002056;2;35.63688987;Train
108308002056;3;35.63688987;Train
108308002056;4;35.63688987;Train
108308002058;1;73.57529797;Train
108308002058;2;73.57529797;Train
108308002058;3;73.57529797;Train
108308002058;4;73.57529797;Train
108308002060;1;54.31992137;Train
108308002060;2;54.31992137;Train
108308002060;3;54.31992137;Train
108308002060;4;54.31992137;Train
108308002064;1;64.4034055;Train
108308002064;2;64.4034055;Train
108308002064;3;64.4034055;Train
108308002064;4;64.4034055;Train
108308002066;1;50.99161274;Train
108308002066;2;50.99161274;Train
108308002066;3;50.99161274;Train
108308002066;4;50.99161274;Train
108308002068;1;51.80056124;Train
108308002068;2;51.80056124;Train
108308002068;3;51.80056124;Train
108308002068;4;51.80056124;Train
108308002070;1;17.63221936;Train
108308002070;2;17.63221936;Train
108308002070;3;17.63221936;Train
108308002070;4;17.63221936;Train
108308002072;1;23.46863563;Train
108308002072;2;23.46863563;Train
108308002072;3;23.46863563;Train
108308002072;4;23.46863563;Train
108308002074;1;47.55284675;Train
108308002074;2;47.55284675;Train
108308002074;3;47.55284675;Train
108308002074;4;47.55284675;Train
108308002078;1;19.42415058;Train
108308002078;2;19.42415058;Train
108308002078;3;19.42415058;Train
108308002078;4;19.42415058;Train
108308002084;1;44.22123;Train
108308002084;2;44.22123;Train
108308002084;3;44.22123;Train
108308002084;4;44.22123;Train
108308002086;1;36.05057605;Train
108308002086;2;36.05057605;Train
108308002086;3;36.05057605;Train
108308002086;4;36.05057605;Train
108308002088;1;37.05703399;Train
108308002088;2;37.05703399;Train
108308002088;3;37.05703399;Train
108308002088;4;37.05703399;Train
108308002090;1;27.23097929;Train
108308002090;2;27.23097929;Train
108308002090;3;27.23097929;Train
108308002090;4;27.23097929;Train
108308002092;1;32.37436078;Train
108308002092;2;32.37436078;Train
108308002092;3;32.37436078;Train
108308002092;4;32.37436078;Train
108308002094;1;47.79744253;Train
108308002094;2;47.79744253;Train
108308002094;3;47.79744253;Train
108308002094;4;47.79744253;Train
108308002098;1;47.0382894;Train
108308002098;2;47.0382894;Train
108308002098;3;47.0382894;Train
108308002098;4;47.0382894;Train
108308002100;1;40.19276596;Train
108308002100;2;40.19276596;Train
108308002100;3;40.19276596;Train
108308002100;4;40.19276596;Train
108308002102;1;46.10314458;Train
108308002102;2;46.10314458;Train
108308002102;3;46.10314458;Train
108308002102;4;46.10314458;Train
108308002104;1;15.20491816;Train
108308002104;2;15.20491816;Train
108308002104;3;15.20491816;Train
108308002104;4;15.20491816;Train
108308002106;1;42.64789065;Train
108308002106;2;42.64789065;Train
108308002106;3;42.64789065;Train
108308002106;4;42.64789065;Train
108308002108;1;33.33459554;Train
108308002108;2;33.33459554;Train
108308002108;3;33.33459554;Train
108308002108;4;33.33459554;Train
108308002110;1;49.06355341;Train
108308002110;2;49.06355341;Train
108308002110;3;49.06355341;Train
108308002110;4;49.06355341;Train
108308002112;1;42.26194804;Train
108308002112;2;42.26194804;Train
108308002112;3;42.26194804;Train
108308002112;4;42.26194804;Train
108308002114;1;36.59898991;Train
108308002114;2;36.59898991;Train
108308002114;3;36.59898991;Train
108308002114;4;36.59898991;Train
108308002118;1;68.92192033;Train
108308002118;2;68.92192033;Train
108308002118;3;68.92192033;Train
108308002118;4;68.92192033;Train
108308002120;1;62.37986538;Train
108308002120;2;62.37986538;Train
108308002120;3;62.37986538;Train
108308002120;4;62.37986538;Train
108308002122;1;18.56168698;Train
108308002122;2;18.56168698;Train
108308002122;3;18.56168698;Train
108308002122;4;18.56168698;Train
108308002124;1;58.13452434;Train
108308002124;2;58.13452434;Train
108308002124;3;58.13452434;Train
108308002124;4;58.13452434;Train
108308002126;1;70.60862057;Train
108308002126;2;70.60862057;Train
108308002126;3;70.60862057;Train
108308002126;4;70.60862057;Train
108308002128;1;39.19001601;Train
108308002128;2;39.19001601;Train
108308002128;3;39.19001601;Train
108308002128;4;39.19001601;Train
108308002132;1;65.59691732;Train
108308002132;2;65.59691732;Train
108308002132;3;65.59691732;Train
108308002132;4;65.59691732;Train
108308002134;1;29.64665732;Train
108308002134;2;29.64665732;Train
108308002134;3;29.64665732;Train
108308002134;4;29.64665732;Train
108308002136;1;70.13011116;Train
108308002136;2;70.13011116;Train
108308002136;3;70.13011116;Train
108308002136;4;70.13011116;Train
108308002140;1;57.23972713;Train
108308002140;2;57.23972713;Train
108308002140;3;57.23972713;Train
108308002140;4;57.23972713;Train
108308002830;1;61.15034115;Train
108308002830;2;61.15034115;Train
108308002830;3;61.15034115;Train
108308002830;4;61.15034115;Train
108308002842;1;41.6568572;Train
108308002842;2;41.6568572;Train
108308002842;3;41.6568572;Train
108308002842;4;41.6568572;Train
108308002844;1;62.77942558;Train
108308002844;2;62.77942558;Train
108308002844;3;62.77942558;Train
108308002844;4;62.77942558;Train
108308002846;1;63.95404325;Train
108308002846;2;63.95404325;Train
108308002846;3;63.95404325;Train
108308002846;4;63.95404325;Train
108308002848;1;62.50583687;Train
108308002848;2;62.50583687;Train
108308002848;3;62.50583687;Train
108308002848;4;62.50583687;Train
108308002852;1;66.88665606;Train
108308002852;2;66.88665606;Train
108308002852;3;66.88665606;Train
108308002852;4;66.88665606;Train
108308002854;1;70.09429167;Train
108308002854;2;70.09429167;Train
108308002854;3;70.09429167;Train
108308002854;4;70.09429167;Train
108308002856;1;25.93366076;Train
108308002856;2;25.93366076;Train
108308002856;3;25.93366076;Train
108308002856;4;25.93366076;Train
108308002858;1;21.98891794;Train
108308002858;2;21.98891794;Train
108308002858;3;21.98891794;Train
108308002858;4;21.98891794;Train
108308002860;1;70.4027506;Train
108308002860;2;70.4027506;Train
108308002860;3;70.4027506;Train
108308002860;4;70.4027506;Train
108308002862;1;74.49609082;Train
108308002862;2;74.49609082;Train
108308002862;3;74.49609082;Train
108308002862;4;74.49609082;Train
108308002864;1;52.92961088;Train
108308002864;2;52.92961088;Train
108308002864;3;52.92961088;Train
108308002864;4;52.92961088;Train
108308002866;1;64.28528886;Train
108308002866;2;64.28528886;Train
108308002866;3;64.28528886;Train
108308002866;4;64.28528886;Train
108308002868;1;46.36471936;Train
108308002868;2;46.36471936;Train
108308002868;3;46.36471936;Train
108308002868;4;46.36471936;Train
108308002870;1;60.31181481;Train
108308002870;2;60.31181481;Train
108308002870;3;60.31181481;Train
108308002870;4;60.31181481;Train
108308002872;1;66.55586308;Train
108308002872;2;66.55586308;Train
108308002872;3;66.55586308;Train
108308002872;4;66.55586308;Train
108308002874;1;53.68710004;Train
108308002874;2;53.68710004;Train
108308002874;3;53.68710004;Train
108308002874;4;53.68710004;Train
108308002876;1;76.65216159;Train
108308002876;2;76.65216159;Train
108308002876;3;76.65216159;Train
108308002876;4;76.65216159;Train
108308002878;1;69.67447947;Train
108308002878;2;69.67447947;Train
108308002878;3;69.67447947;Train
108308002878;4;69.67447947;Train
108308002880;1;75.18820889;Train
108308002880;2;75.18820889;Train
108308002880;3;75.18820889;Train
108308002880;4;75.18820889;Train
108308002882;1;63.67712802;Train
108308002882;2;63.67712802;Train
108308002882;3;63.67712802;Train
108308002882;4;63.67712802;Train
108308002884;1;60.66577644;Train
108308002884;2;60.66577644;Train
108308002884;3;60.66577644;Train
108308002884;4;60.66577644;Train
108308002886;1;72.2505728;Train
108308002886;2;72.2505728;Train
108308002886;3;72.2505728;Train
108308002886;4;72.2505728;Train
108308002890;1;67.60799448;Train
108308002890;2;67.60799448;Train
108308002890;3;67.60799448;Train
108308002890;4;67.60799448;Train
108308002892;1;78.5700327;Train
108308002892;2;78.5700327;Train
108308002892;3;78.5700327;Train
108308002892;4;78.5700327;Train
108308002894;1;77.9696801;Train
108308002894;2;77.9696801;Train
108308002894;3;77.9696801;Train
108308002894;4;77.9696801;Train
108308002898;1;53.55398224;Train
108308002898;2;53.55398224;Train
108308002898;3;53.55398224;Train
108308002898;4;53.55398224;Train
108308002900;1;75.77229366;Train
108308002900;2;75.77229366;Train
108308002900;3;75.77229366;Train
108308002900;4;75.77229366;Train
108308002902;1;77.15419524;Train
108308002902;2;77.15419524;Train
108308002902;3;77.15419524;Train
108308002902;4;77.15419524;Train
108308002904;1;45.51415853;Train
108308002904;2;45.51415853;Train
108308002904;3;45.51415853;Train
108308002904;4;45.51415853;Train
108308002906;1;17.14158983;Train
108308002906;2;17.14158983;Train
108308002906;3;17.14158983;Train
108308002906;4;17.14158983;Train
108308002910;1;71.88610673;Train
108308002910;2;71.88610673;Train
108308002910;3;71.88610673;Train
108308002910;4;71.88610673;Train
108308002912;1;41.52092151;Train
108308002912;2;41.52092151;Train
108308002912;3;41.52092151;Train
108308002912;4;41.52092151;Train
108308002914;1;69.30965885;Train
108308002914;2;69.30965885;Train
108308002914;3;69.30965885;Train
108308002914;4;69.30965885;Train
108308002920;1;32.73111657;Train
108308002920;2;32.73111657;Train
108308002920;3;32.73111657;Train
108308002920;4;32.73111657;Train
108308002924;1;40.24608557;Train
108308002924;2;40.24608557;Train
108308002924;3;40.24608557;Train
108308002924;4;40.24608557;Train
108308002926;1;58.81753568;Train
108308002926;2;58.81753568;Train
108308002926;3;58.81753568;Train
108308002926;4;58.81753568;Train
108308002928;1;42.03931158;Train
108308002928;2;42.03931158;Train
108308002928;3;42.03931158;Train
108308002928;4;42.03931158;Train
108308002930;1;56.28143188;Train
108308002930;2;56.28143188;Train
108308002930;3;56.28143188;Train
108308002930;4;56.28143188;Train
108308002932;1;69.53785313;Train
108308002932;2;69.53785313;Train
108308002932;3;69.53785313;Train
108308002932;4;69.53785313;Train
108308002934;1;44.86888702;Train
108308002934;2;44.86888702;Train
108308002934;3;44.86888702;Train
108308002934;4;44.86888702;Train
108308002936;1;50.60578959;Train
108308002936;2;50.60578959;Train
108308002936;3;50.60578959;Train
108308002936;4;50.60578959;Train
108308002938;1;40.43247324;Train
108308002938;2;40.43247324;Train
108308002938;3;40.43247324;Train
108308002938;4;40.43247324;Train
108308002940;1;58.59560393;Train
108308002940;2;58.59560393;Train
108308002940;3;58.59560393;Train
108308002940;4;58.59560393;Train
108308002942;1;51.04571858;Train
108308002942;2;51.04571858;Train
108308002942;3;51.04571858;Train
108308002942;4;51.04571858;Train
108308002944;1;59.54013163;Train
108308002944;2;59.54013163;Train
108308002944;3;59.54013163;Train
108308002944;4;59.54013163;Train
108308002946;1;68.78163229;Train
108308002946;2;68.78163229;Train
108308002946;3;68.78163229;Train
108308002946;4;68.78163229;Train
108308002948;1;73.0826707;Train
108308002948;2;73.0826707;Train
108308002948;3;73.0826707;Train
108308002948;4;73.0826707;Train
108308002950;1;58.98425968;Train
108308002950;2;58.98425968;Train
108308002950;3;58.98425968;Train
108308002950;4;58.98425968;Train
108308002952;1;74.40254525;Train
108308002952;2;74.40254525;Train
108308002952;3;74.40254525;Train
108308002952;4;74.40254525;Train
108308002954;1;73.01129256;Train
108308002954;2;73.01129256;Train
108308002954;3;73.01129256;Train
108308002954;4;73.01129256;Train
108308002956;1;43.72590096;Train
108308002956;2;43.72590096;Train
108308002956;3;43.72590096;Train
108308002956;4;43.72590096;Train
108308002958;1;63.17846604;Train
108308002958;2;63.17846604;Train
108308002958;3;63.17846604;Train
108308002958;4;63.17846604;Train
108308002960;1;69.73928524;Train
108308002960;2;69.73928524;Train
108308002960;3;69.73928524;Train
108308002960;4;69.73928524;Train
108308002962;1;62.19902089;Train
108308002962;2;62.19902089;Train
108308002962;3;62.19902089;Train
108308002962;4;62.19902089;Train
108308002972;1;48.85629764;Train
108308002972;2;48.85629764;Train
108308002972;3;48.85629764;Train
108308002972;4;48.85629764;Train
108308002974;1;7.012349287;Train
108308002974;2;7.012349287;Train
108308002974;3;7.012349287;Train
108308002974;4;7.012349287;Train
108308002976;1;34.37713247;Train
108308002976;2;34.37713247;Train
108308002976;3;34.37713247;Train
108308002976;4;34.37713247;Train
108308002980;1;22.13122426;Train
108308002980;2;22.13122426;Train
108308002980;3;22.13122426;Train
108308002980;4;22.13122426;Train
108308002982;1;53.77453242;Train
108308002982;2;53.77453242;Train
108308002982;3;53.77453242;Train
108308002982;4;53.77453242;Train
108308002984;1;23.44012218;Train
108308002984;2;23.44012218;Train
108308002984;3;23.44012218;Train
108308002984;4;23.44012218;Train
108308002990;1;20.54110683;Train
108308002990;2;20.54110683;Train
108308002990;3;20.54110683;Train
108308002990;4;20.54110683;Train
108308002994;1;53.64627111;Train
108308002994;2;53.64627111;Train
108308002994;3;53.64627111;Train
108308002994;4;53.64627111;Train
108308003000;1;15.80496278;Train
108308003000;2;15.80496278;Train
108308003000;3;15.80496278;Train
108308003000;4;15.80496278;Train
108308003002;1;47.49029745;Train
108308003002;2;47.49029745;Train
108308003002;3;47.49029745;Train
108308003002;4;47.49029745;Train
108308003004;1;35.81570445;Train
108308003004;2;35.81570445;Train
108308003004;3;35.81570445;Train
108308003004;4;35.81570445;Train
108308003006;1;43.17894211;Train
108308003006;2;43.17894211;Train
108308003006;3;43.17894211;Train
108308003006;4;43.17894211;Train
108308003010;1;46.43192348;Train
108308003010;2;46.43192348;Train
108308003010;3;46.43192348;Train
108308003010;4;46.43192348;Train
108308003012;1;50.11877523;Train
108308003012;2;50.11877523;Train
108308003012;3;50.11877523;Train
108308003012;4;50.11877523;Train
108308003014;1;28.19323487;Train
108308003014;2;28.19323487;Train
108308003014;3;28.19323487;Train
108308003014;4;28.19323487;Train
108308003016;1;33.51473405;Train
108308003016;2;33.51473405;Train
108308003016;3;33.51473405;Train
108308003016;4;33.51473405;Train
108308003018;1;32.73596676;Train
108308003018;2;32.73596676;Train
108308003018;3;32.73596676;Train
108308003018;4;32.73596676;Train
108308003020;1;17.74343515;Train
108308003020;2;17.74343515;Train
108308003020;3;17.74343515;Train
108308003020;4;17.74343515;Train
108308003022;1;44.1300867;Train
108308003022;2;44.1300867;Train
108308003022;3;44.1300867;Train
108308003022;4;44.1300867;Train
108308003026;1;45.98406587;Train
108308003026;2;45.98406587;Train
108308003026;3;45.98406587;Train
108308003026;4;45.98406587;Train
108308003028;1;13.41068241;Train
108308003028;2;13.41068241;Train
108308003028;3;13.41068241;Train
108308003028;4;13.41068241;Train
108308003030;1;25.01657042;Train
108308003030;2;25.01657042;Train
108308003030;3;25.01657042;Train
108308003030;4;25.01657042;Train
108308003032;1;21.30389211;Train
108308003032;2;21.30389211;Train
108308003032;3;21.30389211;Train
108308003032;4;21.30389211;Train
108308003034;1;29.26935364;Train
108308003034;2;29.26935364;Train
108308003034;3;29.26935364;Train
108308003034;4;29.26935364;Train
108308003036;1;34.55613022;Train
108308003036;2;34.55613022;Train
108308003036;3;34.55613022;Train
108308003036;4;34.55613022;Train
108308003040;1;30.9748973;Train
108308003040;2;30.9748973;Train
108308003040;3;30.9748973;Train
108308003040;4;30.9748973;Train
108308003042;1;38.98756388;Train
108308003042;2;38.98756388;Train
108308003042;3;38.98756388;Train
108308003042;4;38.98756388;Train
108308003044;1;27.92706798;Train
108308003044;2;27.92706798;Train
108308003044;3;27.92706798;Train
108308003044;4;27.92706798;Train
108308003048;1;27.81098607;Train
108308003048;2;27.81098607;Train
108308003048;3;27.81098607;Train
108308003048;4;27.81098607;Train
108308003050;1;33.34424037;Train
108308003050;2;33.34424037;Train
108308003050;3;33.34424037;Train
108308003050;4;33.34424037;Train
108308003052;1;23.35744253;Train
108308003052;2;23.35744253;Train
108308003052;3;23.35744253;Train
108308003052;4;23.35744253;Train
108308003056;1;20.27670764;Train
108308003056;2;20.27670764;Train
108308003056;3;20.27670764;Train
108308003056;4;20.27670764;Train
108308003060;1;38.56415318;Train
108308003060;2;38.56415318;Train
108308003060;3;38.56415318;Train
108308003060;4;38.56415318;Train
108308003062;1;34.66386933;Train
108308003062;2;34.66386933;Train
108308003062;3;34.66386933;Train
108308003062;4;34.66386933;Train
108308003064;1;29.70009096;Train
108308003064;2;29.70009096;Train
108308003064;3;29.70009096;Train
108308003064;4;29.70009096;Train
108308003066;1;47.07652994;Train
108308003066;2;47.07652994;Train
108308003066;3;47.07652994;Train
108308003066;4;47.07652994;Train
108308003070;1;14.9033361;Train
108308003070;2;14.9033361;Train
108308003070;3;14.9033361;Train
108308003070;4;14.9033361;Train
108308003072;1;36.139326;Train
108308003072;2;36.139326;Train
108308003072;3;36.139326;Train
108308003072;4;36.139326;Train
108308003078;1;16.83193155;Train
108308003078;2;16.83193155;Train
108308003078;3;16.83193155;Train
108308003078;4;16.83193155;Train
108308003080;1;11.35830431;Train
108308003080;2;11.35830431;Train
108308003080;3;11.35830431;Train
108308003080;4;11.35830431;Train
108308003082;1;47.66789397;Train
108308003082;2;47.66789397;Train
108308003082;3;47.66789397;Train
108308003082;4;47.66789397;Train
108308003086;1;17.77994115;Train
108308003086;2;17.77994115;Train
108308003086;3;17.77994115;Train
108308003086;4;17.77994115;Train
108308003090;1;29.74110993;Train
108308003090;2;29.74110993;Train
108308003090;3;29.74110993;Train
108308003090;4;29.74110993;Train
108308003092;1;41.10841147;Train
108308003092;2;41.10841147;Train
108308003092;3;41.10841147;Train
108308003092;4;41.10841147;Train
108308003094;1;9.879745522;Train
108308003094;2;9.879745522;Train
108308003094;3;9.879745522;Train
108308003094;4;9.879745522;Train
108308003097;1;24.25197723;Train
108308003097;2;24.25197723;Train
108308003097;3;24.25197723;Train
108308003097;4;24.25197723;Train
108308003099;1;44.55234067;Train
108308003099;2;44.55234067;Train
108308003099;3;44.55234067;Train
108308003099;4;44.55234067;Train
108308003101;1;32.95645339;Train
108308003101;2;32.95645339;Train
108308003101;3;32.95645339;Train
108308003101;4;32.95645339;Train
108308003103;1;36.44955061;Train
108308003103;2;36.44955061;Train
108308003103;3;36.44955061;Train
108308003103;4;36.44955061;Train
108308003105;1;19.80749781;Train
108308003105;2;19.80749781;Train
108308003105;3;19.80749781;Train
108308003105;4;19.80749781;Train
108308003107;1;41.12202831;Train
108308003107;2;41.12202831;Train
108308003107;3;41.12202831;Train
108308003107;4;41.12202831;Train
108308003109;1;45.70549521;Train
108308003109;2;45.70549521;Train
108308003109;3;45.70549521;Train
108308003109;4;45.70549521;Train
108308003117;1;39.58765596;Train
108308003117;2;39.58765596;Train
108308003117;3;39.58765596;Train
108308003117;4;39.58765596;Train
108308003121;1;35.31993246;Train
108308003121;2;35.31993246;Train
108308003121;3;35.31993246;Train
108308003121;4;35.31993246;Train
108308003123;1;29.70830975;Train
108308003123;2;29.70830975;Train
108308003123;3;29.70830975;Train
108308003123;4;29.70830975;Train
108308003125;1;17.33515531;Train
108308003125;2;17.33515531;Train
108308003125;3;17.33515531;Train
108308003125;4;17.33515531;Train
108308003127;1;33.01603376;Train
108308003127;2;33.01603376;Train
108308003127;3;33.01603376;Train
108308003127;4;33.01603376;Train
108308003129;1;20.07626882;Train
108308003129;2;20.07626882;Train
108308003129;3;20.07626882;Train
108308003129;4;20.07626882;Train
108308003131;1;19.86236317;Train
108308003131;2;19.86236317;Train
108308003131;3;19.86236317;Train
108308003131;4;19.86236317;Train
108308003133;1;8.435038821;Train
108308003133;2;8.435038821;Train
108308003133;3;8.435038821;Train
108308003133;4;8.435038821;Train
108308003135;1;26.28341254;Train
108308003135;2;26.28341254;Train
108308003135;3;26.28341254;Train
108308003135;4;26.28341254;Train
108308003137;1;20.35767798;Train
108308003137;2;20.35767798;Train
108308003137;3;20.35767798;Train
108308003137;4;20.35767798;Train
108308003139;1;36.25734013;Train
108308003139;2;36.25734013;Train
108308003139;3;36.25734013;Train
108308003139;4;36.25734013;Train
108308003143;1;23.86979038;Train
108308003143;2;23.86979038;Train
108308003143;3;23.86979038;Train
108308003143;4;23.86979038;Train
108308003145;1;24.21213578;Train
108308003145;2;24.21213578;Train
108308003145;3;24.21213578;Train
108308003145;4;24.21213578;Train
108308003147;1;22.15372487;Train
108308003147;2;22.15372487;Train
108308003147;3;22.15372487;Train
108308003147;4;22.15372487;Train
108308003151;1;34.26414167;Train
108308003151;2;34.26414167;Train
108308003151;3;34.26414167;Train
108308003151;4;34.26414167;Train
108308003155;1;31.92921171;Train
108308003155;2;31.92921171;Train
108308003155;3;31.92921171;Train
108308003155;4;31.92921171;Train
108308003159;1;7.695392614;Train
108308003159;2;7.695392614;Train
108308003159;3;7.695392614;Train
108308003159;4;7.695392614;Train
108308003163;1;14.64192639;Train
108308003163;2;14.64192639;Train
108308003163;3;14.64192639;Train
108308003163;4;14.64192639;Train
108308003165;1;22.54726568;Train
108308003165;2;22.54726568;Train
108308003165;3;22.54726568;Train
108308003165;4;22.54726568;Train
108308003167;1;48.86939443;Train
108308003167;2;48.86939443;Train
108308003167;3;48.86939443;Train
108308003167;4;48.86939443;Train
108308003171;1;42.78890313;Train
108308003171;2;42.78890313;Train
108308003171;3;42.78890313;Train
108308003171;4;42.78890313;Train
108308003175;1;36.70822408;Train
108308003175;2;36.70822408;Train
108308003175;3;36.70822408;Train
108308003175;4;36.70822408;Train
108308003177;1;43.17321655;Train
108308003177;2;43.17321655;Train
108308003177;3;43.17321655;Train
108308003177;4;43.17321655;Train
108308003179;1;37.0503647;Train
108308003179;2;37.0503647;Train
108308003179;3;37.0503647;Train
108308003179;4;37.0503647;Train
108308003181;1;31.06195959;Train
108308003181;2;31.06195959;Train
108308003181;3;31.06195959;Train
108308003181;4;31.06195959;Train
108308003183;1;10.35940638;Train
108308003183;2;10.35940638;Train
108308003183;3;10.35940638;Train
108308003183;4;10.35940638;Train
108308003185;1;30.53385835;Train
108308003185;2;30.53385835;Train
108308003185;3;30.53385835;Train
108308003185;4;30.53385835;Train
108308003187;1;24.6346587;Train
108308003187;2;24.6346587;Train
108308003187;3;24.6346587;Train
108308003187;4;24.6346587;Train
108308003189;1;44.17574452;Train
108308003189;2;44.17574452;Train
108308003189;3;44.17574452;Train
108308003189;4;44.17574452;Train
108308003191;1;48.45145484;Train
108308003191;2;48.45145484;Train
108308003191;3;48.45145484;Train
108308003191;4;48.45145484;Train
108308003193;1;57.84980136;Train
108308003193;2;57.84980136;Train
108308003193;3;57.84980136;Train
108308003193;4;57.84980136;Train
108308003195;1;48.19766632;Train
108308003195;2;48.19766632;Train
108308003195;3;48.19766632;Train
108308003195;4;48.19766632;Train
108308003197;1;57.16999656;Train
108308003197;2;57.16999656;Train
108308003197;3;57.16999656;Train
108308003197;4;57.16999656;Train
108308003207;1;0.87909871;Train
108308003207;2;0.87909871;Train
108308003207;3;0.87909871;Train
108308003207;4;0.87909871;Train
108308003209;1;48.91885478;Train
108308003209;2;48.91885478;Train
108308003209;3;48.91885478;Train
108308003209;4;48.91885478;Train
108308003211;1;35.83564444;Train
108308003211;2;35.83564444;Train
108308003211;3;35.83564444;Train
108308003211;4;35.83564444;Train
108308003215;1;53.32392811;Train
108308003215;2;53.32392811;Train
108308003215;3;53.32392811;Train
108308003215;4;53.32392811;Train
108308003217;1;55.54470226;Train
108308003217;2;55.54470226;Train
108308003217;3;55.54470226;Train
108308003217;4;55.54470226;Train
108308003223;1;48.81794637;Train
108308003223;2;48.81794637;Train
108308003223;3;48.81794637;Train
108308003223;4;48.81794637;Train
108308003225;1;51.74114834;Train
108308003225;2;51.74114834;Train
108308003225;3;51.74114834;Train
108308003225;4;51.74114834;Train
108308003229;1;56.99933175;Train
108308003229;2;56.99933175;Train
108308003229;3;56.99933175;Train
108308003229;4;56.99933175;Train
108308003233;1;40.08069742;Train
108308003233;2;40.08069742;Train
108308003233;3;40.08069742;Train
108308003233;4;40.08069742;Train
108308003237;1;38.26337962;Train
108308003237;2;38.26337962;Train
108308003237;3;38.26337962;Train
108308003237;4;38.26337962;Train
108308003239;1;56.16313919;Train
108308003239;2;56.16313919;Train
108308003239;3;56.16313919;Train
108308003239;4;56.16313919;Train
108308003243;1;38.63198019;Train
108308003243;2;38.63198019;Train
108308003243;3;38.63198019;Train
108308003243;4;38.63198019;Train
108308003245;1;25.36778379;Train
108308003245;2;25.36778379;Train
108308003245;3;25.36778379;Train
108308003245;4;25.36778379;Train
108308003249;1;28.80771811;Train
108308003249;2;28.80771811;Train
108308003249;3;28.80771811;Train
108308003249;4;28.80771811;Train
108308003251;1;44.99146993;Train
108308003251;2;44.99146993;Train
108308003251;3;44.99146993;Train
108308003251;4;44.99146993;Train
108308003253;1;37.26172223;Train
108308003253;2;37.26172223;Train
108308003253;3;37.26172223;Train
108308003253;4;37.26172223;Train
108308003255;1;22.94378028;Train
108308003255;2;22.94378028;Train
108308003255;3;22.94378028;Train
108308003255;4;22.94378028;Train
108308003259;1;25.87864465;Train
108308003259;2;25.87864465;Train
108308003259;3;25.87864465;Train
108308003259;4;25.87864465;Train
108308003261;1;41.96613077;Train
108308003261;2;41.96613077;Train
108308003261;3;41.96613077;Train
108308003261;4;41.96613077;Train
108308003267;1;23.16448147;Train
108308003267;2;23.16448147;Train
108308003267;3;23.16448147;Train
108308003267;4;23.16448147;Train
108308003269;1;28.12510117;Train
108308003269;2;28.12510117;Train
108308003269;3;28.12510117;Train
108308003269;4;28.12510117;Train
108308003275;1;43.26621679;Train
108308003275;2;43.26621679;Train
108308003275;3;43.26621679;Train
108308003275;4;43.26621679;Train
108308003277;1;61.24565896;Train
108308003277;2;61.24565896;Train
108308003277;3;61.24565896;Train
108308003277;4;61.24565896;Train
108308003279;1;36.88114757;Train
108308003279;2;36.88114757;Train
108308003279;3;36.88114757;Train
108308003279;4;36.88114757;Train
108308003281;1;69.55682278;Train
108308003281;2;69.55682278;Train
108308003281;3;69.55682278;Train
108308003281;4;69.55682278;Train
108308003283;1;25.35273133;Train
108308003283;2;25.35273133;Train
108308003283;3;25.35273133;Train
108308003283;4;25.35273133;Train
108308003285;1;20.35702489;Train
108308003285;2;20.35702489;Train
108308003285;3;20.35702489;Train
108308003285;4;20.35702489;Train
108308003289;1;41.50845974;Train
108308003289;2;41.50845974;Train
108308003289;3;41.50845974;Train
108308003289;4;41.50845974;Train
108308003291;1;61.90673155;Train
108308003291;2;61.90673155;Train
108308003291;3;61.90673155;Train
108308003291;4;61.90673155;Train
108308003295;1;49.91235274;Train
108308003295;2;49.91235274;Train
108308003295;3;49.91235274;Train
108308003295;4;49.91235274;Train
108308003297;1;46.64431076;Train
108308003297;2;46.64431076;Train
108308003297;3;46.64431076;Train
108308003297;4;46.64431076;Train
108308003299;1;39.76160474;Train
108308003299;2;39.76160474;Train
108308003299;3;39.76160474;Train
108308003299;4;39.76160474;Train
108308003301;1;41.9641301;Train
108308003301;2;41.9641301;Train
108308003301;3;41.9641301;Train
108308003301;4;41.9641301;Train
108308003303;1;14.44447831;Train
108308003303;2;14.44447831;Train
108308003303;3;14.44447831;Train
108308003303;4;14.44447831;Train
108308003307;1;47.93818156;Train
108308003307;2;47.93818156;Train
108308003307;3;47.93818156;Train
108308003307;4;47.93818156;Train
108308003311;1;50.45508856;Train
108308003311;2;50.45508856;Train
108308003311;3;50.45508856;Train
108308003311;4;50.45508856;Train
108308003313;1;49.00394783;Train
108308003313;2;49.00394783;Train
108308003313;3;49.00394783;Train
108308003313;4;49.00394783;Train
108308003315;1;23.87830931;Train
108308003315;2;23.87830931;Train
108308003315;3;23.87830931;Train
108308003315;4;23.87830931;Train
108308003317;1;43.77189678;Train
108308003317;2;43.77189678;Train
108308003317;3;43.77189678;Train
108308003317;4;43.77189678;Train
108308003321;1;42.99915191;Train
108308003321;2;42.99915191;Train
108308003321;3;42.99915191;Train
108308003321;4;42.99915191;Train
108308003327;1;74.60153262;Train
108308003327;2;74.60153262;Train
108308003327;3;74.60153262;Train
108308003327;4;74.60153262;Train
108308003329;1;76.89395512;Train
108308003329;2;76.89395512;Train
108308003329;3;76.89395512;Train
108308003329;4;76.89395512;Train
108308003333;1;58.1163706;Train
108308003333;2;58.1163706;Train
108308003333;3;58.1163706;Train
108308003333;4;58.1163706;Train
108308003335;1;47.76222311;Train
108308003335;2;47.76222311;Train
108308003335;3;47.76222311;Train
108308003335;4;47.76222311;Train
108308003337;1;69.53079741;Train
108308003337;2;69.53079741;Train
108308003337;3;69.53079741;Train
108308003337;4;69.53079741;Train
108308003339;1;69.25070112;Train
108308003339;2;69.25070112;Train
108308003339;3;69.25070112;Train
108308003339;4;69.25070112;Train
108308003343;1;81.38015797;Train
108308003343;2;81.38015797;Train
108308003343;3;81.38015797;Train
108308003343;4;81.38015797;Train
108308003345;1;63.26577646;Train
108308003345;2;63.26577646;Train
108308003345;3;63.26577646;Train
108308003345;4;63.26577646;Train
108308003347;1;20.20904673;Train
108308003347;2;20.20904673;Train
108308003347;3;20.20904673;Train
108308003347;4;20.20904673;Train
108308003349;1;46.01638377;Train
108308003349;2;46.01638377;Train
108308003349;3;46.01638377;Train
108308003349;4;46.01638377;Train
108308003351;1;16.03254708;Train
108308003351;2;16.03254708;Train
108308003351;3;16.03254708;Train
108308003351;4;16.03254708;Train
108308003353;1;70.46216292;Train
108308003353;2;70.46216292;Train
108308003353;3;70.46216292;Train
108308003353;4;70.46216292;Train
108308003355;1;80.8402787;Train
108308003355;2;80.8402787;Train
108308003355;3;80.8402787;Train
108308003355;4;80.8402787;Train
108308003357;1;39.91097905;Train
108308003357;2;39.91097905;Train
108308003357;3;39.91097905;Train
108308003357;4;39.91097905;Train
108308003361;1;66.94214876;Train
108308003361;2;66.94214876;Train
108308003361;3;66.94214876;Train
108308003361;4;66.94214876;Train
108308003365;1;63.86834001;Train
108308003365;2;63.86834001;Train
108308003365;3;63.86834001;Train
108308003365;4;63.86834001;Train
108308003369;1;51.72318343;Train
108308003369;2;51.72318343;Train
108308003369;3;51.72318343;Train
108308003369;4;51.72318343;Train
108308003371;1;55.18774414;Train
108308003371;2;55.18774414;Train
108308003371;3;55.18774414;Train
108308003371;4;55.18774414;Train
108308003373;1;20.23928248;Train
108308003373;2;20.23928248;Train
108308003373;3;20.23928248;Train
108308003373;4;20.23928248;Train
108308003375;1;50.84941804;Train
108308003375;2;50.84941804;Train
108308003375;3;50.84941804;Train
108308003375;4;50.84941804;Train
108308003377;1;64.63871454;Train
108308003377;2;64.63871454;Train
108308003377;3;64.63871454;Train
108308003377;4;64.63871454;Train
108308003379;1;10.24032685;Train
108308003379;2;10.24032685;Train
108308003379;3;10.24032685;Train
108308003379;4;10.24032685;Train
108308003383;1;25.45401862;Train
108308003383;2;25.45401862;Train
108308003383;3;25.45401862;Train
108308003383;4;25.45401862;Train
108308003385;1;8.019871178;Train
108308003385;2;8.019871178;Train
108308003385;3;8.019871178;Train
108308003385;4;8.019871178;Train
108308003387;1;54.66776327;Train
108308003387;2;54.66776327;Train
108308003387;3;54.66776327;Train
108308003387;4;54.66776327;Train
108308003389;1;61.41187203;Train
108308003389;2;61.41187203;Train
108308003389;3;61.41187203;Train
108308003389;4;61.41187203;Train
108308003391;1;19.36780811;Train
108308003391;2;19.36780811;Train
108308003391;3;19.36780811;Train
108308003391;4;19.36780811;Train
108308003393;1;-0.028823709;Train
108308003393;2;-0.028823709;Train
108308003393;3;-0.028823709;Train
108308003393;4;-0.028823709;Train
108308003397;1;24.82731944;Train
108308003397;2;24.82731944;Train
108308003397;3;24.82731944;Train
108308003397;4;24.82731944;Train
108308003401;1;65.40569107;Train
108308003401;2;65.40569107;Train
108308003401;3;65.40569107;Train
108308003401;4;65.40569107;Train
108308003403;1;29.6122584;Train
108308003403;2;29.6122584;Train
108308003403;3;29.6122584;Train
108308003403;4;29.6122584;Train
108308003405;1;36.51157672;Train
108308003405;2;36.51157672;Train
108308003405;3;36.51157672;Train
108308003405;4;36.51157672;Train
108308003409;1;43.89274906;Train
108308003409;2;43.89274906;Train
108308003409;3;43.89274906;Train
108308003409;4;43.89274906;Train
108308003415;1;45.78947276;Train
108308003415;2;45.78947276;Train
108308003415;3;45.78947276;Train
108308003415;4;45.78947276;Train
108308003417;1;42.47970339;Train
108308003417;2;42.47970339;Train
108308003417;3;42.47970339;Train
108308003417;4;42.47970339;Train
108308003423;1;35.80335612;Train
108308003423;2;35.80335612;Train
108308003423;3;35.80335612;Train
108308003423;4;35.80335612;Train
108308003425;1;2.338920309;Train
108308003425;2;2.338920309;Train
108308003425;3;2.338920309;Train
108308003425;4;2.338920309;Train
108308003427;1;38.48992747;Train
108308003427;2;38.48992747;Train
108308003427;3;38.48992747;Train
108308003427;4;38.48992747;Train
108308003431;1;59.09338818;Train
108308003431;2;59.09338818;Train
108308003431;3;59.09338818;Train
108308003431;4;59.09338818;Train
108308003433;1;19.22511822;Train
108308003433;2;19.22511822;Train
108308003433;3;19.22511822;Train
108308003433;4;19.22511822;Train
108308003435;1;72.18575813;Train
108308003435;2;72.18575813;Train
108308003435;3;72.18575813;Train
108308003435;4;72.18575813;Train
108308003437;1;62.01064416;Train
108308003437;2;62.01064416;Train
108308003437;3;62.01064416;Train
108308003437;4;62.01064416;Train
108308003439;1;59.92555921;Train
108308003439;2;59.92555921;Train
108308003439;3;59.92555921;Train
108308003439;4;59.92555921;Train
108308003443;1;44.36840289;Train
108308003443;2;44.36840289;Train
108308003443;3;44.36840289;Train
108308003443;4;44.36840289;Train
108308003445;1;39.68400933;Train
108308003445;2;39.68400933;Train
108308003445;3;39.68400933;Train
108308003445;4;39.68400933;Train
108308003447;1;57.46894794;Train
108308003447;2;57.46894794;Train
108308003447;3;57.46894794;Train
108308003447;4;57.46894794;Train
108308003449;1;51.87387467;Train
108308003449;2;51.87387467;Train
108308003449;3;51.87387467;Train
108308003449;4;51.87387467;Train
108308003451;1;53.71172995;Train
108308003451;2;53.71172995;Train
108308003451;3;53.71172995;Train
108308003451;4;53.71172995;Train
108308003453;1;60.92729393;Train
108308003453;2;60.92729393;Train
108308003453;3;60.92729393;Train
108308003453;4;60.92729393;Train
108308003457;1;42.05868578;Train
108308003457;2;42.05868578;Train
108308003457;3;42.05868578;Train
108308003457;4;42.05868578;Train
108308003459;1;40.22741671;Train
108308003459;2;40.22741671;Train
108308003459;3;40.22741671;Train
108308003459;4;40.22741671;Train
108308003461;1;44.26614713;Train
108308003461;2;44.26614713;Train
108308003461;3;44.26614713;Train
108308003461;4;44.26614713;Train
108308003463;1;34.21138431;Train
108308003463;2;34.21138431;Train
108308003463;3;34.21138431;Train
108308003463;4;34.21138431;Train
108308003465;1;81.55331265;Train
108308003465;2;81.55331265;Train
108308003465;3;81.55331265;Train
108308003465;4;81.55331265;Train
108308003469;1;51.7094197;Train
108308003469;2;51.7094197;Train
108308003469;3;51.7094197;Train
108308003469;4;51.7094197;Train
108308003473;1;34.30369363;Train
108308003473;2;34.30369363;Train
108308003473;3;34.30369363;Train
108308003473;4;34.30369363;Train
108308003475;1;27.07629692;Train
108308003475;2;27.07629692;Train
108308003475;3;27.07629692;Train
108308003475;4;27.07629692;Train
108308003477;1;51.02352032;Train
108308003477;2;51.02352032;Train
108308003477;3;51.02352032;Train
108308003477;4;51.02352032;Train
108308003479;1;39.46409497;Train
108308003479;2;39.46409497;Train
108308003479;3;39.46409497;Train
108308003479;4;39.46409497;Train
108308003481;1;56.83147901;Train
108308003481;2;56.83147901;Train
108308003481;3;56.83147901;Train
108308003481;4;56.83147901;Train
108308003483;1;58.77179678;Train
108308003483;2;58.77179678;Train
108308003483;3;58.77179678;Train
108308003483;4;58.77179678;Train
108308003485;1;63.99270304;Train
108308003485;2;63.99270304;Train
108308003485;3;63.99270304;Train
108308003485;4;63.99270304;Train
108308003487;1;69.30324016;Train
108308003487;2;69.30324016;Train
108308003487;3;69.30324016;Train
108308003487;4;69.30324016;Train
108308003489;1;0.253382776;Train
108308003489;2;0.253382776;Train
108308003489;3;0.253382776;Train
108308003489;4;0.253382776;Train
108308003493;1;30.72862111;Train
108308003493;2;30.72862111;Train
108308003493;3;30.72862111;Train
108308003493;4;30.72862111;Train
108308003495;1;62.25970782;Train
108308003495;2;62.25970782;Train
108308003495;3;62.25970782;Train
108308003495;4;62.25970782;Train
108308003499;1;68.76844661;Train
108308003499;2;68.76844661;Train
108308003499;3;68.76844661;Train
108308003499;4;68.76844661;Train
108308003501;1;70.70571386;Train
108308003501;2;70.70571386;Train
108308003501;3;70.70571386;Train
108308003501;4;70.70571386;Train
108308003503;1;62.08232648;Train
108308003503;2;62.08232648;Train
108308003503;3;62.08232648;Train
108308003503;4;62.08232648;Train
108308003505;1;47.63771358;Train
108308003505;2;47.63771358;Train
108308003505;3;47.63771358;Train
108308003505;4;47.63771358;Train
108308003514;1;55.34620978;Train
108308003514;2;55.34620978;Train
108308003514;3;55.34620978;Train
108308003514;4;55.34620978;Train
108308003519;1;69.83551096;Train
108308003519;2;69.83551096;Train
108308003519;3;69.83551096;Train
108308003519;4;69.83551096;Train
108308003523;1;31.69190518;Train
108308003523;2;31.69190518;Train
108308003523;3;31.69190518;Train
108308003523;4;31.69190518;Train
108308003525;1;53.10163633;Train
108308003525;2;53.10163633;Train
108308003525;3;53.10163633;Train
108308003525;4;53.10163633;Train
108308003527;1;36.23785793;Train
108308003527;2;36.23785793;Train
108308003527;3;36.23785793;Train
108308003527;4;36.23785793;Train
108308003529;1;0.848038074;Train
108308003529;2;0.848038074;Train
108308003529;3;0.848038074;Train
108308003529;4;0.848038074;Train
108308003531;1;63.17877775;Train
108308003531;2;63.17877775;Train
108308003531;3;63.17877775;Train
108308003531;4;63.17877775;Train
108308003537;1;66.28782456;Train
108308003537;2;66.28782456;Train
108308003537;3;66.28782456;Train
108308003537;4;66.28782456;Train
108308003545;1;19.96219542;Train
108308003545;2;19.96219542;Train
108308003545;3;19.96219542;Train
108308003545;4;19.96219542;Train
108308003547;1;26.38279267;Train
108308003547;2;26.38279267;Train
108308003547;3;26.38279267;Train
108308003547;4;26.38279267;Train
108308003555;1;4.214535685;Train
108308003555;2;4.214535685;Train
108308003555;3;4.214535685;Train
108308003555;4;4.214535685;Train
108308003559;1;16.66970759;Train
108308003559;2;16.66970759;Train
108308003559;3;16.66970759;Train
108308003559;4;16.66970759;Train
108308003563;1;35.64253725;Train
108308003563;2;35.64253725;Train
108308003563;3;35.64253725;Train
108308003563;4;35.64253725;Train
108308003565;1;11.75049665;Train
108308003565;2;11.75049665;Train
108308003565;3;11.75049665;Train
108308003565;4;11.75049665;Train
108308003567;1;39.69054888;Train
108308003567;2;39.69054888;Train
108308003567;3;39.69054888;Train
108308003567;4;39.69054888;Train
108308003569;1;34.99600536;Train
108308003569;2;34.99600536;Train
108308003569;3;34.99600536;Train
108308003569;4;34.99600536;Train
108308003571;1;18.19369665;Train
108308003571;2;18.19369665;Train
108308003571;3;18.19369665;Train
108308003571;4;18.19369665;Train
108308003573;1;14.60005262;Train
108308003573;2;14.60005262;Train
108308003573;3;14.60005262;Train
108308003573;4;14.60005262;Train
108308003575;1;41.33329219;Train
108308003575;2;41.33329219;Train
108308003575;3;41.33329219;Train
108308003575;4;41.33329219;Train
108308003579;1;70.34122908;Train
108308003579;2;70.34122908;Train
108308003579;3;70.34122908;Train
108308003579;4;70.34122908;Train
108308003583;1;3.771484509;Train
108308003583;2;3.771484509;Train
108308003583;3;3.771484509;Train
108308003583;4;3.771484509;Train
108308003587;1;67.36419908;Train
108308003587;2;67.36419908;Train
108308003587;3;67.36419908;Train
108308003587;4;67.36419908;Train
108308003589;1;43.70252641;Train
108308003589;2;43.70252641;Train
108308003589;3;43.70252641;Train
108308003589;4;43.70252641;Train
108308003593;1;5.112079986;Train
108308003593;2;5.112079986;Train
108308003593;3;5.112079986;Train
108308003593;4;5.112079986;Train
108308003597;1;69.01774774;Train
108308003597;2;69.01774774;Train
108308003597;3;69.01774774;Train
108308003597;4;69.01774774;Train
108308003599;1;48.98350718;Train
108308003599;2;48.98350718;Train
108308003599;3;48.98350718;Train
108308003599;4;48.98350718;Train
108308003603;1;50.06624091;Train
108308003603;2;50.06624091;Train
108308003603;3;50.06624091;Train
108308003603;4;50.06624091;Train
108308003605;1;64.20898031;Train
108308003605;2;64.20898031;Train
108308003605;3;64.20898031;Train
108308003605;4;64.20898031;Train
108308003609;1;56.35192003;Train
108308003609;2;56.35192003;Train
108308003609;3;56.35192003;Train
108308003609;4;56.35192003;Train
108308003613;1;10.39843987;Train
108308003613;2;10.39843987;Train
108308003613;3;10.39843987;Train
108308003613;4;10.39843987;Train
108308003617;1;22.97575991;Train
108308003617;2;22.97575991;Train
108308003617;3;22.97575991;Train
108308003617;4;22.97575991;Train
108308003619;1;12.12142131;Train
108308003619;2;12.12142131;Train
108308003619;3;12.12142131;Train
108308003619;4;12.12142131;Train
108308003623;1;67.47351853;Train
108308003623;2;67.47351853;Train
108308003623;3;67.47351853;Train
108308003623;4;67.47351853;Train
108308003625;1;55.4843862;Train
108308003625;2;55.4843862;Train
108308003625;3;55.4843862;Train
108308003625;4;55.4843862;Train
108308003631;1;39.11506863;Train
108308003631;2;39.11506863;Train
108308003631;3;39.11506863;Train
108308003631;4;39.11506863;Train
108308003633;1;32.37291868;Train
108308003633;2;32.37291868;Train
108308003633;3;32.37291868;Train
108308003633;4;32.37291868;Train
108308003637;1;45.55059565;Train
108308003637;2;45.55059565;Train
108308003637;3;45.55059565;Train
108308003637;4;45.55059565;Train
108308003639;1;76.53650809;Train
108308003639;2;76.53650809;Train
108308003639;3;76.53650809;Train
108308003639;4;76.53650809;Train
108308003641;1;68.85638007;Train
108308003641;2;68.85638007;Train
108308003641;3;68.85638007;Train
108308003641;4;68.85638007;Train
108308003643;1;28.29073066;Train
108308003643;2;28.29073066;Train
108308003643;3;28.29073066;Train
108308003643;4;28.29073066;Train
108308004475;1;0;Train
108308004475;2;0;Train
108308004475;3;0;Train
108308004475;4;0;Train
108308004368;1;39.29073318;Train
108308004368;2;39.29073318;Train
108308004368;3;39.29073318;Train
108308004368;4;39.29073318;Train
108308004370;1;31.63498862;Train
108308004370;2;31.63498862;Train
108308004370;3;31.63498862;Train
108308004370;4;31.63498862;Train
108308004372;1;46.19613697;Train
108308004372;2;46.19613697;Train
108308004372;3;46.19613697;Train
108308004372;4;46.19613697;Train
108308004376;1;43.39995732;Train
108308004376;2;43.39995732;Train
108308004376;3;43.39995732;Train
108308004376;4;43.39995732;Train
108308004380;1;49.20041188;Train
108308004380;2;49.20041188;Train
108308004380;3;49.20041188;Train
108308004380;4;49.20041188;Train
108308004384;1;63.93916981;Train
108308004384;2;63.93916981;Train
108308004384;3;63.93916981;Train
108308004384;4;63.93916981;Train
108308004386;1;60.16565364;Train
108308004386;2;60.16565364;Train
108308004386;3;60.16565364;Train
108308004386;4;60.16565364;Train
108308004388;1;64.82404959;Train
108308004388;2;64.82404959;Train
108308004388;3;64.82404959;Train
108308004388;4;64.82404959;Train
108308004390;1;57.93051104;Train
108308004390;2;57.93051104;Train
108308004390;3;57.93051104;Train
108308004390;4;57.93051104;Train
108308004394;1;28.42865949;Train
108308004394;2;28.42865949;Train
108308004394;3;28.42865949;Train
108308004394;4;28.42865949;Train
108308004396;1;29.66737074;Train
108308004396;2;29.66737074;Train
108308004396;3;29.66737074;Train
108308004396;4;29.66737074;Train
108308004398;1;31.22826053;Train
108308004398;2;31.22826053;Train
108308004398;3;31.22826053;Train
108308004398;4;31.22826053;Train
108308004406;1;24.49459797;Train
108308004406;2;24.49459797;Train
108308004406;3;24.49459797;Train
108308004406;4;24.49459797;Train
108308004408;1;46.14714672;Train
108308004408;2;46.14714672;Train
108308004408;3;46.14714672;Train
108308004408;4;46.14714672;Train
108308004412;1;52.0488147;Train
108308004412;2;52.0488147;Train
108308004412;3;52.0488147;Train
108308004412;4;52.0488147;Train
108308004414;1;50.84891489;Train
108308004414;2;50.84891489;Train
108308004414;3;50.84891489;Train
108308004414;4;50.84891489;Train
108308004416;1;45.62332547;Train
108308004416;2;45.62332547;Train
108308004416;3;45.62332547;Train
108308004416;4;45.62332547;Train
108308004418;1;63.08746406;Train
108308004418;2;63.08746406;Train
108308004418;3;63.08746406;Train
108308004418;4;63.08746406;Train
108308004422;1;54.92152563;Train
108308004422;2;54.92152563;Train
108308004422;3;54.92152563;Train
108308004422;4;54.92152563;Train
108308004424;1;59.63034015;Train
108308004424;2;59.63034015;Train
108308004424;3;59.63034015;Train
108308004424;4;59.63034015;Train
108308004426;1;58.31948145;Train
108308004426;2;58.31948145;Train
108308004426;3;58.31948145;Train
108308004426;4;58.31948145;Train
108308004430;1;49.14039371;Train
108308004430;2;49.14039371;Train
108308004430;3;49.14039371;Train
108308004430;4;49.14039371;Train
108308004432;1;49.91536782;Train
108308004432;2;49.91536782;Train
108308004432;3;49.91536782;Train
108308004432;4;49.91536782;Train
108308004434;1;58.76050825;Train
108308004434;2;58.76050825;Train
108308004434;3;58.76050825;Train
108308004434;4;58.76050825;Train
108308004436;1;39.69246772;Train
108308004436;2;39.69246772;Train
108308004436;3;39.69246772;Train
108308004436;4;39.69246772;Train
108308004437;1;59.28084484;Train
108308004437;2;59.28084484;Train
108308004437;3;59.28084484;Train
108308004437;4;59.28084484;Train
108308004437;5;59.28084484;Train
108308004437;6;59.28084484;Train
108308004437;7;59.28084484;Train
108308004437;8;59.28084484;Train
108308004439;1;50.48879258;Train
108308004439;2;50.48879258;Train
108308004439;3;50.48879258;Train
108308004439;4;50.48879258;Train
108308004441;1;50.67004559;Train
108308004441;2;50.67004559;Train
108308004441;3;50.67004559;Train
108308004441;4;50.67004559;Train
108308004443;1;50.47171064;Train
108308004443;2;50.47171064;Train
108308004443;3;50.47171064;Train
108308004443;4;50.47171064;Train
108308004443;5;50.47171064;Train
108308004443;6;50.47171064;Train
108308004443;7;50.47171064;Train
108308004443;8;50.47171064;Train
108308004445;1;39.87476603;Train
108308004445;2;39.87476603;Train
108308004445;3;39.87476603;Train
108308004445;4;39.87476603;Train
108308004447;1;44.15730604;Train
108308004447;2;44.15730604;Train
108308004447;3;44.15730604;Train
108308004447;4;44.15730604;Train
108308004449;1;47.37963496;Train
108308004449;2;47.37963496;Train
108308004449;3;47.37963496;Train
108308004449;4;47.37963496;Train
108308004451;1;46.74957438;Train
108308004451;2;46.74957438;Train
108308004451;3;46.74957438;Train
108308004451;4;46.74957438;Train
108308004453;1;29.53150473;Train
108308004453;2;29.53150473;Train
108308004453;3;29.53150473;Train
108308004453;4;29.53150473;Train
108308004455;1;41.39754574;Train
108308004455;2;41.39754574;Train
108308004455;3;41.39754574;Train
108308004455;4;41.39754574;Train
108308004457;1;47.20400979;Train
108308004457;2;47.20400979;Train
108308004457;3;47.20400979;Train
108308004457;4;47.20400979;Train
108308004459;1;50.01555029;Train
108308004459;2;50.01555029;Train
108308004459;3;50.01555029;Train
108308004459;4;50.01555029;Train
108308004461;1;54.53579749;Train
108308004461;2;54.53579749;Train
108308004461;3;54.53579749;Train
108308004461;4;54.53579749;Train
108308004463;1;63.02473057;Train
108308004463;2;63.02473057;Train
108308004463;3;63.02473057;Train
108308004463;4;63.02473057;Train
108308004465;1;36.91370527;Train
108308004465;2;36.91370527;Train
108308004465;3;36.91370527;Train
108308004465;4;36.91370527;Train
108308004467;1;51.83251748;Train
108308004467;2;51.83251748;Train
108308004467;3;51.83251748;Train
108308004467;4;51.83251748;Train
108308004469;1;55.49686966;Train
108308004469;2;55.49686966;Train
108308004469;3;55.49686966;Train
108308004469;4;55.49686966;Train
108308004471;1;56.03530571;Train
108308004471;2;56.03530571;Train
108308004471;3;56.03530571;Train
108308004471;4;56.03530571;Train
108308004471;5;56.03530571;Train
108308004471;6;56.03530571;Train
108308004471;7;56.03530571;Train
108308004471;8;56.03530571;Train
108308004473;1;52.36160625;Train
108308004473;2;52.36160625;Train
108308004473;3;52.36160625;Train
108308004473;4;52.36160625;Train
108308004477;1;46.99397836;Train
108308004477;2;46.99397836;Train
108308004477;3;46.99397836;Train
108308004477;4;46.99397836;Train
108308004479;1;56.19288633;Train
108308004479;2;56.19288633;Train
108308004479;3;56.19288633;Train
108308004479;4;56.19288633;Train
108308004483;1;48.7900248;Train
108308004483;2;48.7900248;Train
108308004483;3;48.7900248;Train
108308004483;4;48.7900248;Train
108308004485;1;48.32665617;Train
108308004485;2;48.32665617;Train
108308004485;3;48.32665617;Train
108308004485;4;48.32665617;Train
108308004487;1;0;Train
108308004487;2;0;Train
108308004487;3;0;Train
108308004487;4;0;Train
108308004487;5;0;Train
108308004487;6;0;Train
108308004487;7;0;Train
108308004487;8;0;Train
108308004489;1;67.68227336;Train
108308004489;2;67.68227336;Train
108308004489;3;67.68227336;Train
108308004489;4;67.68227336;Train
108308004491;1;64.56578579;Train
108308004491;2;64.56578579;Train
108308004491;3;64.56578579;Train
108308004491;4;64.56578579;Train
108308004493;1;48.21462547;Train
108308004493;2;48.21462547;Train
108308004493;3;48.21462547;Train
108308004493;4;48.21462547;Train
108308004495;1;70.82468249;Train
108308004495;2;70.82468249;Train
108308004495;3;70.82468249;Train
108308004495;4;70.82468249;Train
108308004497;1;65.52741328;Train
108308004497;2;65.52741328;Train
108308004497;3;65.52741328;Train
108308004497;4;65.52741328;Train
108308004499;1;56.25516073;Train
108308004499;2;56.25516073;Train
108308004499;3;56.25516073;Train
108308004499;4;56.25516073;Train
108308004505;1;44.81897813;Train
108308004505;2;44.81897813;Train
108308004505;3;44.81897813;Train
108308004505;4;44.81897813;Train
108308004507;1;51.57067614;Train
108308004507;2;51.57067614;Train
108308004507;3;51.57067614;Train
108308004507;4;51.57067614;Train
108308004509;1;23.19863644;Train
108308004509;2;23.19863644;Train
108308004509;3;23.19863644;Train
108308004509;4;23.19863644;Train
108308004511;1;18.6736673;Train
108308004511;2;18.6736673;Train
108308004511;3;18.6736673;Train
108308004511;4;18.6736673;Train
108308004515;1;4.372807518;Train
108308004515;2;4.372807518;Train
108308004515;3;4.372807518;Train
108308004515;4;4.372807518;Train
108308004516;1;47.75682254;Train
108308004516;2;47.75682254;Train
108308004516;3;47.75682254;Train
108308004516;4;47.75682254;Train
108308004522;1;61.02773597;Train
108308004522;2;61.02773597;Train
108308004522;3;61.02773597;Train
108308004522;4;61.02773597;Train
108308004524;1;35.12753696;Train
108308004524;2;35.12753696;Train
108308004524;3;35.12753696;Train
108308004524;4;35.12753696;Train
108308004530;1;16.00480559;Train
108308004530;2;16.00480559;Train
108308004530;3;16.00480559;Train
108308004530;4;16.00480559;Train
108308004530;5;16.00480559;Train
108308004530;6;16.00480559;Train
108308004530;7;16.00480559;Train
108308004530;8;16.00480559;Train
108308004532;1;5.756897736;Train
108308004532;2;5.756897736;Train
108308004532;3;5.756897736;Train
108308004532;4;5.756897736;Train
108308004534;1;6.34625383;Train
108308004534;2;6.34625383;Train
108308004534;3;6.34625383;Train
108308004534;4;6.34625383;Train
108308004536;1;60.34770149;Train
108308004536;2;60.34770149;Train
108308004536;3;60.34770149;Train
108308004536;4;60.34770149;Train
108308004536;5;60.34770149;Train
108308004536;6;60.34770149;Train
108308004536;7;60.34770149;Train
108308004536;8;60.34770149;Train
108308004538;1;61.20043358;Train
108308004538;2;61.20043358;Train
108308004538;3;61.20043358;Train
108308004538;4;61.20043358;Train
108308004540;1;45.16675194;Train
108308004540;2;45.16675194;Train
108308004540;3;45.16675194;Train
108308004540;4;45.16675194;Train
108308004542;1;57.11129486;Train
108308004542;2;57.11129486;Train
108308004542;3;57.11129486;Train
108308004542;4;57.11129486;Train
108308004544;1;33.93695878;Train
108308004544;2;33.93695878;Train
108308004544;3;33.93695878;Train
108308004544;4;33.93695878;Train
108308004546;1;52.16773616;Train
108308004546;2;52.16773616;Train
108308004546;3;52.16773616;Train
108308004546;4;52.16773616;Train
108308004548;1;21.4877863;Train
108308004548;2;21.4877863;Train
108308004548;3;21.4877863;Train
108308004548;4;21.4877863;Train
108308004550;1;52.37267856;Train
108308004550;2;52.37267856;Train
108308004550;3;52.37267856;Train
108308004550;4;52.37267856;Train
108308004552;1;49.64158565;Train
108308004552;2;49.64158565;Train
108308004552;3;49.64158565;Train
108308004552;4;49.64158565;Train
108308004552;5;49.64158565;Train
108308004552;6;49.64158565;Train
108308004552;7;49.64158565;Train
108308004552;8;49.64158565;Train
108308004554;1;51.00512828;Train
108308004554;2;51.00512828;Train
108308004554;3;51.00512828;Train
108308004554;4;51.00512828;Train
108308004556;1;76.88879209;Train
108308004556;2;76.88879209;Train
108308004556;3;76.88879209;Train
108308004556;4;76.88879209;Train
108308004557;1;64.64865755;Train
108308004557;2;64.64865755;Train
108308004557;3;64.64865755;Train
108308004557;4;64.64865755;Train
108308004559;1;49.92783442;Train
108308004559;2;49.92783442;Train
108308004559;3;49.92783442;Train
108308004559;4;49.92783442;Train
108308004561;1;62.19540715;Train
108308004561;2;62.19540715;Train
108308004561;3;62.19540715;Train
108308004561;4;62.19540715;Train
108308004563;1;40.07801442;Train
108308004563;2;40.07801442;Train
108308004563;3;40.07801442;Train
108308004563;4;40.07801442;Train
108308004567;1;27.78818266;Train
108308004567;2;27.78818266;Train
108308004567;3;27.78818266;Train
108308004567;4;27.78818266;Train
108308004569;1;56.94082592;Train
108308004569;2;56.94082592;Train
108308004569;3;56.94082592;Train
108308004569;4;56.94082592;Train
108308004569;5;56.94082592;Train
108308004569;6;56.94082592;Train
108308004569;7;56.94082592;Train
108308004569;8;56.94082592;Train
108308004573;1;24.8232504;Train
108308004573;2;24.8232504;Train
108308004573;3;24.8232504;Train
108308004573;4;24.8232504;Train
108308004575;1;43.63033871;Train
108308004575;2;43.63033871;Train
108308004575;3;43.63033871;Train
108308004575;4;43.63033871;Train
108308004579;1;4.955130291;Train
108308004579;2;4.955130291;Train
108308004579;3;4.955130291;Train
108308004579;4;4.955130291;Train
108308004581;1;0;Train
108308004581;2;0;Train
108308004581;3;0;Train
108308004581;4;0;Train
108308004583;1;48.88039413;Train
108308004583;2;48.88039413;Train
108308004583;3;48.88039413;Train
108308004583;4;48.88039413;Train
108308004583;5;48.88039413;Train
108308004583;6;48.88039413;Train
108308004583;7;48.88039413;Train
108308004583;8;48.88039413;Train
108308004587;1;29.94261078;Train
108308004587;2;29.94261078;Train
108308004587;3;29.94261078;Train
108308004587;4;29.94261078;Train
108308004589;1;0;Train
108308004589;2;0;Train
108308004589;3;0;Train
108308004589;4;0;Train
108308004589;5;0;Train
108308004589;6;0;Train
108308004589;7;0;Train
108308004589;8;0;Train
108308004591;1;0;Train
108308004591;2;0;Train
108308004591;3;0;Train
108308004591;4;0;Train
108308004593;1;51.96269808;Train
108308004593;2;51.96269808;Train
108308004593;3;51.96269808;Train
108308004593;4;51.96269808;Train
108308004595;1;17.37142675;Train
108308004595;2;17.37142675;Train
108308004595;3;17.37142675;Train
108308004595;4;17.37142675;Train
108308004601;1;64.76130086;Train
108308004601;2;64.76130086;Train
108308004601;3;64.76130086;Train
108308004601;4;64.76130086;Train
108308004603;1;54.51578731;Train
108308004603;2;54.51578731;Train
108308004603;3;54.51578731;Train
108308004603;4;54.51578731;Train
108308004607;1;56.80023487;Train
108308004607;2;56.80023487;Train
108308004607;3;56.80023487;Train
108308004607;4;56.80023487;Train
108308004607;5;56.80023487;Train
108308004607;6;56.80023487;Train
108308004607;7;56.80023487;Train
108308004607;8;56.80023487;Train
108308004609;1;50.46359384;Train
108308004609;2;50.46359384;Train
108308004609;3;50.46359384;Train
108308004609;4;50.46359384;Train
108308004611;1;55.05173696;Train
108308004611;2;55.05173696;Train
108308004611;3;55.05173696;Train
108308004611;4;55.05173696;Train
108308004611;5;55.05173696;Train
108308004611;6;55.05173696;Train
108308004611;7;55.05173696;Train
108308004611;8;55.05173696;Train
108308004613;1;77.07282779;Train
108308004613;2;77.07282779;Train
108308004613;3;77.07282779;Train
108308004613;4;77.07282779;Train
108308004617;1;46.90847578;Train
108308004617;2;46.90847578;Train
108308004617;3;46.90847578;Train
108308004617;4;46.90847578;Train
108308004619;1;66.91151939;Train
108308004619;2;66.91151939;Train
108308004619;3;66.91151939;Train
108308004619;4;66.91151939;Train
108308004621;1;60.93051549;Train
108308004621;2;60.93051549;Train
108308004621;3;60.93051549;Train
108308004621;4;60.93051549;Train
108308004623;1;0;Train
108308004623;2;0;Train
108308004623;3;0;Train
108308004623;4;0;Train
108308004627;1;46.52965245;Train
108308004627;2;46.52965245;Train
108308004627;3;46.52965245;Train
108308004627;4;46.52965245;Train
108308004629;1;36.76086794;Train
108308004629;2;36.76086794;Train
108308004629;3;36.76086794;Train
108308004629;4;36.76086794;Train
108308004631;1;56.16220082;Train
108308004631;2;56.16220082;Train
108308004631;3;56.16220082;Train
108308004631;4;56.16220082;Train
108308004633;1;35.77018975;Train
108308004633;2;35.77018975;Train
108308004633;3;35.77018975;Train
108308004633;4;35.77018975;Train
108308004637;1;46.22635685;Train
108308004637;2;46.22635685;Train
108308004637;3;46.22635685;Train
108308004637;4;46.22635685;Train
108308004639;1;55.521644;Train
108308004639;2;55.521644;Train
108308004639;3;55.521644;Train
108308004639;4;55.521644;Train
108308004639;5;55.521644;Train
108308004639;6;55.521644;Train
108308004639;7;55.521644;Train
108308004639;8;55.521644;Train
108308004641;1;4.912235075;Train
108308004641;2;4.912235075;Train
108308004641;3;4.912235075;Train
108308004641;4;4.912235075;Train
108308004643;1;34.75479371;Train
108308004643;2;34.75479371;Train
108308004643;3;34.75479371;Train
108308004643;4;34.75479371;Train
108308004645;1;50.68554623;Train
108308004645;2;50.68554623;Train
108308004645;3;50.68554623;Train
108308004645;4;50.68554623;Train
108308004647;1;2.864568177;Train
108308004647;2;2.864568177;Train
108308004647;3;2.864568177;Train
108308004647;4;2.864568177;Train
108308004649;1;68.57068059;Train
108308004649;2;68.57068059;Train
108308004649;3;68.57068059;Train
108308004649;4;68.57068059;Train
108308004655;1;74.24361333;Train
108308004655;2;74.24361333;Train
108308004655;3;74.24361333;Train
108308004655;4;74.24361333;Train
108308004657;1;10.10390533;Train
108308004657;2;10.10390533;Train
108308004657;3;10.10390533;Train
108308004657;4;10.10390533;Train
108308004659;1;0;Train
108308004659;2;0;Train
108308004659;3;0;Train
108308004659;4;0;Train
108308004661;1;20.99338098;Train
108308004661;2;20.99338098;Train
108308004661;3;20.99338098;Train
108308004661;4;20.99338098;Train
108308004661;5;20.99338098;Train
108308004661;6;20.99338098;Train
108308004661;7;20.99338098;Train
108308004661;8;20.99338098;Train
108308004663;1;63.30069631;Train
108308004663;2;63.30069631;Train
108308004663;3;63.30069631;Train
108308004663;4;63.30069631;Train
108308004669;1;1.375680113;Train
108308004669;2;1.375680113;Train
108308004669;3;1.375680113;Train
108308004669;4;1.375680113;Train
108308004671;1;0;Train
108308004671;2;0;Train
108308004671;3;0;Train
108308004671;4;0;Train
108308004673;1;63.12189825;Train
108308004673;2;63.12189825;Train
108308004673;3;63.12189825;Train
108308004673;4;63.12189825;Train
108308004679;1;0;Train
108308004679;2;0;Train
108308004679;3;0;Train
108308004679;4;0;Train
108308004683;1;46.83543664;Train
108308004683;2;46.83543664;Train
108308004683;3;46.83543664;Train
108308004683;4;46.83543664;Train
108308004685;1;40.25219969;Train
108308004685;2;40.25219969;Train
108308004685;3;40.25219969;Train
108308004685;4;40.25219969;Train
108308004687;1;47.45865574;Train
108308004687;2;47.45865574;Train
108308004687;3;47.45865574;Train
108308004687;4;47.45865574;Train
108308004689;1;54.22325852;Train
108308004689;2;54.22325852;Train
108308004689;3;54.22325852;Train
108308004689;4;54.22325852;Train
108308004689;5;54.22325852;Train
108308004689;6;54.22325852;Train
108308004689;7;54.22325852;Train
108308004689;8;54.22325852;Train
108308004695;1;65.61919267;Train
108308004695;2;65.61919267;Train
108308004695;3;65.61919267;Train
108308004695;4;65.61919267;Train
108308004697;1;76.04558281;Train
108308004697;2;76.04558281;Train
108308004697;3;76.04558281;Train
108308004697;4;76.04558281;Train
108308004699;1;75.04976288;Train
108308004699;2;75.04976288;Train
108308004699;3;75.04976288;Train
108308004699;4;75.04976288;Train
108308004701;1;63.50833219;Train
108308004701;2;63.50833219;Train
108308004701;3;63.50833219;Train
108308004701;4;63.50833219;Train
108308004703;1;29.1528627;Train
108308004703;2;29.1528627;Train
108308004703;3;29.1528627;Train
108308004703;4;29.1528627;Train
108308004705;1;45.86130257;Train
108308004705;2;45.86130257;Train
108308004705;3;45.86130257;Train
108308004705;4;45.86130257;Train
108308004708;1;0;Train
108308004708;2;0;Train
108308004708;3;0;Train
108308004708;4;0;Train
108308004710;1;33.34401092;Train
108308004710;2;33.34401092;Train
108308004710;3;33.34401092;Train
108308004710;4;33.34401092;Train
108308004712;1;44.79902566;Train
108308004712;2;44.79902566;Train
108308004712;3;44.79902566;Train
108308004712;4;44.79902566;Train
108308004714;1;72.03891884;Train
108308004714;2;72.03891884;Train
108308004714;3;72.03891884;Train
108308004714;4;72.03891884;Train
108308004716;1;12.43297957;Train
108308004716;2;12.43297957;Train
108308004716;3;12.43297957;Train
108308004716;4;12.43297957;Train
108308004718;1;55.0284164;Train
108308004718;2;55.0284164;Train
108308004718;3;55.0284164;Train
108308004718;4;55.0284164;Train
108308004720;1;21.81565563;Train
108308004720;2;21.81565563;Train
108308004720;3;21.81565563;Train
108308004720;4;21.81565563;Train
108308004722;1;52.80171245;Train
108308004722;2;52.80171245;Train
108308004722;3;52.80171245;Train
108308004722;4;52.80171245;Train
108308004724;1;39.26529853;Train
108308004724;2;39.26529853;Train
108308004724;3;39.26529853;Train
108308004724;4;39.26529853;Train
108308004726;1;64.83823694;Train
108308004726;2;64.83823694;Train
108308004726;3;64.83823694;Train
108308004726;4;64.83823694;Train
108308004728;1;2.063844281;Train
108308004728;2;2.063844281;Train
108308004728;3;2.063844281;Train
108308004728;4;2.063844281;Train
108308004730;1;1.517287611;Train
108308004730;2;1.517287611;Train
108308004730;3;1.517287611;Train
108308004730;4;1.517287611;Train
108308004732;1;8.27716277;Train
108308004732;2;8.27716277;Train
108308004732;3;8.27716277;Train
108308004732;4;8.27716277;Train
108308004736;1;60.57885839;Train
108308004736;2;60.57885839;Train
108308004736;3;60.57885839;Train
108308004736;4;60.57885839;Train
108308004737;1;52.37025921;Train
108308004737;2;52.37025921;Train
108308004737;3;52.37025921;Train
108308004737;4;52.37025921;Train
108308004739;1;44.89931656;Train
108308004739;2;44.89931656;Train
108308004739;3;44.89931656;Train
108308004739;4;44.89931656;Train
108308004747;1;32.48802171;Train
108308004747;2;32.48802171;Train
108308004747;3;32.48802171;Train
108308004747;4;32.48802171;Train
108308004749;1;34.04988408;Train
108308004749;2;34.04988408;Train
108308004749;3;34.04988408;Train
108308004749;4;34.04988408;Train
108308004751;1;68.14535202;Train
108308004751;2;68.14535202;Train
108308004751;3;68.14535202;Train
108308004751;4;68.14535202;Train
108308004753;1;44.19355671;Train
108308004753;2;44.19355671;Train
108308004753;3;44.19355671;Train
108308004753;4;44.19355671;Train
108308004755;1;59.18547619;Train
108308004755;2;59.18547619;Train
108308004755;3;59.18547619;Train
108308004755;4;59.18547619;Train
108308004757;1;20.89046687;Train
108308004757;2;20.89046687;Train
108308004757;3;20.89046687;Train
108308004757;4;20.89046687;Train
108308004759;1;66.61884943;Train
108308004759;2;66.61884943;Train
108308004759;3;66.61884943;Train
108308004759;4;66.61884943;Train
108308004761;1;0;Train
108308004761;2;0;Train
108308004761;3;0;Train
108308004761;4;0;Train
108308004761;5;0;Train
108308004761;6;0;Train
108308004761;7;0;Train
108308004761;8;0;Train
108308004763;1;75.3693673;Train
108308004763;2;75.3693673;Train
108308004763;3;75.3693673;Train
108308004763;4;75.3693673;Train
108308004763;5;75.3693673;Train
108308004763;6;75.3693673;Train
108308004763;7;75.3693673;Train
108308004763;8;75.3693673;Train
108308004765;1;66.43453697;Train
108308004765;2;66.43453697;Train
108308004765;3;66.43453697;Train
108308004765;4;66.43453697;Train
108308004769;1;50.97694884;Train
108308004769;2;50.97694884;Train
108308004769;3;50.97694884;Train
108308004769;4;50.97694884;Train
108308004771;1;62.43645446;Train
108308004771;2;62.43645446;Train
108308004771;3;62.43645446;Train
108308004771;4;62.43645446;Train
108308004771;5;62.43645446;Train
108308004771;6;62.43645446;Train
108308004771;7;62.43645446;Train
108308004771;8;62.43645446;Train
108308004774;1;15.87954359;Train
108308004774;2;15.87954359;Train
108308004774;3;15.87954359;Train
108308004774;4;15.87954359;Train
108308004776;1;54.55934819;Train
108308004776;2;54.55934819;Train
108308004776;3;54.55934819;Train
108308004776;4;54.55934819;Train
108308004776;5;54.55934819;Train
108308004776;6;54.55934819;Train
108308004776;7;54.55934819;Train
108308004776;8;54.55934819;Train
108308004784;1;52.81235586;Train
108308004784;2;52.81235586;Train
108308004784;3;52.81235586;Train
108308004784;4;52.81235586;Train
108308004788;1;68.87478978;Train
108308004788;2;68.87478978;Train
108308004788;3;68.87478978;Train
108308004788;4;68.87478978;Train
108308004790;1;32.31512197;Train
108308004790;2;32.31512197;Train
108308004790;3;32.31512197;Train
108308004790;4;32.31512197;Train
108308004796;1;59.15285397;Train
108308004796;2;59.15285397;Train
108308004796;3;59.15285397;Train
108308004796;4;59.15285397;Train
108308004798;1;13.53898054;Train
108308004798;2;13.53898054;Train
108308004798;3;13.53898054;Train
108308004798;4;13.53898054;Train
108308004802;1;34.40621537;Train
108308004802;2;34.40621537;Train
108308004802;3;34.40621537;Train
108308004802;4;34.40621537;Train
108308004808;1;49.0451224;Train
108308004808;2;49.0451224;Train
108308004808;3;49.0451224;Train
108308004808;4;49.0451224;Train
108308004814;1;47.08672782;Train
108308004814;2;47.08672782;Train
108308004814;3;47.08672782;Train
108308004814;4;47.08672782;Train
108308004818;1;54.35267709;Train
108308004818;2;54.35267709;Train
108308004818;3;54.35267709;Train
108308004818;4;54.35267709;Train
108308004820;1;41.26353065;Train
108308004820;2;41.26353065;Train
108308004820;3;41.26353065;Train
108308004820;4;41.26353065;Train
108308004822;1;29.05703533;Train
108308004822;2;29.05703533;Train
108308004822;3;29.05703533;Train
108308004822;4;29.05703533;Train
108308004824;1;59.45169895;Train
108308004824;2;59.45169895;Train
108308004824;3;59.45169895;Train
108308004824;4;59.45169895;Train
108308004828;1;48.40883528;Train
108308004828;2;48.40883528;Train
108308004828;3;48.40883528;Train
108308004828;4;48.40883528;Train
108308004832;1;35.71844104;Train
108308004832;2;35.71844104;Train
108308004832;3;35.71844104;Train
108308004832;4;35.71844104;Train
108308004834;1;61.29578352;Train
108308004834;2;61.29578352;Train
108308004834;3;61.29578352;Train
108308004834;4;61.29578352;Train
108308004834;5;61.29578352;Train
108308004834;6;61.29578352;Train
108308004834;7;61.29578352;Train
108308004834;8;61.29578352;Train
108308004840;1;52.61944248;Train
108308004840;2;52.61944248;Train
108308004840;3;52.61944248;Train
108308004840;4;52.61944248;Train
108308004842;1;38.78810056;Train
108308004842;2;38.78810056;Train
108308004842;3;38.78810056;Train
108308004842;4;38.78810056;Train
108308004844;1;41.86397687;Train
108308004844;2;41.86397687;Train
108308004844;3;41.86397687;Train
108308004844;4;41.86397687;Train
108308004848;1;14.54915372;Train
108308004848;2;14.54915372;Train
108308004848;3;14.54915372;Train
108308004848;4;14.54915372;Train
108308004852;1;54.14425458;Train
108308004852;2;54.14425458;Train
108308004852;3;54.14425458;Train
108308004852;4;54.14425458;Train
108308004858;1;44.09170134;Train
108308004858;2;44.09170134;Train
108308004858;3;44.09170134;Train
108308004858;4;44.09170134;Train
108308004859;1;55.20394974;Train
108308004859;2;55.20394974;Train
108308004859;3;55.20394974;Train
108308004859;4;55.20394974;Train
108308004865;1;63.71835504;Train
108308004865;2;63.71835504;Train
108308004865;3;63.71835504;Train
108308004865;4;63.71835504;Train
108308004869;1;58.576033;Train
108308004869;2;58.576033;Train
108308004869;3;58.576033;Train
108308004869;4;58.576033;Train
108308004871;1;85.90372574;Train
108308004871;2;85.90372574;Train
108308004871;3;85.90372574;Train
108308004871;4;85.90372574;Train
108308004873;1;79.29762571;Train
108308004873;2;79.29762571;Train
108308004873;3;79.29762571;Train
108308004873;4;79.29762571;Train
108308004873;5;79.29762571;Train
108308004873;6;79.29762571;Train
108308004873;7;79.29762571;Train
108308004873;8;79.29762571;Train
108308004875;1;66.88803065;Train
108308004875;2;66.88803065;Train
108308004875;3;66.88803065;Train
108308004875;4;66.88803065;Train
108308004877;1;51.92601901;Train
108308004877;2;51.92601901;Train
108308004877;3;51.92601901;Train
108308004877;4;51.92601901;Train
108308004881;1;58.76389781;Train
108308004881;2;58.76389781;Train
108308004881;3;58.76389781;Train
108308004881;4;58.76389781;Train
108308004887;1;78.05341613;Train
108308004887;2;78.05341613;Train
108308004887;3;78.05341613;Train
108308004887;4;78.05341613;Train
108308004887;5;78.05341613;Train
108308004887;6;78.05341613;Train
108308004887;7;78.05341613;Train
108308004887;8;78.05341613;Train
108308004889;1;73.37591491;Train
108308004889;2;73.37591491;Train
108308004889;3;73.37591491;Train
108308004889;4;73.37591491;Train
108308004899;1;10.81135694;Train
108308004899;2;10.81135694;Train
108308004899;3;10.81135694;Train
108308004899;4;10.81135694;Train
108308004901;1;21.15594428;Train
108308004901;2;21.15594428;Train
108308004901;3;21.15594428;Train
108308004901;4;21.15594428;Train
108308004903;1;42.06892562;Train
108308004903;2;42.06892562;Train
108308004903;3;42.06892562;Train
108308004903;4;42.06892562;Train
108308004905;1;48.31635013;Train
108308004905;2;48.31635013;Train
108308004905;3;48.31635013;Train
108308004905;4;48.31635013;Train
108308004906;1;10.99456128;Train
108308004906;2;10.99456128;Train
108308004906;3;10.99456128;Train
108308004906;4;10.99456128;Train
108308004910;1;43.44266054;Train
108308004910;2;43.44266054;Train
108308004910;3;43.44266054;Train
108308004910;4;43.44266054;Train
108308004918;1;7.260440591;Train
108308004918;2;7.260440591;Train
108308004918;3;7.260440591;Train
108308004918;4;7.260440591;Train
108308004919;1;38.47730721;Train
108308004919;2;38.47730721;Train
108308004919;3;38.47730721;Train
108308004919;4;38.47730721;Train
108308004921;1;67.87245768;Train
108308004921;2;67.87245768;Train
108308004921;3;67.87245768;Train
108308004921;4;67.87245768;Train
108308004923;1;55.10610555;Train
108308004923;2;55.10610555;Train
108308004923;3;55.10610555;Train
108308004923;4;55.10610555;Train
108308004925;1;60.45991052;Train
108308004925;2;60.45991052;Train
108308004925;3;60.45991052;Train
108308004925;4;60.45991052;Train
108308004927;1;56.24745806;Train
108308004927;2;56.24745806;Train
108308004927;3;56.24745806;Train
108308004927;4;56.24745806;Train
108308004929;1;46.95753163;Train
108308004929;2;46.95753163;Train
108308004929;3;46.95753163;Train
108308004929;4;46.95753163;Train
108308004935;1;55.74819363;Train
108308004935;2;55.74819363;Train
108308004935;3;55.74819363;Train
108308004935;4;55.74819363;Train
108308004937;1;51.82067108;Train
108308004937;2;51.82067108;Train
108308004937;3;51.82067108;Train
108308004937;4;51.82067108;Train
108308004939;1;63.71999948;Train
108308004939;2;63.71999948;Train
108308004939;3;63.71999948;Train
108308004939;4;63.71999948;Train
108308004939;5;63.71999948;Train
108308004939;6;63.71999948;Train
108308004939;7;63.71999948;Train
108308004939;8;63.71999948;Train
108308004943;1;45.14718811;Train
108308004943;2;45.14718811;Train
108308004943;3;45.14718811;Train
108308004943;4;45.14718811;Train
108308004945;1;42.61720814;Train
108308004945;2;42.61720814;Train
108308004945;3;42.61720814;Train
108308004945;4;42.61720814;Train
108308004947;1;49.45600446;Train
108308004947;2;49.45600446;Train
108308004947;3;49.45600446;Train
108308004947;4;49.45600446;Train
108308004951;1;58.1434968;Train
108308004951;2;58.1434968;Train
108308004951;3;58.1434968;Train
108308004951;4;58.1434968;Train
108308004953;1;48.42604671;Train
108308004953;2;48.42604671;Train
108308004953;3;48.42604671;Train
108308004953;4;48.42604671;Train
108308004955;1;52.91611344;Train
108308004955;2;52.91611344;Train
108308004955;3;52.91611344;Train
108308004955;4;52.91611344;Train
108308004957;1;4.339447442;Train
108308004957;2;4.339447442;Train
108308004957;3;4.339447442;Train
108308004957;4;4.339447442;Train
108308004961;1;50.28943248;Train
108308004961;2;50.28943248;Train
108308004961;3;50.28943248;Train
108308004961;4;50.28943248;Train
108308004962;1;50.97392525;Train
108308004962;2;50.97392525;Train
108308004962;3;50.97392525;Train
108308004962;4;50.97392525;Train
108308004964;1;64.38919512;Train
108308004964;2;64.38919512;Train
108308004964;3;64.38919512;Train
108308004964;4;64.38919512;Train
108308004966;1;53.95235281;Train
108308004966;2;53.95235281;Train
108308004966;3;53.95235281;Train
108308004966;4;53.95235281;Train
108308004968;1;58.2570604;Train
108308004968;2;58.2570604;Train
108308004968;3;58.2570604;Train
108308004968;4;58.2570604;Train
108308004970;1;54.22055374;Train
108308004970;2;54.22055374;Train
108308004970;3;54.22055374;Train
108308004970;4;54.22055374;Train
108308004970;5;54.22055374;Train
108308004970;6;54.22055374;Train
108308004970;7;54.22055374;Train
108308004970;8;54.22055374;Train
108308004972;1;48.56695894;Train
108308004972;2;48.56695894;Train
108308004972;3;48.56695894;Train
108308004972;4;48.56695894;Train
108308004974;1;40.1324307;Train
108308004974;2;40.1324307;Train
108308004974;3;40.1324307;Train
108308004974;4;40.1324307;Train
108308004977;1;63.44010612;Train
108308004977;2;63.44010612;Train
108308004977;3;63.44010612;Train
108308004977;4;63.44010612;Train
108308004979;1;39.79298168;Train
108308004979;2;39.79298168;Train
108308004979;3;39.79298168;Train
108308004979;4;39.79298168;Train
108308004984;1;54.94452788;Train
108308004984;2;54.94452788;Train
108308004984;3;54.94452788;Train
108308004984;4;54.94452788;Train
108308004986;1;56.01815377;Train
108308004986;2;56.01815377;Train
108308004986;3;56.01815377;Train
108308004986;4;56.01815377;Train
108308004990;1;40.75045051;Train
108308004990;2;40.75045051;Train
108308004990;3;40.75045051;Train
108308004990;4;40.75045051;Train
108308004994;1;28.55164375;Train
108308004994;2;28.55164375;Train
108308004994;3;28.55164375;Train
108308004994;4;28.55164375;Train
108308004996;1;46.30183642;Train
108308004996;2;46.30183642;Train
108308004996;3;46.30183642;Train
108308004996;4;46.30183642;Train
108308004996;5;46.30183642;Train
108308004996;6;46.30183642;Train
108308004996;7;46.30183642;Train
108308004996;8;46.30183642;Train
108308005000;1;59.49235241;Train
108308005000;2;59.49235241;Train
108308005000;3;59.49235241;Train
108308005000;4;59.49235241;Train
108308005001;1;3.380994173;Train
108308005001;2;3.380994173;Train
108308005001;3;3.380994173;Train
108308005001;4;3.380994173;Train
108308005002;1;53.7211912;Train
108308005002;2;53.7211912;Train
108308005002;3;53.7211912;Train
108308005002;4;53.7211912;Train
108308005012;1;59.14492708;Train
108308005012;2;59.14492708;Train
108308005012;3;59.14492708;Train
108308005012;4;59.14492708;Train
108308005016;1;26.27223599;Train
108308005016;2;26.27223599;Train
108308005016;3;26.27223599;Train
108308005016;4;26.27223599;Train
108308005018;1;45.14191376;Train
108308005018;2;45.14191376;Train
108308005018;3;45.14191376;Train
108308005018;4;45.14191376;Train
108308005022;1;20.61880608;Train
108308005022;2;20.61880608;Train
108308005022;3;20.61880608;Train
108308005022;4;20.61880608;Train
108308005030;1;50.89851689;Train
108308005030;2;50.89851689;Train
108308005030;3;50.89851689;Train
108308005030;4;50.89851689;Train
108308005034;1;50.98921517;Train
108308005034;2;50.98921517;Train
108308005034;3;50.98921517;Train
108308005034;4;50.98921517;Train
108308005037;1;51.83058838;Train
108308005037;2;51.83058838;Train
108308005037;3;51.83058838;Train
108308005037;4;51.83058838;Train
108308005039;1;57.44569564;Train
108308005039;2;57.44569564;Train
108308005039;3;57.44569564;Train
108308005039;4;57.44569564;Train
108308005042;1;59.56947778;Train
108308005042;2;59.56947778;Train
108308005042;3;59.56947778;Train
108308005042;4;59.56947778;Train
108308005047;1;47.99952444;Train
108308005047;2;47.99952444;Train
108308005047;3;47.99952444;Train
108308005047;4;47.99952444;Train
108308005049;1;0;Train
108308005049;2;0;Train
108308005049;3;0;Train
108308005049;4;0;Train
108308005051;1;63.05945954;Train
108308005051;2;63.05945954;Train
108308005051;3;63.05945954;Train
108308005051;4;63.05945954;Train
108308005053;1;15.08343209;Train
108308005053;2;15.08343209;Train
108308005053;3;15.08343209;Train
108308005053;4;15.08343209;Train
108308005057;1;61.61103928;Train
108308005057;2;61.61103928;Train
108308005057;3;61.61103928;Train
108308005057;4;61.61103928;Train
108308005059;1;0;Train
108308005059;2;0;Train
108308005059;3;0;Train
108308005059;4;0;Train
108308005060;1;2.530827324;Train
108308005060;2;2.530827324;Train
108308005060;3;2.530827324;Train
108308005060;4;2.530827324;Train
108308005062;1;6.834100198;Train
108308005062;2;6.834100198;Train
108308005062;3;6.834100198;Train
108308005062;4;6.834100198;Train
108308005062;5;6.834100198;Train
108308005062;6;6.834100198;Train
108308005062;7;6.834100198;Train
108308005062;8;6.834100198;Train
108308005064;1;0;Train
108308005064;2;0;Train
108308005064;3;0;Train
108308005064;4;0;Train
108308005070;1;43.76821677;Train
108308005070;2;43.76821677;Train
108308005070;3;43.76821677;Train
108308005070;4;43.76821677;Train
108308005072;1;48.25827823;Train
108308005072;2;48.25827823;Train
108308005072;3;48.25827823;Train
108308005072;4;48.25827823;Train
108308005072;5;48.25827823;Train
108308005072;6;48.25827823;Train
108308005072;7;48.25827823;Train
108308005072;8;48.25827823;Train
108308005075;1;0;Train
108308005075;2;0;Train
108308005075;3;0;Train
108308005075;4;0;Train
108308005077;1;43.17771024;Train
108308005077;2;43.17771024;Train
108308005077;3;43.17771024;Train
108308005077;4;43.17771024;Train
108308005078;1;51.63181654;Train
108308005078;2;51.63181654;Train
108308005078;3;51.63181654;Train
108308005078;4;51.63181654;Train
108308005079;1;47.76362501;Train
108308005079;2;47.76362501;Train
108308005079;3;47.76362501;Train
108308005079;4;47.76362501;Train
108308005081;1;36.20125133;Train
108308005081;2;36.20125133;Train
108308005081;3;36.20125133;Train
108308005081;4;36.20125133;Train
108308005083;1;25.97647022;Train
108308005083;2;25.97647022;Train
108308005083;3;25.97647022;Train
108308005083;4;25.97647022;Train
108308005085;1;52.32749443;Train
108308005085;2;52.32749443;Train
108308005085;3;52.32749443;Train
108308005085;4;52.32749443;Train
108308005087;1;45.97696391;Train
108308005087;2;45.97696391;Train
108308005087;3;45.97696391;Train
108308005087;4;45.97696391;Train
108308005089;1;50.28036875;Train
108308005089;2;50.28036875;Train
108308005089;3;50.28036875;Train
108308005089;4;50.28036875;Train
108308005093;1;55.26834755;Train
108308005093;2;55.26834755;Train
108308005093;3;55.26834755;Train
108308005093;4;55.26834755;Train
108308005099;1;38.50350782;Train
108308005099;2;38.50350782;Train
108308005099;3;38.50350782;Train
108308005099;4;38.50350782;Train
108308005101;1;50.19284586;Train
108308005101;2;50.19284586;Train
108308005101;3;50.19284586;Train
108308005101;4;50.19284586;Train
108308005107;1;68.80817333;Train
108308005107;2;68.80817333;Train
108308005107;3;68.80817333;Train
108308005107;4;68.80817333;Train
108308005111;1;0.871835644;Train
108308005111;2;0.871835644;Train
108308005111;3;0.871835644;Train
108308005111;4;0.871835644;Train
108308005113;1;9.648493885;Train
108308005113;2;9.648493885;Train
108308005113;3;9.648493885;Train
108308005113;4;9.648493885;Train
108308005115;1;75.65726373;Train
108308005115;2;75.65726373;Train
108308005115;3;75.65726373;Train
108308005115;4;75.65726373;Train
108308005115;5;75.65726373;Train
108308005115;6;75.65726373;Train
108308005115;7;75.65726373;Train
108308005115;8;75.65726373;Train
108308005117;1;0;Train
108308005117;2;0;Train
108308005117;3;0;Train
108308005117;4;0;Train
108308005122;1;52.35413177;Train
108308005122;2;52.35413177;Train
108308005122;3;52.35413177;Train
108308005122;4;52.35413177;Train
108308005123;1;61.34629196;Train
108308005123;2;61.34629196;Train
108308005123;3;61.34629196;Train
108308005123;4;61.34629196;Train
108308005125;1;71.22866155;Train
108308005125;2;71.22866155;Train
108308005125;3;71.22866155;Train
108308005125;4;71.22866155;Train
108308005126;1;68.16860052;Train
108308005126;2;68.16860052;Train
108308005126;3;68.16860052;Train
108308005126;4;68.16860052;Train
108308005127;1;55.09410965;Train
108308005127;2;55.09410965;Train
108308005127;3;55.09410965;Train
108308005127;4;55.09410965;Train
108308005128;1;69.24615508;Train
108308005128;2;69.24615508;Train
108308005128;3;69.24615508;Train
108308005128;4;69.24615508;Train
108308005129;1;72.86900609;Train
108308005129;2;72.86900609;Train
108308005129;3;72.86900609;Train
108308005129;4;72.86900609;Train
108308005130;1;71.8178217;Train
108308005130;2;71.8178217;Train
108308005130;3;71.8178217;Train
108308005130;4;71.8178217;Train
108308005131;1;67.14355779;Train
108308005131;2;67.14355779;Train
108308005131;3;67.14355779;Train
108308005131;4;67.14355779;Train
108308005132;1;69.25907502;Train
108308005132;2;69.25907502;Train
108308005132;3;69.25907502;Train
108308005132;4;69.25907502;Train
108308005133;1;49.39984784;Train
108308005133;2;49.39984784;Train
108308005133;3;49.39984784;Train
108308005133;4;49.39984784;Train
108308005134;1;60.8390158;Train
108308005134;2;60.8390158;Train
108308005134;3;60.8390158;Train
108308005134;4;60.8390158;Train
108308005135;1;68.60704903;Train
108308005135;2;68.60704903;Train
108308005135;3;68.60704903;Train
108308005135;4;68.60704903;Train
108308005136;1;74.09009246;Train
108308005136;2;74.09009246;Train
108308005136;3;74.09009246;Train
108308005136;4;74.09009246;Train
108308005137;1;64.48430067;Train
108308005137;2;64.48430067;Train
108308005137;3;64.48430067;Train
108308005137;4;64.48430067;Train
108308005138;1;0;Train
108308005138;2;0;Train
108308005138;3;0;Train
108308005138;4;0;Train
108308005139;1;77.8316895;Train
108308005139;2;77.8316895;Train
108308005139;3;77.8316895;Train
108308005139;4;77.8316895;Train
108308005140;1;67.65446705;Train
108308005140;2;67.65446705;Train
108308005140;3;67.65446705;Train
108308005140;4;67.65446705;Train
108308005141;1;62.55336785;Train
108308005141;2;62.55336785;Train
108308005141;3;62.55336785;Train
108308005141;4;62.55336785;Train
108308005141;5;62.55336785;Train
108308005141;6;62.55336785;Train
108308005141;7;62.55336785;Train
108308005141;8;62.55336785;Train
108308005142;1;68.52472405;Train
108308005142;2;68.52472405;Train
108308005142;3;68.52472405;Train
108308005142;4;68.52472405;Train
108308005143;1;66.97443344;Train
108308005143;2;66.97443344;Train
108308005143;3;66.97443344;Train
108308005143;4;66.97443344;Train
108308005144;1;55.79466173;Train
108308005144;2;55.79466173;Train
108308005144;3;55.79466173;Train
108308005144;4;55.79466173;Train
108308005145;1;73.8922306;Train
108308005145;2;73.8922306;Train
108308005145;3;73.8922306;Train
108308005145;4;73.8922306;Train
108308005146;1;58.08542966;Train
108308005146;2;58.08542966;Train
108308005146;3;58.08542966;Train
108308005146;4;58.08542966;Train
108308005147;1;78.68118674;Train
108308005147;2;78.68118674;Train
108308005147;3;78.68118674;Train
108308005147;4;78.68118674;Train
108308005149;1;75.80259585;Train
108308005149;2;75.80259585;Train
108308005149;3;75.80259585;Train
108308005149;4;75.80259585;Train
108308005150;1;89.30756438;Train
108308005150;2;89.30756438;Train
108308005150;3;89.30756438;Train
108308005150;4;89.30756438;Train
108308005151;1;62.44249896;Train
108308005151;2;62.44249896;Train
108308005151;3;62.44249896;Train
108308005151;4;62.44249896;Train
108308005152;1;83.94271753;Train
108308005152;2;83.94271753;Train
108308005152;3;83.94271753;Train
108308005152;4;83.94271753;Train
108308005153;1;62.47254085;Train
108308005153;2;62.47254085;Train
108308005153;3;62.47254085;Train
108308005153;4;62.47254085;Train
108308005153;5;62.47254085;Train
108308005153;6;62.47254085;Train
108308005153;7;62.47254085;Train
108308005153;8;62.47254085;Train
108308005154;1;68.43217863;Train
108308005154;2;68.43217863;Train
108308005154;3;68.43217863;Train
108308005154;4;68.43217863;Train
108308005155;1;66.4455225;Train
108308005155;2;66.4455225;Train
108308005155;3;66.4455225;Train
108308005155;4;66.4455225;Train
108308005157;1;73.32728013;Train
108308005157;2;73.32728013;Train
108308005157;3;73.32728013;Train
108308005157;4;73.32728013;Train
108308005158;1;53.03059022;Train
108308005158;2;53.03059022;Train
108308005158;3;53.03059022;Train
108308005158;4;53.03059022;Train
108308005159;1;31.93917113;Train
108308005159;2;31.93917113;Train
108308005159;3;31.93917113;Train
108308005159;4;31.93917113;Train
108308005160;1;42.64061065;Train
108308005160;2;42.64061065;Train
108308005160;3;42.64061065;Train
108308005160;4;42.64061065;Train
108308005161;1;67.37920412;Train
108308005161;2;67.37920412;Train
108308005161;3;67.37920412;Train
108308005161;4;67.37920412;Train
108308005162;1;62.9896222;Train
108308005162;2;62.9896222;Train
108308005162;3;62.9896222;Train
108308005162;4;62.9896222;Train
108308005163;1;56.20909967;Train
108308005163;2;56.20909967;Train
108308005163;3;56.20909967;Train
108308005163;4;56.20909967;Train
108308005164;1;58.62174351;Train
108308005164;2;58.62174351;Train
108308005164;3;58.62174351;Train
108308005164;4;58.62174351;Train
108308005165;1;64.28766106;Train
108308005165;2;64.28766106;Train
108308005165;3;64.28766106;Train
108308005165;4;64.28766106;Train
108308005166;1;60.01058822;Train
108308005166;2;60.01058822;Train
108308005166;3;60.01058822;Train
108308005166;4;60.01058822;Train
108308005167;1;52.74302818;Train
108308005167;2;52.74302818;Train
108308005167;3;52.74302818;Train
108308005167;4;52.74302818;Train
108308005168;1;48.91117897;Train
108308005168;2;48.91117897;Train
108308005168;3;48.91117897;Train
108308005168;4;48.91117897;Train
108308005170;1;43.94878222;Train
108308005170;2;43.94878222;Train
108308005170;3;43.94878222;Train
108308005170;4;43.94878222;Train
108308005171;1;54.56017709;Train
108308005171;2;54.56017709;Train
108308005171;3;54.56017709;Train
108308005171;4;54.56017709;Train
108308005172;1;41.70199279;Train
108308005172;2;41.70199279;Train
108308005172;3;41.70199279;Train
108308005172;4;41.70199279;Train
108308005173;1;39.93820972;Train
108308005173;2;39.93820972;Train
108308005173;3;39.93820972;Train
108308005173;4;39.93820972;Train
108308005174;1;58.14961155;Train
108308005174;2;58.14961155;Train
108308005174;3;58.14961155;Train
108308005174;4;58.14961155;Train
108308005175;1;57.08742758;Train
108308005175;2;57.08742758;Train
108308005175;3;57.08742758;Train
108308005175;4;57.08742758;Train
108308005175;5;57.08742758;Train
108308005175;6;57.08742758;Train
108308005175;7;57.08742758;Train
108308005175;8;57.08742758;Train
108308005177;1;52.39711039;Train
108308005177;2;52.39711039;Train
108308005177;3;52.39711039;Train
108308005177;4;52.39711039;Train
108308005178;1;59.29373946;Train
108308005178;2;59.29373946;Train
108308005178;3;59.29373946;Train
108308005178;4;59.29373946;Train
108308005179;1;63.67612112;Train
108308005179;2;63.67612112;Train
108308005179;3;63.67612112;Train
108308005179;4;63.67612112;Train
108308005180;1;43.22022586;Train
108308005180;2;43.22022586;Train
108308005180;3;43.22022586;Train
108308005180;4;43.22022586;Train
108308005182;1;59.02956286;Train
108308005182;2;59.02956286;Train
108308005182;3;59.02956286;Train
108308005182;4;59.02956286;Train
108308005183;1;74.89473081;Train
108308005183;2;74.89473081;Train
108308005183;3;74.89473081;Train
108308005183;4;74.89473081;Train
108308005183;5;74.89473081;Train
108308005183;6;74.89473081;Train
108308005183;7;74.89473081;Train
108308005183;8;74.89473081;Train
108308005184;1;51.15506548;Train
108308005184;2;51.15506548;Train
108308005184;3;51.15506548;Train
108308005184;4;51.15506548;Train
108308005184;5;51.15506548;Train
108308005184;6;51.15506548;Train
108308005184;7;51.15506548;Train
108308005184;8;51.15506548;Train
